     1.001180858|729098119||arm_cmn_0/hnf_mc_reqs/|1001668640|100.00||
     1.001180858|5272703||arm_cmn_0/hnf_mc_retries/|1001664520|100.00||
     1.001180858|689359911||arm_cmn_1/hnf_mc_reqs/|1001628680|100.00||
     1.001180858|2809111||arm_cmn_1/hnf_mc_retries/|1001596880|100.00||
     2.002748953|398406482||arm_cmn_0/hnf_mc_reqs/|1001598160|100.00||
     2.002748953|747||arm_cmn_0/hnf_mc_retries/|1001587520|100.00||
     2.002748953|416242322||arm_cmn_1/hnf_mc_reqs/|1001588240|100.00||
     2.002748953|794||arm_cmn_1/hnf_mc_retries/|1001587520|100.00||
     3.004216303|452717991||arm_cmn_0/hnf_mc_reqs/|1001500680|100.00||
     3.004216303|628||arm_cmn_0/hnf_mc_retries/|1001501360|100.00||
     3.004216303|481769028||arm_cmn_1/hnf_mc_reqs/|1001500440|100.00||
     3.004216303|742||arm_cmn_1/hnf_mc_retries/|1001500640|100.00||
     4.005224440|423892641||arm_cmn_0/hnf_mc_reqs/|1001038800|100.00||
     4.005224440|855||arm_cmn_0/hnf_mc_retries/|1001038440|100.00||
     4.005224440|454645430||arm_cmn_1/hnf_mc_reqs/|1001041040|100.00||
     4.005224440|965||arm_cmn_1/hnf_mc_retries/|1001043280|100.00||
     5.006661812|393123598||arm_cmn_0/hnf_mc_reqs/|1001476800|100.00||
     5.006661812|728||arm_cmn_0/hnf_mc_retries/|1001477720|100.00||
     5.006661812|417619958||arm_cmn_1/hnf_mc_reqs/|1001475640|100.00||
     5.006661812|633||arm_cmn_1/hnf_mc_retries/|1001475040|100.00||
     6.008119193|401220309||arm_cmn_0/hnf_mc_reqs/|1001496840|100.00||
     6.008119193|759||arm_cmn_0/hnf_mc_retries/|1001497440|100.00||
     6.008119193|433024903||arm_cmn_1/hnf_mc_reqs/|1001497840|100.00||
     6.008119193|701||arm_cmn_1/hnf_mc_retries/|1001497080|100.00||
     7.009211198|418903374||arm_cmn_0/hnf_mc_reqs/|1001122240|100.00||
     7.009211198|773||arm_cmn_0/hnf_mc_retries/|1001120760|100.00||
     7.009211198|437704526||arm_cmn_1/hnf_mc_reqs/|1001121040|100.00||
     7.009211198|865||arm_cmn_1/hnf_mc_retries/|1001122760|100.00||
     8.010675679|432568382||arm_cmn_0/hnf_mc_reqs/|1001519880|100.00||
     8.010675679|815||arm_cmn_0/hnf_mc_retries/|1001520880|100.00||
     8.010675679|474569313||arm_cmn_1/hnf_mc_reqs/|1001520080|100.00||
     8.010675679|863||arm_cmn_1/hnf_mc_retries/|1001518680|100.00||
     9.012140970|367765667||arm_cmn_0/hnf_mc_reqs/|1001483120|100.00||
     9.012140970|734||arm_cmn_0/hnf_mc_retries/|1001482920|100.00||
     9.012140970|388889988||arm_cmn_1/hnf_mc_reqs/|1001484200|100.00||
     9.012140970|529||arm_cmn_1/hnf_mc_retries/|1001484040|100.00||
    10.013205444|445257998||arm_cmn_0/hnf_mc_reqs/|1001108400|100.00||
    10.013205444|678||arm_cmn_0/hnf_mc_retries/|1001107800|100.00||
    10.013205444|467179527||arm_cmn_1/hnf_mc_reqs/|1001107120|100.00||
    10.013205444|875||arm_cmn_1/hnf_mc_retries/|1001106240|100.00||
    11.014648433|394873569||arm_cmn_0/hnf_mc_reqs/|1001484760|100.00||
    11.014648433|622||arm_cmn_0/hnf_mc_retries/|1001485280|100.00||
    11.014648433|430989458||arm_cmn_1/hnf_mc_reqs/|1001483440|100.00||
    11.014648433|820||arm_cmn_1/hnf_mc_retries/|1001483840|100.00||
    12.016118950|458282887||arm_cmn_0/hnf_mc_reqs/|1001502680|100.00||
    12.016118950|739||arm_cmn_0/hnf_mc_retries/|1001503120|100.00||
    12.016118950|501739059||arm_cmn_1/hnf_mc_reqs/|1001503120|100.00||
    12.016118950|789||arm_cmn_1/hnf_mc_retries/|1001503200|100.00||
    13.017241728|405169669||arm_cmn_0/hnf_mc_reqs/|1001153200|100.00||
    13.017241728|774||arm_cmn_0/hnf_mc_retries/|1001153160|100.00||
    13.017241728|432232136||arm_cmn_1/hnf_mc_reqs/|1001153840|100.00||
    13.017241728|685||arm_cmn_1/hnf_mc_retries/|1001153360|100.00||
    14.018670704|362102948||arm_cmn_0/hnf_mc_reqs/|1001469440|100.00||
    14.018670704|592||arm_cmn_0/hnf_mc_retries/|1001467760|100.00||
    14.018670704|375410615||arm_cmn_1/hnf_mc_reqs/|1001467160|100.00||
    14.018670704|757||arm_cmn_1/hnf_mc_retries/|1001468720|100.00||
    15.020111046|394926329||arm_cmn_0/hnf_mc_reqs/|1001480680|100.00||
    15.020111046|667||arm_cmn_0/hnf_mc_retries/|1001482880|100.00||
    15.020111046|448919606||arm_cmn_1/hnf_mc_reqs/|1001484400|100.00||
    15.020111046|644||arm_cmn_1/hnf_mc_retries/|1001482480|100.00||
    16.021224129|385224331||arm_cmn_0/hnf_mc_reqs/|1001140680|100.00||
    16.021224129|596||arm_cmn_0/hnf_mc_retries/|1001139000|100.00||
    16.021224129|399656327||arm_cmn_1/hnf_mc_reqs/|1001138400|100.00||
    16.021224129|680||arm_cmn_1/hnf_mc_retries/|1001139600|100.00||
    17.022660327|441446618||arm_cmn_0/hnf_mc_reqs/|1001482040|100.00||
    17.022660327|793||arm_cmn_0/hnf_mc_retries/|1001482880|100.00||
    17.022660327|505872416||arm_cmn_1/hnf_mc_reqs/|1001483240|100.00||
    17.022660327|1074||arm_cmn_1/hnf_mc_retries/|1001482280|100.00||
    18.024121531|390133927||arm_cmn_0/hnf_mc_reqs/|1001492040|100.00||
    18.024121531|652||arm_cmn_0/hnf_mc_retries/|1001492080|100.00||
    18.024121531|381466652||arm_cmn_1/hnf_mc_reqs/|1001490760|100.00||
    18.024121531|689||arm_cmn_1/hnf_mc_retries/|1001492720|100.00||
    19.025132839|350709654||arm_cmn_0/hnf_mc_reqs/|1001062440|100.00||
    19.025132839|514||arm_cmn_0/hnf_mc_retries/|1001061720|100.00||
    19.025132839|411836263||arm_cmn_1/hnf_mc_reqs/|1001062200|100.00||
    19.025132839|857||arm_cmn_1/hnf_mc_retries/|1001060560|100.00||
    20.026588617|418734702||arm_cmn_0/hnf_mc_reqs/|1001475120|100.00||
    20.026588617|729||arm_cmn_0/hnf_mc_retries/|1001475920|100.00||
    20.026588617|447763537||arm_cmn_1/hnf_mc_reqs/|1001475880|100.00||
    20.026588617|834||arm_cmn_1/hnf_mc_retries/|1001475440|100.00||
    21.028035162|384535554||arm_cmn_0/hnf_mc_reqs/|1001487200|100.00||
    21.028035162|784||arm_cmn_0/hnf_mc_retries/|1001487240|100.00||
    21.028035162|404324831||arm_cmn_1/hnf_mc_reqs/|1001488440|100.00||
    21.028035162|761||arm_cmn_1/hnf_mc_retries/|1001488760|100.00||
    22.029241682|463454079||arm_cmn_0/hnf_mc_reqs/|1001241400|100.00||
    22.029241682|850||arm_cmn_0/hnf_mc_retries/|1001241320|100.00||
    22.029241682|539916941||arm_cmn_1/hnf_mc_reqs/|1001240280|100.00||
    22.029241682|1002||arm_cmn_1/hnf_mc_retries/|1001241200|100.00||
    23.030707639|438242244||arm_cmn_0/hnf_mc_reqs/|1001506640|100.00||
    23.030707639|761||arm_cmn_0/hnf_mc_retries/|1001505920|100.00||
    23.030707639|462859014||arm_cmn_1/hnf_mc_reqs/|1001504280|100.00||
    23.030707639|742||arm_cmn_1/hnf_mc_retries/|1001503720|100.00||
    24.032196601|395402720||arm_cmn_0/hnf_mc_reqs/|1001521400|100.00||
    24.032196601|604||arm_cmn_0/hnf_mc_retries/|1001520720|100.00||
    24.032196601|404027396||arm_cmn_1/hnf_mc_reqs/|1001521200|100.00||
    24.032196601|689||arm_cmn_1/hnf_mc_retries/|1001521920|100.00||
    25.033150548|399404232||arm_cmn_0/hnf_mc_reqs/|1000987920|100.00||
    25.033150548|720||arm_cmn_0/hnf_mc_retries/|1000988480|100.00||
    25.033150548|470774251||arm_cmn_1/hnf_mc_reqs/|1000990200|100.00||
    25.033150548|911||arm_cmn_1/hnf_mc_retries/|1000989440|100.00||
    26.034620281|437741035||arm_cmn_0/hnf_mc_reqs/|1001496640|100.00||
    26.034620281|735||arm_cmn_0/hnf_mc_retries/|1001495720|100.00||
    26.034620281|458733063||arm_cmn_1/hnf_mc_reqs/|1001494960|100.00||
    26.034620281|898||arm_cmn_1/hnf_mc_retries/|1001495560|100.00||
    27.036072020|413468127||arm_cmn_0/hnf_mc_reqs/|1001497840|100.00||
    27.036072020|827||arm_cmn_0/hnf_mc_retries/|1001498520|100.00||
    27.036072020|469751183||arm_cmn_1/hnf_mc_reqs/|1001498520|100.00||
    27.036072020|853||arm_cmn_1/hnf_mc_retries/|1001499720|100.00||
    28.037169656|478504639||arm_cmn_0/hnf_mc_reqs/|1001127760|100.00||
    28.037169656|823||arm_cmn_0/hnf_mc_retries/|1001127880|100.00||
    28.037169656|491693855||arm_cmn_1/hnf_mc_reqs/|1001127680|100.00||
    28.037169656|731||arm_cmn_1/hnf_mc_retries/|1001126320|100.00||
    29.038620445|421176671||arm_cmn_0/hnf_mc_reqs/|1001476240|100.00||
    29.038620445|809||arm_cmn_0/hnf_mc_retries/|1001476440|100.00||
    29.038620445|442412138||arm_cmn_1/hnf_mc_reqs/|1001476200|100.00||
    29.038620445|717||arm_cmn_1/hnf_mc_retries/|1001475760|100.00||
    30.040041718|413975375||arm_cmn_0/hnf_mc_reqs/|1001482040|100.00||
    30.040041718|670||arm_cmn_0/hnf_mc_retries/|1001483840|100.00||
    30.040041718|486187432||arm_cmn_1/hnf_mc_reqs/|1001484800|100.00||
    30.040041718|829||arm_cmn_1/hnf_mc_retries/|1001484800|100.00||
    31.041143847|461230283||arm_cmn_0/hnf_mc_reqs/|1001119160|100.00||
    31.041143847|884||arm_cmn_0/hnf_mc_retries/|1001118160|100.00||
    31.041143847|472257636||arm_cmn_1/hnf_mc_reqs/|1001117920|100.00||
    31.041143847|755||arm_cmn_1/hnf_mc_retries/|1001118360|100.00||
    32.042585368|410031128||arm_cmn_0/hnf_mc_reqs/|1001470360|100.00||
    32.042585368|758||arm_cmn_0/hnf_mc_retries/|1001470840|100.00||
    32.042585368|420773438||arm_cmn_1/hnf_mc_reqs/|1001471000|100.00||
    32.042585368|682||arm_cmn_1/hnf_mc_retries/|1001470560|100.00||
    33.044029732|380748279||arm_cmn_0/hnf_mc_reqs/|1001490360|100.00||
    33.044029732|624||arm_cmn_0/hnf_mc_retries/|1001490200|100.00||
    33.044029732|478002558||arm_cmn_1/hnf_mc_reqs/|1001489480|100.00||
    33.044029732|955||arm_cmn_1/hnf_mc_retries/|1001491440|100.00||
    34.045236587|447505459||arm_cmn_0/hnf_mc_reqs/|1001236280|100.00||
    34.045236587|854||arm_cmn_0/hnf_mc_retries/|1001237480|100.00||
    34.045236587|442880453||arm_cmn_1/hnf_mc_reqs/|1001239280|100.00||
    34.045236587|764||arm_cmn_1/hnf_mc_retries/|1001237000|100.00||
    35.046687558|416163807||arm_cmn_0/hnf_mc_reqs/|1001492680|100.00||
    35.046687558|719||arm_cmn_0/hnf_mc_retries/|1001489840|100.00||
    35.046687558|493231730||arm_cmn_1/hnf_mc_reqs/|1001489840|100.00||
    35.046687558|859||arm_cmn_1/hnf_mc_retries/|1001490560|100.00||
    36.048156370|479583592||arm_cmn_0/hnf_mc_reqs/|1001505320|100.00||
    36.048156370|807||arm_cmn_0/hnf_mc_retries/|1001506680|100.00||
    36.048156370|492519959||arm_cmn_1/hnf_mc_reqs/|1001506800|100.00||
    36.048156370|981||arm_cmn_1/hnf_mc_retries/|1001507560|100.00||
    37.049229319|417159336||arm_cmn_0/hnf_mc_reqs/|1001088360|100.00||
    37.049229319|567||arm_cmn_0/hnf_mc_retries/|1001088720|100.00||
    37.049229319|467393206||arm_cmn_1/hnf_mc_reqs/|1001088280|100.00||
    37.049229319|825||arm_cmn_1/hnf_mc_retries/|1001087920|100.00||
    38.050675737|456014153||arm_cmn_0/hnf_mc_reqs/|1001487040|100.00||
    38.050675737|876||arm_cmn_0/hnf_mc_retries/|1001487800|100.00||
    38.050675737|468763589||arm_cmn_1/hnf_mc_reqs/|1001489480|100.00||
    38.050675737|940||arm_cmn_1/hnf_mc_retries/|1001489760|100.00||
    39.052128557|388781788||arm_cmn_0/hnf_mc_reqs/|1001482920|100.00||
    39.052128557|735||arm_cmn_0/hnf_mc_retries/|1001480960|100.00||
    39.052128557|397364801||arm_cmn_1/hnf_mc_reqs/|1001478600|100.00||
    39.052128557|699||arm_cmn_1/hnf_mc_retries/|1001477160|100.00||
    40.053221791|412695223||arm_cmn_0/hnf_mc_reqs/|1001123560|100.00||
    40.053221791|755||arm_cmn_0/hnf_mc_retries/|1001124680|100.00||
    40.053221791|545218033||arm_cmn_1/hnf_mc_reqs/|1001123040|100.00||
    40.053221791|1139||arm_cmn_1/hnf_mc_retries/|1001122960|100.00||
    41.054676334|480351824||arm_cmn_0/hnf_mc_reqs/|1001489880|100.00||
    41.054676334|822||arm_cmn_0/hnf_mc_retries/|1001489800|100.00||
    41.054676334|434009879||arm_cmn_1/hnf_mc_reqs/|1001490240|100.00||
    41.054676334|759||arm_cmn_1/hnf_mc_retries/|1001491600|100.00||
    42.056148519|400655147||arm_cmn_0/hnf_mc_reqs/|1001520320|100.00||
    42.056148519|613||arm_cmn_0/hnf_mc_retries/|1001519760|100.00||
    42.056148519|400080413||arm_cmn_1/hnf_mc_reqs/|1001519760|100.00||
    42.056148519|630||arm_cmn_1/hnf_mc_retries/|1001519200|100.00||
    43.057236837|368333670||arm_cmn_0/hnf_mc_reqs/|1001098960|100.00||
    43.057236837|654||arm_cmn_0/hnf_mc_retries/|1001099040|100.00||
    43.057236837|454226670||arm_cmn_1/hnf_mc_reqs/|1001099760|100.00||
    43.057236837|849||arm_cmn_1/hnf_mc_retries/|1001100800|100.00||
    44.058688464|449395924||arm_cmn_0/hnf_mc_reqs/|1001487840|100.00||
    44.058688464|737||arm_cmn_0/hnf_mc_retries/|1001487560|100.00||
    44.058688464|519725041||arm_cmn_1/hnf_mc_reqs/|1001486280|100.00||
    44.058688464|1004||arm_cmn_1/hnf_mc_retries/|1001484520|100.00||
    45.060122612|451955306||arm_cmn_0/hnf_mc_reqs/|1001471880|100.00||
    45.060122612|790||arm_cmn_0/hnf_mc_retries/|1001471720|100.00||
    45.060122612|418270638||arm_cmn_1/hnf_mc_reqs/|1001473040|100.00||
    45.060122612|691||arm_cmn_1/hnf_mc_retries/|1001473920|100.00||
    46.061125414|386836917||arm_cmn_0/hnf_mc_reqs/|1001067160|100.00||
    46.061125414|730||arm_cmn_0/hnf_mc_retries/|1001066400|100.00||
    46.061125414|473262434||arm_cmn_1/hnf_mc_reqs/|1001066080|100.00||
    46.061125414|830||arm_cmn_1/hnf_mc_retries/|1001066200|100.00||
    47.062609082|439040849||arm_cmn_0/hnf_mc_reqs/|1001480680|100.00||
    47.062609082|849||arm_cmn_0/hnf_mc_retries/|1001480400|100.00||
    47.062609082|466364332||arm_cmn_1/hnf_mc_reqs/|1001479720|100.00||
    47.062609082|848||arm_cmn_1/hnf_mc_retries/|1001478920|100.00||
    48.064062710|418869030||arm_cmn_0/hnf_mc_reqs/|1001488120|100.00||
    48.064062710|737||arm_cmn_0/hnf_mc_retries/|1001489120|100.00||
    48.064062710|416948838||arm_cmn_1/hnf_mc_reqs/|1001491160|100.00||
    48.064062710|740||arm_cmn_1/hnf_mc_retries/|1001491120|100.00||
    49.065015034|389530448||arm_cmn_0/hnf_mc_reqs/|1000981560|100.00||
    49.065015034|803||arm_cmn_0/hnf_mc_retries/|1000980160|100.00||
    49.065015034|503493139||arm_cmn_1/hnf_mc_reqs/|1000979640|100.00||
    49.065015034|832||arm_cmn_1/hnf_mc_retries/|1000980040|100.00||
    50.066456862|469497911||arm_cmn_0/hnf_mc_reqs/|1001485760|100.00||
    50.066456862|913||arm_cmn_0/hnf_mc_retries/|1001487280|100.00||
    50.066456862|468551923||arm_cmn_1/hnf_mc_reqs/|1001486840|100.00||
    50.066456862|793||arm_cmn_1/hnf_mc_retries/|1001486600|100.00||
    51.067912688|417844376||arm_cmn_0/hnf_mc_reqs/|1001475840|100.00||
    51.067912688|699||arm_cmn_0/hnf_mc_retries/|1001474680|100.00||
    51.067912688|424746543||arm_cmn_1/hnf_mc_reqs/|1001476600|100.00||
    51.067912688|662||arm_cmn_1/hnf_mc_retries/|1001477400|100.00||
    52.069203159|390330541||arm_cmn_0/hnf_mc_reqs/|1001312120|100.00||
    52.069203159|788||arm_cmn_0/hnf_mc_retries/|1001313640|100.00||
    52.069203159|406476080||arm_cmn_1/hnf_mc_reqs/|1001310920|100.00||
    52.069203159|897||arm_cmn_1/hnf_mc_retries/|1001310440|100.00||
    53.070637264|386800915||arm_cmn_0/hnf_mc_reqs/|1001477560|100.00||
    53.070637264|667||arm_cmn_0/hnf_mc_retries/|1001475640|100.00||
    53.070637264|484139592||arm_cmn_1/hnf_mc_reqs/|1001477840|100.00||
    53.070637264|897||arm_cmn_1/hnf_mc_retries/|1001477480|100.00||
    54.072090167|436974219||arm_cmn_0/hnf_mc_reqs/|1001487960|100.00||
    54.072090167|804||arm_cmn_0/hnf_mc_retries/|1001491640|100.00||
    54.072090167|321997906||arm_cmn_1/hnf_mc_reqs/|1001490680|100.00||
    54.072090167|550||arm_cmn_1/hnf_mc_retries/|1001490680|100.00||
    55.073164161|304660394||arm_cmn_0/hnf_mc_reqs/|1001100800|100.00||
    55.073164161|441||arm_cmn_0/hnf_mc_retries/|1001098360|100.00||
    55.073164161|425487828||arm_cmn_1/hnf_mc_reqs/|1001098160|100.00||
    55.073164161|671||arm_cmn_1/hnf_mc_retries/|1001098800|100.00||
    56.074616620|385037161||arm_cmn_0/hnf_mc_reqs/|1001480920|100.00||
    56.074616620|678||arm_cmn_0/hnf_mc_retries/|1001481160|100.00||
    56.074616620|482210459||arm_cmn_1/hnf_mc_reqs/|1001481600|100.00||
    56.074616620|958||arm_cmn_1/hnf_mc_retries/|1001480600|100.00||
    57.076066118|433081219||arm_cmn_0/hnf_mc_reqs/|1001479920|100.00||
    57.076066118|769||arm_cmn_0/hnf_mc_retries/|1001479360|100.00||
    57.076066118|443396095||arm_cmn_1/hnf_mc_reqs/|1001479280|100.00||
    57.076066118|841||arm_cmn_1/hnf_mc_retries/|1001479680|100.00||
    58.077226902|424114391||arm_cmn_0/hnf_mc_reqs/|1001185720|100.00||
    58.077226902|745||arm_cmn_0/hnf_mc_retries/|1001186000|100.00||
    58.077226902|483391655||arm_cmn_1/hnf_mc_reqs/|1001186240|100.00||
    58.077226902|841||arm_cmn_1/hnf_mc_retries/|1001186400|100.00||
    59.078685834|439006408||arm_cmn_0/hnf_mc_reqs/|1001495440|100.00||
    59.078685834|947||arm_cmn_0/hnf_mc_retries/|1001496920|100.00||
    59.078685834|467690178||arm_cmn_1/hnf_mc_reqs/|1001496320|100.00||
    59.078685834|840||arm_cmn_1/hnf_mc_retries/|1001497080|100.00||
    60.080143003|426561748||arm_cmn_0/hnf_mc_reqs/|1001495840|100.00||
    60.080143003|777||arm_cmn_0/hnf_mc_retries/|1001493840|100.00||
    60.080143003|426797967||arm_cmn_1/hnf_mc_reqs/|1001492880|100.00||
    60.080143003|704||arm_cmn_1/hnf_mc_retries/|1001492800|100.00||
    61.081161823|389623198||arm_cmn_0/hnf_mc_reqs/|1001042760|100.00||
    61.081161823|753||arm_cmn_0/hnf_mc_retries/|1001043000|100.00||
    61.081161823|400698725||arm_cmn_1/hnf_mc_reqs/|1001042840|100.00||
    61.081161823|746||arm_cmn_1/hnf_mc_retries/|1001041760|100.00||
    62.082596147|365522080||arm_cmn_0/hnf_mc_reqs/|1001473280|100.00||
    62.082596147|826||arm_cmn_0/hnf_mc_retries/|1001473560|100.00||
    62.082596147|444108627||arm_cmn_1/hnf_mc_reqs/|1001474480|100.00||
    62.082596147|757||arm_cmn_1/hnf_mc_retries/|1001474640|100.00||
    63.084064466|418520217||arm_cmn_0/hnf_mc_reqs/|1001497840|100.00||
    63.084064466|717||arm_cmn_0/hnf_mc_retries/|1001497680|100.00||
    63.084064466|402555336||arm_cmn_1/hnf_mc_reqs/|1001497000|100.00||
    63.084064466|723||arm_cmn_1/hnf_mc_retries/|1001498920|100.00||
    64.085242270|362167692||arm_cmn_0/hnf_mc_reqs/|1001199400|100.00||
    64.085242270|618||arm_cmn_0/hnf_mc_retries/|1001199000|100.00||
    64.085242270|254954236||arm_cmn_1/hnf_mc_reqs/|1001201000|100.00||
    64.085242270|371||arm_cmn_1/hnf_mc_retries/|1001199160|100.00||
    65.086705062|267673390||arm_cmn_0/hnf_mc_reqs/|1001498280|100.00||
    65.086705062|543||arm_cmn_0/hnf_mc_retries/|1001498960|100.00||
    65.086705062|339453606||arm_cmn_1/hnf_mc_reqs/|1001498440|100.00||
    65.086705062|518||arm_cmn_1/hnf_mc_retries/|1001501200|100.00||
    66.088147290|309902506||arm_cmn_0/hnf_mc_reqs/|1001473520|100.00||
    66.088147290|573||arm_cmn_0/hnf_mc_retries/|1001474640|100.00||
    66.088147290|449430665||arm_cmn_1/hnf_mc_reqs/|1001474840|100.00||
    66.088147290|799||arm_cmn_1/hnf_mc_retries/|1001472760|100.00||
    67.089125368|373110528||arm_cmn_0/hnf_mc_reqs/|1001039480|100.00||
    67.089125368|575||arm_cmn_0/hnf_mc_retries/|1001039160|100.00||
    67.089125368|502280701||arm_cmn_1/hnf_mc_reqs/|1001038120|100.00||
    67.089125368|962||arm_cmn_1/hnf_mc_retries/|1001037640|100.00||
    68.090638425|465187841||arm_cmn_0/hnf_mc_reqs/|1001502120|100.00||
    68.090638425|1011||arm_cmn_0/hnf_mc_retries/|1001500360|100.00||
    68.090638425|473626635||arm_cmn_1/hnf_mc_reqs/|1001499600|100.00||
    68.090638425|968||arm_cmn_1/hnf_mc_retries/|1001500520|100.00||
    69.092096599|434834706||arm_cmn_0/hnf_mc_reqs/|1001500640|100.00||
    69.092096599|994||arm_cmn_0/hnf_mc_retries/|1001503280|100.00||
    69.092096599|449430967||arm_cmn_1/hnf_mc_reqs/|1001505120|100.00||
    69.092096599|727||arm_cmn_1/hnf_mc_retries/|1001504360|100.00||
    70.093152219|417269164||arm_cmn_0/hnf_mc_reqs/|1001143360|100.00||
    70.093152219|851||arm_cmn_0/hnf_mc_retries/|1001141440|100.00||
    70.093152219|458115526||arm_cmn_1/hnf_mc_reqs/|1001140720|100.00||
    70.093152219|788||arm_cmn_1/hnf_mc_retries/|1001140120|100.00||
    71.094649701|415369532||arm_cmn_0/hnf_mc_reqs/|1001456400|100.00||
    71.094649701|845||arm_cmn_0/hnf_mc_retries/|1001456400|100.00||
    71.094649701|437524802||arm_cmn_1/hnf_mc_reqs/|1001455400|100.00||
    71.094649701|724||arm_cmn_1/hnf_mc_retries/|1001456560|100.00||
    72.096091140|406241580||arm_cmn_0/hnf_mc_reqs/|1001490040|100.00||
    72.096091140|711||arm_cmn_0/hnf_mc_retries/|1001489960|100.00||
    72.096091140|443124816||arm_cmn_1/hnf_mc_reqs/|1001492520|100.00||
    72.096091140|788||arm_cmn_1/hnf_mc_retries/|1001491160|100.00||
    73.097217901|404391575||arm_cmn_0/hnf_mc_reqs/|1001142360|100.00||
    73.097217901|713||arm_cmn_0/hnf_mc_retries/|1001143760|100.00||
    73.097217901|478538381||arm_cmn_1/hnf_mc_reqs/|1001143200|100.00||
    73.097217901|878||arm_cmn_1/hnf_mc_retries/|1001145120|100.00||
    74.098674807|426975061||arm_cmn_0/hnf_mc_reqs/|1001493040|100.00||
    74.098674807|657||arm_cmn_0/hnf_mc_retries/|1001490840|100.00||
    74.098674807|412391739||arm_cmn_1/hnf_mc_reqs/|1001490160|100.00||
    74.098674807|637||arm_cmn_1/hnf_mc_retries/|1001488520|100.00||
    75.100164346|406550607||arm_cmn_0/hnf_mc_reqs/|1001516800|100.00||
    75.100164346|743||arm_cmn_0/hnf_mc_retries/|1001517880|100.00||
    75.100164346|452881423||arm_cmn_1/hnf_mc_reqs/|1001519480|100.00||
    75.100164346|913||arm_cmn_1/hnf_mc_retries/|1001519720|100.00||
    76.101137254|385530329||arm_cmn_0/hnf_mc_reqs/|1001013440|100.00||
    76.101137254|709||arm_cmn_0/hnf_mc_retries/|1001013840|100.00||
    76.101137254|408076979||arm_cmn_1/hnf_mc_reqs/|1001011600|100.00||
    76.101137254|623||arm_cmn_1/hnf_mc_retries/|1001012680|100.00||
    77.102601820|404446686||arm_cmn_0/hnf_mc_reqs/|1001474200|100.00||
    77.102601820|812||arm_cmn_0/hnf_mc_retries/|1001473880|100.00||
    77.102601820|389951989||arm_cmn_1/hnf_mc_reqs/|1001474800|100.00||
    77.102601820|743||arm_cmn_1/hnf_mc_retries/|1001473640|100.00||
    78.104059340|355512677||arm_cmn_0/hnf_mc_reqs/|1001496360|100.00||
    78.104059340|864||arm_cmn_0/hnf_mc_retries/|1001495440|100.00||
    78.104059340|441440084||arm_cmn_1/hnf_mc_reqs/|1001495920|100.00||
    78.104059340|768||arm_cmn_1/hnf_mc_retries/|1001495760|100.00||
    79.105189062|384005279||arm_cmn_0/hnf_mc_reqs/|1001146560|100.00||
    79.105189062|665||arm_cmn_0/hnf_mc_retries/|1001147040|100.00||
    79.105189062|487330854||arm_cmn_1/hnf_mc_reqs/|1001145400|100.00||
    79.105189062|927||arm_cmn_1/hnf_mc_retries/|1001145600|100.00||
    80.106622088|432828330||arm_cmn_0/hnf_mc_reqs/|1001464880|100.00||
    80.106622088|772||arm_cmn_0/hnf_mc_retries/|1001465880|100.00||
    80.106622088|533394906||arm_cmn_1/hnf_mc_reqs/|1001465680|100.00||
    80.106622088|1028||arm_cmn_1/hnf_mc_retries/|1001465720|100.00||
    81.108072386|464342406||arm_cmn_0/hnf_mc_reqs/|1001497120|100.00||
    81.108072386|854||arm_cmn_0/hnf_mc_retries/|1001496600|100.00||
    81.108072386|482551826||arm_cmn_1/hnf_mc_reqs/|1001496160|100.00||
    81.108072386|975||arm_cmn_1/hnf_mc_retries/|1001496800|100.00||
    82.109040410|475253097||arm_cmn_0/hnf_mc_reqs/|1000977080|100.00||
    82.109040410|908||arm_cmn_0/hnf_mc_retries/|1000977080|100.00||
    82.109040410|502563486||arm_cmn_1/hnf_mc_reqs/|1000979440|100.00||
    82.109040410|928||arm_cmn_1/hnf_mc_retries/|1000978760|100.00||
    83.110494932|450700340||arm_cmn_0/hnf_mc_reqs/|1001486040|100.00||
    83.110494932|718||arm_cmn_0/hnf_mc_retries/|1001486840|100.00||
    83.110494932|457679363||arm_cmn_1/hnf_mc_reqs/|1001486360|100.00||
    83.110494932|812||arm_cmn_1/hnf_mc_retries/|1001486120|100.00||
    84.111965726|447974067||arm_cmn_0/hnf_mc_reqs/|1001502080|100.00||
    84.111965726|766||arm_cmn_0/hnf_mc_retries/|1001502880|100.00||
    84.111965726|447562541||arm_cmn_1/hnf_mc_reqs/|1001501800|100.00||
    84.111965726|740||arm_cmn_1/hnf_mc_retries/|1001502080|100.00||
    85.113187718|410288700||arm_cmn_0/hnf_mc_reqs/|1001246080|100.00||
    85.113187718|790||arm_cmn_0/hnf_mc_retries/|1001244040|100.00||
    85.113187718|445031398||arm_cmn_1/hnf_mc_reqs/|1001245200|100.00||
    85.113187718|748||arm_cmn_1/hnf_mc_retries/|1001245240|100.00||
    86.114653094|410296023||arm_cmn_0/hnf_mc_reqs/|1001499760|100.00||
    86.114653094|784||arm_cmn_0/hnf_mc_retries/|1001499680|100.00||
    86.114653094|404873648||arm_cmn_1/hnf_mc_reqs/|1001500800|100.00||
    86.114653094|694||arm_cmn_1/hnf_mc_retries/|1001501960|100.00||
    87.116123462|406424199||arm_cmn_0/hnf_mc_reqs/|1001486520|100.00||
    87.116123462|750||arm_cmn_0/hnf_mc_retries/|1001486440|100.00||
    87.116123462|415255212||arm_cmn_1/hnf_mc_reqs/|1001486760|100.00||
    87.116123462|604||arm_cmn_1/hnf_mc_retries/|1001486280|100.00||
    88.117150513|362963398||arm_cmn_0/hnf_mc_reqs/|1001087240|100.00||
    88.117150513|578||arm_cmn_0/hnf_mc_retries/|1001087520|100.00||
    88.117150513|428739256||arm_cmn_1/hnf_mc_reqs/|1001084880|100.00||
    88.117150513|687||arm_cmn_1/hnf_mc_retries/|1001083720|100.00||
    89.118640902|390043588||arm_cmn_0/hnf_mc_reqs/|1001487480|100.00||
    89.118640902|687||arm_cmn_0/hnf_mc_retries/|1001487720|100.00||
    89.118640902|475811749||arm_cmn_1/hnf_mc_reqs/|1001487280|100.00||
    89.118640902|771||arm_cmn_1/hnf_mc_retries/|1001488080|100.00||
    90.120116001|404242977||arm_cmn_0/hnf_mc_reqs/|1001506720|100.00||
    90.120116001|746||arm_cmn_0/hnf_mc_retries/|1001507360|100.00||
    90.120116001|500542363||arm_cmn_1/hnf_mc_reqs/|1001509000|100.00||
    90.120116001|992||arm_cmn_1/hnf_mc_retries/|1001507760|100.00||
    91.121174662|436790242||arm_cmn_0/hnf_mc_reqs/|1001082040|100.00||
    91.121174662|788||arm_cmn_0/hnf_mc_retries/|1001081360|100.00||
    91.121174662|438993628||arm_cmn_1/hnf_mc_reqs/|1001081200|100.00||
    91.121174662|835||arm_cmn_1/hnf_mc_retries/|1001081640|100.00||
    92.122627743|445085716||arm_cmn_0/hnf_mc_reqs/|1001485920|100.00||
    92.122627743|687||arm_cmn_0/hnf_mc_retries/|1001485680|100.00||
    92.122627743|450606351||arm_cmn_1/hnf_mc_reqs/|1001485520|100.00||
    92.122627743|687||arm_cmn_1/hnf_mc_retries/|1001486080|100.00||
    93.124101093|403262250||arm_cmn_0/hnf_mc_reqs/|1001511920|100.00||
    93.124101093|712||arm_cmn_0/hnf_mc_retries/|1001512400|100.00||
    93.124101093|510019848||arm_cmn_1/hnf_mc_reqs/|1001511200|100.00||
    93.124101093|926||arm_cmn_1/hnf_mc_retries/|1001511200|100.00||
    94.125202842|435791285||arm_cmn_0/hnf_mc_reqs/|1001115680|100.00||
    94.125202842|546||arm_cmn_0/hnf_mc_retries/|1001116360|100.00||
    94.125202842|478559207||arm_cmn_1/hnf_mc_reqs/|1001116920|100.00||
    94.125202842|977||arm_cmn_1/hnf_mc_retries/|1001116800|100.00||
    95.126655252|444735594||arm_cmn_0/hnf_mc_reqs/|1001488240|100.00||
    95.126655252|517||arm_cmn_0/hnf_mc_retries/|1001486640|100.00||
    95.126655252|442867883||arm_cmn_1/hnf_mc_reqs/|1001486000|100.00||
    95.126655252|872||arm_cmn_1/hnf_mc_retries/|1001485680|100.00||
    96.128115850|443059498||arm_cmn_0/hnf_mc_reqs/|1001478680|100.00||
    96.128115850|272||arm_cmn_0/hnf_mc_retries/|1001478240|100.00||
    96.128115850|432877689||arm_cmn_1/hnf_mc_reqs/|1001479880|100.00||
    96.128115850|726||arm_cmn_1/hnf_mc_retries/|1001479880|100.00||
    97.129161489|404530894||arm_cmn_0/hnf_mc_reqs/|1001067080|100.00||
    97.129161489|232||arm_cmn_0/hnf_mc_retries/|1001069040|100.00||
    97.129161489|460763475||arm_cmn_1/hnf_mc_reqs/|1001067520|100.00||
    97.129161489|778||arm_cmn_1/hnf_mc_retries/|1001067440|100.00||
    98.130610305|424119209||arm_cmn_0/hnf_mc_reqs/|1001479480|100.00||
    98.130610305|199||arm_cmn_0/hnf_mc_retries/|1001478040|100.00||
    98.130610305|478610915||arm_cmn_1/hnf_mc_reqs/|1001479360|100.00||
    98.130610305|883||arm_cmn_1/hnf_mc_retries/|1001479720|100.00||
    99.132064110|399210534||arm_cmn_0/hnf_mc_reqs/|1001494840|100.00||
    99.132064110|115||arm_cmn_0/hnf_mc_retries/|1001495240|100.00||
    99.132064110|453068574||arm_cmn_1/hnf_mc_reqs/|1001493720|100.00||
    99.132064110|936||arm_cmn_1/hnf_mc_retries/|1001494160|100.00||
   100.133258030|439123833||arm_cmn_0/hnf_mc_reqs/|1001207600|100.00||
   100.133258030|90||arm_cmn_0/hnf_mc_retries/|1001208280|100.00||
   100.133258030|444372676||arm_cmn_1/hnf_mc_reqs/|1001210600|100.00||
   100.133258030|819||arm_cmn_1/hnf_mc_retries/|1001211040|100.00||
   101.134731891|422162200||arm_cmn_0/hnf_mc_reqs/|1001490920|100.00||
   101.134731891|306||arm_cmn_0/hnf_mc_retries/|1001491000|100.00||
   101.134731891|475924441||arm_cmn_1/hnf_mc_reqs/|1001488480|100.00||
   101.134731891|787||arm_cmn_1/hnf_mc_retries/|1001488120|100.00||
   102.136183141|420089093||arm_cmn_0/hnf_mc_reqs/|1001495680|100.00||
   102.136183141|371||arm_cmn_0/hnf_mc_retries/|1001495040|100.00||
   102.136183141|472220859||arm_cmn_1/hnf_mc_reqs/|1001496120|100.00||
   102.136183141|930||arm_cmn_1/hnf_mc_retries/|1001497960|100.00||
   103.137226828|416098435||arm_cmn_0/hnf_mc_reqs/|1001057480|100.00||
   103.137226828|593||arm_cmn_0/hnf_mc_retries/|1001058400|100.00||
   103.137226828|473457913||arm_cmn_1/hnf_mc_reqs/|1001058520|100.00||
   103.137226828|884||arm_cmn_1/hnf_mc_retries/|1001057320|100.00||
   104.138673133|444585452||arm_cmn_0/hnf_mc_reqs/|1001466200|100.00||
   104.138673133|479||arm_cmn_0/hnf_mc_retries/|1001466160|100.00||
   104.138673133|456711430||arm_cmn_1/hnf_mc_reqs/|1001469800|100.00||
   104.138673133|834||arm_cmn_1/hnf_mc_retries/|1001469360|100.00||
   105.140160624|437598626||arm_cmn_0/hnf_mc_reqs/|1001531560|100.00||
   105.140160624|717||arm_cmn_0/hnf_mc_retries/|1001529680|100.00||
   105.140160624|470036871||arm_cmn_1/hnf_mc_reqs/|1001525720|100.00||
   105.140160624|844||arm_cmn_1/hnf_mc_retries/|1001525600|100.00||
   106.141188034|422519436||arm_cmn_0/hnf_mc_reqs/|1001028480|100.00||
   106.141188034|711||arm_cmn_0/hnf_mc_retries/|1001029040|100.00||
   106.141188034|474889635||arm_cmn_1/hnf_mc_reqs/|1001029480|100.00||
   106.141188034|889||arm_cmn_1/hnf_mc_retries/|1001029200|100.00||
   107.142624660|421665875||arm_cmn_0/hnf_mc_reqs/|1001480280|100.00||
   107.142624660|751||arm_cmn_0/hnf_mc_retries/|1001480600|100.00||
   107.142624660|501499092||arm_cmn_1/hnf_mc_reqs/|1001479920|100.00||
   107.142624660|1010||arm_cmn_1/hnf_mc_retries/|1001479160|100.00||
   108.144085032|444094846||arm_cmn_0/hnf_mc_reqs/|1001485320|100.00||
   108.144085032|875||arm_cmn_0/hnf_mc_retries/|1001486160|100.00||
   108.144085032|522403415||arm_cmn_1/hnf_mc_reqs/|1001486960|100.00||
   108.144085032|942||arm_cmn_1/hnf_mc_retries/|1001487040|100.00||
   109.145210879|448226439||arm_cmn_0/hnf_mc_reqs/|1001143800|100.00||
   109.145210879|865||arm_cmn_0/hnf_mc_retries/|1001145560|100.00||
   109.145210879|519689915||arm_cmn_1/hnf_mc_reqs/|1001146080|100.00||
   109.145210879|1239||arm_cmn_1/hnf_mc_retries/|1001147320|100.00||
   110.146638544|464809343||arm_cmn_0/hnf_mc_reqs/|1001454440|100.00||
   110.146638544|879||arm_cmn_0/hnf_mc_retries/|1001451840|100.00||
   110.146638544|447689970||arm_cmn_1/hnf_mc_reqs/|1001452440|100.00||
   110.146638544|790||arm_cmn_1/hnf_mc_retries/|1001452240|100.00||
   111.148108715|480867247||arm_cmn_0/hnf_mc_reqs/|1001499920|100.00||
   111.148108715|833||arm_cmn_0/hnf_mc_retries/|1001501160|100.00||
   111.148108715|457491536||arm_cmn_1/hnf_mc_reqs/|1001500040|100.00||
   111.148108715|707||arm_cmn_1/hnf_mc_retries/|1001500520|100.00||
   112.149205200|429860588||arm_cmn_0/hnf_mc_reqs/|1001112560|100.00||
   112.149205200|751||arm_cmn_0/hnf_mc_retries/|1001113200|100.00||
   112.149205200|484804802||arm_cmn_1/hnf_mc_reqs/|1001113400|100.00||
   112.149205200|906||arm_cmn_1/hnf_mc_retries/|1001112600|100.00||
   113.150663542|422635971||arm_cmn_0/hnf_mc_reqs/|1001483000|100.00||
   113.150663542|651||arm_cmn_0/hnf_mc_retries/|1001482440|100.00||
   113.150663542|443839155||arm_cmn_1/hnf_mc_reqs/|1001481880|100.00||
   113.150663542|708||arm_cmn_1/hnf_mc_retries/|1001481440|100.00||
   114.152137870|420957159||arm_cmn_0/hnf_mc_reqs/|1001516240|100.00||
   114.152137870|733||arm_cmn_0/hnf_mc_retries/|1001515960|100.00||
   114.152137870|396206981||arm_cmn_1/hnf_mc_reqs/|1001514720|100.00||
   114.152137870|761||arm_cmn_1/hnf_mc_retries/|1001514480|100.00||
   115.153238151|418746383||arm_cmn_0/hnf_mc_reqs/|1001112200|100.00||
   115.153238151|763||arm_cmn_0/hnf_mc_retries/|1001112600|100.00||
   115.153238151|410823553||arm_cmn_1/hnf_mc_reqs/|1001114080|100.00||
   115.153238151|809||arm_cmn_1/hnf_mc_retries/|1001115240|100.00||
   116.154716288|387152980||arm_cmn_0/hnf_mc_reqs/|1001501280|100.00||
   116.154716288|781||arm_cmn_0/hnf_mc_retries/|1001500560|100.00||
   116.154716288|411278855||arm_cmn_1/hnf_mc_reqs/|1001499440|100.00||
   116.154716288|986||arm_cmn_1/hnf_mc_retries/|1001497680|100.00||
   117.156157852|368157513||arm_cmn_0/hnf_mc_reqs/|1001463880|100.00||
   117.156157852|640||arm_cmn_0/hnf_mc_retries/|1001463600|100.00||
   117.156157852|452810206||arm_cmn_1/hnf_mc_reqs/|1001465520|100.00||
   117.156157852|1029||arm_cmn_1/hnf_mc_retries/|1001467920|100.00||
   118.157292127|379481892||arm_cmn_0/hnf_mc_reqs/|1001154720|100.00||
   118.157292127|622||arm_cmn_0/hnf_mc_retries/|1001154960|100.00||
   118.157292127|498824001||arm_cmn_1/hnf_mc_reqs/|1001154400|100.00||
   118.157292127|869||arm_cmn_1/hnf_mc_retries/|1001152560|100.00||
   119.158797937|408332134||arm_cmn_0/hnf_mc_reqs/|1001529440|100.00||
   119.158797937|726||arm_cmn_0/hnf_mc_retries/|1001529640|100.00||
   119.158797937|456614930||arm_cmn_1/hnf_mc_reqs/|1001527920|100.00||
   119.158797937|980||arm_cmn_1/hnf_mc_retries/|1001528560|100.00||
   120.160260693|426618689||arm_cmn_0/hnf_mc_reqs/|1001503040|100.00||
   120.160260693|747||arm_cmn_0/hnf_mc_retries/|1001503160|100.00||
   120.160260693|434328317||arm_cmn_1/hnf_mc_reqs/|1001503520|100.00||
   120.160260693|910||arm_cmn_1/hnf_mc_retries/|1001503960|100.00||
   121.161232124|444491145||arm_cmn_0/hnf_mc_reqs/|1000979240|100.00||
   121.161232124|860||arm_cmn_0/hnf_mc_retries/|1000977240|100.00||
   121.161232124|481395480||arm_cmn_1/hnf_mc_reqs/|1000978920|100.00||
   121.161232124|856||arm_cmn_1/hnf_mc_retries/|1000978200|100.00||
   122.162700448|409578836||arm_cmn_0/hnf_mc_reqs/|1001497040|100.00||
   122.162700448|598||arm_cmn_0/hnf_mc_retries/|1001499600|100.00||
   122.162700448|446491750||arm_cmn_1/hnf_mc_reqs/|1001498120|100.00||
   122.162700448|904||arm_cmn_1/hnf_mc_retries/|1001498440|100.00||
   123.164140515|417286586||arm_cmn_0/hnf_mc_reqs/|1001482560|100.00||
   123.164140515|727||arm_cmn_0/hnf_mc_retries/|1001481680|100.00||
   123.164140515|422782146||arm_cmn_1/hnf_mc_reqs/|1001482160|100.00||
   123.164140515|973||arm_cmn_1/hnf_mc_retries/|1001482640|100.00||
   124.165137097|412680908||arm_cmn_0/hnf_mc_reqs/|1001022720|100.00||
   124.165137097|724||arm_cmn_0/hnf_mc_retries/|1001022840|100.00||
   124.165137097|456538251||arm_cmn_1/hnf_mc_reqs/|1001023760|100.00||
   124.165137097|1089||arm_cmn_1/hnf_mc_retries/|1001022960|100.00||
   125.166602810|427220630||arm_cmn_0/hnf_mc_reqs/|1001469520|100.00||
   125.166602810|716||arm_cmn_0/hnf_mc_retries/|1001468640|100.00||
   125.166602810|453888781||arm_cmn_1/hnf_mc_reqs/|1001466600|100.00||
   125.166602810|960||arm_cmn_1/hnf_mc_retries/|1001466600|100.00||
   126.168039667|383422587||arm_cmn_0/hnf_mc_reqs/|1001466520|100.00||
   126.168039667|644||arm_cmn_0/hnf_mc_retries/|1001466800|100.00||
   126.168039667|445449560||arm_cmn_1/hnf_mc_reqs/|1001469200|100.00||
   126.168039667|790||arm_cmn_1/hnf_mc_retries/|1001470480|100.00||
   127.169252633|424294509||arm_cmn_0/hnf_mc_reqs/|1001227320|100.00||
   127.169252633|747||arm_cmn_0/hnf_mc_retries/|1001226120|100.00||
   127.169252633|444095318||arm_cmn_1/hnf_mc_reqs/|1001223760|100.00||
   127.169252633|954||arm_cmn_1/hnf_mc_retries/|1001222240|100.00||
   128.170724054|416514035||arm_cmn_0/hnf_mc_reqs/|1001503440|100.00||
   128.170724054|688||arm_cmn_0/hnf_mc_retries/|1001506680|100.00||
   128.170724054|466861831||arm_cmn_1/hnf_mc_reqs/|1001506560|100.00||
   128.170724054|926||arm_cmn_1/hnf_mc_retries/|1001507240|100.00||
   129.172204858|403745446||arm_cmn_0/hnf_mc_reqs/|1001496640|100.00||
   129.172204858|676||arm_cmn_0/hnf_mc_retries/|1001494040|100.00||
   129.172204858|458407702||arm_cmn_1/hnf_mc_reqs/|1001494520|100.00||
   129.172204858|891||arm_cmn_1/hnf_mc_retries/|1001495640|100.00||
   130.173144897|422177091||arm_cmn_0/hnf_mc_reqs/|1001015280|100.00||
   130.173144897|764||arm_cmn_0/hnf_mc_retries/|1001015000|100.00||
   130.173144897|400450559||arm_cmn_1/hnf_mc_reqs/|1001015640|100.00||
   130.173144897|928||arm_cmn_1/hnf_mc_retries/|1001014520|100.00||
   131.174620425|412487761||arm_cmn_0/hnf_mc_reqs/|1001454400|100.00||
   131.174620425|707||arm_cmn_0/hnf_mc_retries/|1001455000|100.00||
   131.174620425|425193388||arm_cmn_1/hnf_mc_reqs/|1001454400|100.00||
   131.174620425|844||arm_cmn_1/hnf_mc_retries/|1001454600|100.00||
   132.176111934|403731954||arm_cmn_0/hnf_mc_reqs/|1001505840|100.00||
   132.176111934|682||arm_cmn_0/hnf_mc_retries/|1001505480|100.00||
   132.176111934|512651461||arm_cmn_1/hnf_mc_reqs/|1001508000|100.00||
   132.176111934|1208||arm_cmn_1/hnf_mc_retries/|1001508360|100.00||
   133.177205594|393757556||arm_cmn_0/hnf_mc_reqs/|1001118120|100.00||
   133.177205594|865||arm_cmn_0/hnf_mc_retries/|1001118160|100.00||
   133.177205594|514879426||arm_cmn_1/hnf_mc_reqs/|1001118080|100.00||
   133.177205594|1100||arm_cmn_1/hnf_mc_retries/|1001117800|100.00||
   134.178691947|410509794||arm_cmn_0/hnf_mc_reqs/|1001512440|100.00||
   134.178691947|818||arm_cmn_0/hnf_mc_retries/|1001514040|100.00||
   134.178691947|420452164||arm_cmn_1/hnf_mc_reqs/|1001512400|100.00||
   134.178691947|851||arm_cmn_1/hnf_mc_retries/|1001514280|100.00||
   135.180182241|454637863||arm_cmn_0/hnf_mc_reqs/|1001536600|100.00||
   135.180182241|809||arm_cmn_0/hnf_mc_retries/|1001536160|100.00||
   135.180182241|456843918||arm_cmn_1/hnf_mc_reqs/|1001535800|100.00||
   135.180182241|875||arm_cmn_1/hnf_mc_retries/|1001532760|100.00||
   136.181215006|433416313||arm_cmn_0/hnf_mc_reqs/|1001028280|100.00||
   136.181215006|780||arm_cmn_0/hnf_mc_retries/|1001028800|100.00||
   136.181215006|487028557||arm_cmn_1/hnf_mc_reqs/|1001028920|100.00||
   136.181215006|1009||arm_cmn_1/hnf_mc_retries/|1001028880|100.00||
   137.182656942|437785994||arm_cmn_0/hnf_mc_reqs/|1001472520|100.00||
   137.182656942|747||arm_cmn_0/hnf_mc_retries/|1001471200|100.00||
   137.182656942|467833303||arm_cmn_1/hnf_mc_reqs/|1001470640|100.00||
   137.182656942|1027||arm_cmn_1/hnf_mc_retries/|1001470760|100.00||
   138.184138898|398506690||arm_cmn_0/hnf_mc_reqs/|1001497680|100.00||
   138.184138898|672||arm_cmn_0/hnf_mc_retries/|1001497680|100.00||
   138.184138898|439070434||arm_cmn_1/hnf_mc_reqs/|1001499120|100.00||
   138.184138898|744||arm_cmn_1/hnf_mc_retries/|1001500080|100.00||
   139.185230604|437273452||arm_cmn_0/hnf_mc_reqs/|1001105000|100.00||
   139.185230604|742||arm_cmn_0/hnf_mc_retries/|1001106160|100.00||
   139.185230604|434333537||arm_cmn_1/hnf_mc_reqs/|1001106200|100.00||
   139.185230604|796||arm_cmn_1/hnf_mc_retries/|1001106720|100.00||
   140.186678801|421519644||arm_cmn_0/hnf_mc_reqs/|1001486480|100.00||
   140.186678801|665||arm_cmn_0/hnf_mc_retries/|1001485640|100.00||
   140.186678801|453480874||arm_cmn_1/hnf_mc_reqs/|1001484120|100.00||
   140.186678801|1012||arm_cmn_1/hnf_mc_retries/|1001483760|100.00||
   141.188152818|415364835||arm_cmn_0/hnf_mc_reqs/|1001488960|100.00||
   141.188152818|696||arm_cmn_0/hnf_mc_retries/|1001488200|100.00||
   141.188152818|431449885||arm_cmn_1/hnf_mc_reqs/|1001489160|100.00||
   141.188152818|796||arm_cmn_1/hnf_mc_retries/|1001488000|100.00||
   142.189200904|405257950||arm_cmn_0/hnf_mc_reqs/|1001059440|100.00||
   142.189200904|658||arm_cmn_0/hnf_mc_retries/|1001060320|100.00||
   142.189200904|395327041||arm_cmn_1/hnf_mc_reqs/|1001060400|100.00||
   142.189200904|630||arm_cmn_1/hnf_mc_retries/|1001061080|100.00||
   143.190628322|394028538||arm_cmn_0/hnf_mc_reqs/|1001465120|100.00||
   143.190628322|672||arm_cmn_0/hnf_mc_retries/|1001465480|100.00||
   143.190628322|448062895||arm_cmn_1/hnf_mc_reqs/|1001465960|100.00||
   143.190628322|611||arm_cmn_1/hnf_mc_retries/|1001466160|100.00||
   144.192091198|397168845||arm_cmn_0/hnf_mc_reqs/|1001478920|100.00||
   144.192091198|731||arm_cmn_0/hnf_mc_retries/|1001478160|100.00||
   144.192091198|496949479||arm_cmn_1/hnf_mc_reqs/|1001477520|100.00||
   144.192091198|734||arm_cmn_1/hnf_mc_retries/|1001476840|100.00||
   145.193161301|399728341||arm_cmn_0/hnf_mc_reqs/|1001088320|100.00||
   145.193161301|736||arm_cmn_0/hnf_mc_retries/|1001087400|100.00||
   145.193161301|469854608||arm_cmn_1/hnf_mc_reqs/|1001087320|100.00||
   145.193161301|736||arm_cmn_1/hnf_mc_retries/|1001088400|100.00||
   146.194601976|394631727||arm_cmn_0/hnf_mc_reqs/|1001476280|100.00||
   146.194601976|715||arm_cmn_0/hnf_mc_retries/|1001476720|100.00||
   146.194601976|458650295||arm_cmn_1/hnf_mc_reqs/|1001475840|100.00||
   146.194601976|570||arm_cmn_1/hnf_mc_retries/|1001476080|100.00||
   147.196057909|430473168||arm_cmn_0/hnf_mc_reqs/|1001468760|100.00||
   147.196057909|735||arm_cmn_0/hnf_mc_retries/|1001468080|100.00||
   147.196057909|457821829||arm_cmn_1/hnf_mc_reqs/|1001468480|100.00||
   147.196057909|480||arm_cmn_1/hnf_mc_retries/|1001468160|100.00||
   148.197218107|448348371||arm_cmn_0/hnf_mc_reqs/|1001173840|100.00||
   148.197218107|767||arm_cmn_0/hnf_mc_retries/|1001174240|100.00||
   148.197218107|497881027||arm_cmn_1/hnf_mc_reqs/|1001174840|100.00||
   148.197218107|544||arm_cmn_1/hnf_mc_retries/|1001174360|100.00||
   149.198697797|418474534||arm_cmn_0/hnf_mc_reqs/|1001505720|100.00||
   149.198697797|733||arm_cmn_0/hnf_mc_retries/|1001505880|100.00||
   149.198697797|492941497||arm_cmn_1/hnf_mc_reqs/|1001505840|100.00||
   149.198697797|409||arm_cmn_1/hnf_mc_retries/|1001505600|100.00||
   150.200146706|434703207||arm_cmn_0/hnf_mc_reqs/|1001477280|100.00||
   150.200146706|750||arm_cmn_0/hnf_mc_retries/|1001477480|100.00||
   150.200146706|478060193||arm_cmn_1/hnf_mc_reqs/|1001476960|100.00||
   150.200146706|255||arm_cmn_1/hnf_mc_retries/|1001477280|100.00||
   151.201258240|436220651||arm_cmn_0/hnf_mc_reqs/|1001120880|100.00||
   151.201258240|723||arm_cmn_0/hnf_mc_retries/|1001121280|100.00||
   151.201258240|459210657||arm_cmn_1/hnf_mc_reqs/|1001121680|100.00||
   151.201258240|177||arm_cmn_1/hnf_mc_retries/|1001120560|100.00||
   152.202690145|449794500||arm_cmn_0/hnf_mc_reqs/|1001461240|100.00||
   152.202690145|817||arm_cmn_0/hnf_mc_retries/|1001462440|100.00||
   152.202690145|448028639||arm_cmn_1/hnf_mc_reqs/|1001463240|100.00||
   152.202690145|115||arm_cmn_1/hnf_mc_retries/|1001464440|100.00||
   153.204147747|435602581||arm_cmn_0/hnf_mc_reqs/|1001481680|100.00||
   153.204147747|806||arm_cmn_0/hnf_mc_retries/|1001481200|100.00||
   153.204147747|438346214||arm_cmn_1/hnf_mc_reqs/|1001481720|100.00||
   153.204147747|113||arm_cmn_1/hnf_mc_retries/|1001481480|100.00||
   154.205220334|433711872||arm_cmn_0/hnf_mc_reqs/|1001084880|100.00||
   154.205220334|657||arm_cmn_0/hnf_mc_retries/|1001084280|100.00||
   154.205220334|458863285||arm_cmn_1/hnf_mc_reqs/|1001082840|100.00||
   154.205220334|74||arm_cmn_1/hnf_mc_retries/|1001082440|100.00||
   155.206681931|409254783||arm_cmn_0/hnf_mc_reqs/|1001487760|100.00||
   155.206681931|646||arm_cmn_0/hnf_mc_retries/|1001490520|100.00||
   155.206681931|489712198||arm_cmn_1/hnf_mc_reqs/|1001490120|100.00||
   155.206681931|78||arm_cmn_1/hnf_mc_retries/|1001489680|100.00||
   156.208137545|413043248||arm_cmn_0/hnf_mc_reqs/|1001470960|100.00||
   156.208137545|719||arm_cmn_0/hnf_mc_retries/|1001469560|100.00||
   156.208137545|470328870||arm_cmn_1/hnf_mc_reqs/|1001470560|100.00||
   156.208137545|123||arm_cmn_1/hnf_mc_retries/|1001471160|100.00||
   157.209129066|420508620||arm_cmn_0/hnf_mc_reqs/|1001009800|100.00||
   157.209129066|660||arm_cmn_0/hnf_mc_retries/|1001010600|100.00||
   157.209129066|452304563||arm_cmn_1/hnf_mc_reqs/|1001011640|100.00||
   157.209129066|178||arm_cmn_1/hnf_mc_retries/|1001011480|100.00||
   158.210571793|422439268||arm_cmn_0/hnf_mc_reqs/|1001464440|100.00||
   158.210571793|699||arm_cmn_0/hnf_mc_retries/|1001462520|100.00||
   158.210571793|450439013||arm_cmn_1/hnf_mc_reqs/|1001460440|100.00||
   158.210571793|271||arm_cmn_1/hnf_mc_retries/|1001460080|100.00||
   159.212020178|441993094||arm_cmn_0/hnf_mc_reqs/|1001463680|100.00||
   159.212020178|825||arm_cmn_0/hnf_mc_retries/|1001464000|100.00||
   159.212020178|482681247||arm_cmn_1/hnf_mc_reqs/|1001464200|100.00||
   159.212020178|365||arm_cmn_1/hnf_mc_retries/|1001465080|100.00||
   160.213219343|432896029||arm_cmn_0/hnf_mc_reqs/|1001227480|100.00||
   160.213219343|789||arm_cmn_0/hnf_mc_retries/|1001227480|100.00||
   160.213219343|487708446||arm_cmn_1/hnf_mc_reqs/|1001227040|100.00||
   160.213219343|513||arm_cmn_1/hnf_mc_retries/|1001226560|100.00||
   161.214660840|417301777||arm_cmn_0/hnf_mc_reqs/|1001453520|100.00||
   161.214660840|751||arm_cmn_0/hnf_mc_retries/|1001452600|100.00||
   161.214660840|470141059||arm_cmn_1/hnf_mc_reqs/|1001453640|100.00||
   161.214660840|582||arm_cmn_1/hnf_mc_retries/|1001453440|100.00||
   162.216101313|432957154||arm_cmn_0/hnf_mc_reqs/|1001484040|100.00||
   162.216101313|806||arm_cmn_0/hnf_mc_retries/|1001485560|100.00||
   162.216101313|447624809||arm_cmn_1/hnf_mc_reqs/|1001484440|100.00||
   162.216101313|636||arm_cmn_1/hnf_mc_retries/|1001485360|100.00||
   163.217230328|433896115||arm_cmn_0/hnf_mc_reqs/|1001130800|100.00||
   163.217230328|784||arm_cmn_0/hnf_mc_retries/|1001130640|100.00||
   163.217230328|375896600||arm_cmn_1/hnf_mc_reqs/|1001132200|100.00||
   163.217230328|469||arm_cmn_1/hnf_mc_retries/|1001132480|100.00||
   164.218697432|434394507||arm_cmn_0/hnf_mc_reqs/|1001493240|100.00||
   164.218697432|858||arm_cmn_0/hnf_mc_retries/|1001492840|100.00||
   164.218697432|353895322||arm_cmn_1/hnf_mc_reqs/|1001491080|100.00||
   164.218697432|597||arm_cmn_1/hnf_mc_retries/|1001490240|100.00||
   165.220132552|415057045||arm_cmn_0/hnf_mc_reqs/|1001450840|100.00||
   165.220132552|683||arm_cmn_0/hnf_mc_retries/|1001450480|100.00||
   165.220132552|416968646||arm_cmn_1/hnf_mc_reqs/|1001452040|100.00||
   165.220132552|713||arm_cmn_1/hnf_mc_retries/|1001453680|100.00||
   166.221230453|362413005||arm_cmn_0/hnf_mc_reqs/|1001118240|100.00||
   166.221230453|631||arm_cmn_0/hnf_mc_retries/|1001118480|100.00||
   166.221230453|402538314||arm_cmn_1/hnf_mc_reqs/|1001117200|100.00||
   166.221230453|690||arm_cmn_1/hnf_mc_retries/|1001116400|100.00||
   167.222684243|384944370||arm_cmn_0/hnf_mc_reqs/|1001473200|100.00||
   167.222684243|706||arm_cmn_0/hnf_mc_retries/|1001473360|100.00||
   167.222684243|452203147||arm_cmn_1/hnf_mc_reqs/|1001475000|100.00||
   167.222684243|771||arm_cmn_1/hnf_mc_retries/|1001474400|100.00||
   168.224170047|325285070||arm_cmn_0/hnf_mc_reqs/|1001510160|100.00||
   168.224170047|547||arm_cmn_0/hnf_mc_retries/|1001509360|100.00||
   168.224170047|450780303||arm_cmn_1/hnf_mc_reqs/|1001507760|100.00||
   168.224170047|776||arm_cmn_1/hnf_mc_retries/|1001508400|100.00||
   169.225112876|378244412||arm_cmn_0/hnf_mc_reqs/|1000996320|100.00||
   169.225112876|667||arm_cmn_0/hnf_mc_retries/|1000996200|100.00||
   169.225112876|498197483||arm_cmn_1/hnf_mc_reqs/|1000998440|100.00||
   169.225112876|905||arm_cmn_1/hnf_mc_retries/|1000996440|100.00||
   170.226615948|411488378||arm_cmn_0/hnf_mc_reqs/|1001471840|100.00||
   170.226615948|687||arm_cmn_0/hnf_mc_retries/|1001473240|100.00||
   170.226615948|520261605||arm_cmn_1/hnf_mc_reqs/|1001473520|100.00||
   170.226615948|865||arm_cmn_1/hnf_mc_retries/|1001475560|100.00||
   171.228077156|411813617||arm_cmn_0/hnf_mc_reqs/|1001491280|100.00||
   171.228077156|857||arm_cmn_0/hnf_mc_retries/|1001490000|100.00||
   171.228077156|485154647||arm_cmn_1/hnf_mc_reqs/|1001488960|100.00||
   171.228077156|858||arm_cmn_1/hnf_mc_retries/|1001487200|100.00||
   172.229156225|435434087||arm_cmn_0/hnf_mc_reqs/|1001106600|100.00||
   172.229156225|840||arm_cmn_0/hnf_mc_retries/|1001109600|100.00||
   172.229156225|450764469||arm_cmn_1/hnf_mc_reqs/|1001109920|100.00||
   172.229156225|834||arm_cmn_1/hnf_mc_retries/|1001111120|100.00||
   173.230634581|461566133||arm_cmn_0/hnf_mc_reqs/|1001488560|100.00||
   173.230634581|785||arm_cmn_0/hnf_mc_retries/|1001487280|100.00||
   173.230634581|439605274||arm_cmn_1/hnf_mc_reqs/|1001487400|100.00||
   173.230634581|797||arm_cmn_1/hnf_mc_retries/|1001486880|100.00||
   174.232065912|441681238||arm_cmn_0/hnf_mc_reqs/|1001462760|100.00||
   174.232065912|840||arm_cmn_0/hnf_mc_retries/|1001462360|100.00||
   174.232065912|412973494||arm_cmn_1/hnf_mc_reqs/|1001461720|100.00||
   174.232065912|838||arm_cmn_1/hnf_mc_retries/|1001461360|100.00||
   175.233222541|451430175||arm_cmn_0/hnf_mc_reqs/|1001157360|100.00||
   175.233222541|833||arm_cmn_0/hnf_mc_retries/|1001156960|100.00||
   175.233222541|453390020||arm_cmn_1/hnf_mc_reqs/|1001156720|100.00||
   175.233222541|757||arm_cmn_1/hnf_mc_retries/|1001157080|100.00||
   176.234702217|405499248||arm_cmn_0/hnf_mc_reqs/|1001504680|100.00||
   176.234702217|747||arm_cmn_0/hnf_mc_retries/|1001504240|100.00||
   176.234702217|467310887||arm_cmn_1/hnf_mc_reqs/|1001504080|100.00||
   176.234702217|810||arm_cmn_1/hnf_mc_retries/|1001504400|100.00||
   177.236153627|401092063||arm_cmn_0/hnf_mc_reqs/|1001467920|100.00||
   177.236153627|661||arm_cmn_0/hnf_mc_retries/|1001468680|100.00||
   177.236153627|458515458||arm_cmn_1/hnf_mc_reqs/|1001468560|100.00||
   177.236153627|873||arm_cmn_1/hnf_mc_retries/|1001470320|100.00||
   178.237252097|413510740||arm_cmn_0/hnf_mc_reqs/|1001114160|100.00||
   178.237252097|717||arm_cmn_0/hnf_mc_retries/|1001113840|100.00||
   178.237252097|451120592||arm_cmn_1/hnf_mc_reqs/|1001113840|100.00||
   178.237252097|786||arm_cmn_1/hnf_mc_retries/|1001112560|100.00||
   179.238705573|398502083||arm_cmn_0/hnf_mc_reqs/|1001474840|100.00||
   179.238705573|615||arm_cmn_0/hnf_mc_retries/|1001474800|100.00||
   179.238705573|476643888||arm_cmn_1/hnf_mc_reqs/|1001477480|100.00||
   179.238705573|919||arm_cmn_1/hnf_mc_retries/|1001476320|100.00||
   180.240184421|419472844||arm_cmn_0/hnf_mc_reqs/|1001497800|100.00||
   180.240184421|676||arm_cmn_0/hnf_mc_retries/|1001497760|100.00||
   180.240184421|512748193||arm_cmn_1/hnf_mc_reqs/|1001495480|100.00||
   180.240184421|911||arm_cmn_1/hnf_mc_retries/|1001495640|100.00||
   181.241187651|432041935||arm_cmn_0/hnf_mc_reqs/|1001020880|100.00||
   181.241187651|801||arm_cmn_0/hnf_mc_retries/|1001020560|100.00||
   181.241187651|518108639||arm_cmn_1/hnf_mc_reqs/|1001022040|100.00||
   181.241187651|960||arm_cmn_1/hnf_mc_retries/|1001021640|100.00||
   182.242650004|429539698||arm_cmn_0/hnf_mc_reqs/|1001483240|100.00||
   182.242650004|833||arm_cmn_0/hnf_mc_retries/|1001483280|100.00||
   182.242650004|477011585||arm_cmn_1/hnf_mc_reqs/|1001482320|100.00||
   182.242650004|813||arm_cmn_1/hnf_mc_retries/|1001484120|100.00||
   183.244109969|444727472||arm_cmn_0/hnf_mc_reqs/|1001473320|100.00||
   183.244109969|714||arm_cmn_0/hnf_mc_retries/|1001473920|100.00||
   183.244109969|477287411||arm_cmn_1/hnf_mc_reqs/|1001473520|100.00||
   183.244109969|988||arm_cmn_1/hnf_mc_retries/|1001472320|100.00||
   184.245194073|452341752||arm_cmn_0/hnf_mc_reqs/|1001106600|100.00||
   184.245194073|738||arm_cmn_0/hnf_mc_retries/|1001108080|100.00||
   184.245194073|462672645||arm_cmn_1/hnf_mc_reqs/|1001107880|100.00||
   184.245194073|870||arm_cmn_1/hnf_mc_retries/|1001108800|100.00||
   185.246664222|455917338||arm_cmn_0/hnf_mc_reqs/|1001488240|100.00||
   185.246664222|921||arm_cmn_0/hnf_mc_retries/|1001486720|100.00||
   185.246664222|476810428||arm_cmn_1/hnf_mc_reqs/|1001487360|100.00||
   185.246664222|819||arm_cmn_1/hnf_mc_retries/|1001486720|100.00||
   186.248155982|463410690||arm_cmn_0/hnf_mc_reqs/|1001508600|100.00||
   186.248155982|859||arm_cmn_0/hnf_mc_retries/|1001508400|100.00||
   186.248155982|467183242||arm_cmn_1/hnf_mc_reqs/|1001508920|100.00||
   186.248155982|706||arm_cmn_1/hnf_mc_retries/|1001509360|100.00||
   187.249177562|425394250||arm_cmn_0/hnf_mc_reqs/|1001045720|100.00||
   187.249177562|653||arm_cmn_0/hnf_mc_retries/|1001044440|100.00||
   187.249177562|437119858||arm_cmn_1/hnf_mc_reqs/|1001044720|100.00||
   187.249177562|924||arm_cmn_1/hnf_mc_retries/|1001045200|100.00||
   188.250655785|431910094||arm_cmn_0/hnf_mc_reqs/|1001492840|100.00||
   188.250655785|846||arm_cmn_0/hnf_mc_retries/|1001495160|100.00||
   188.250655785|407874351||arm_cmn_1/hnf_mc_reqs/|1001492320|100.00||
   188.250655785|744||arm_cmn_1/hnf_mc_retries/|1001491840|100.00||
   189.252118299|427900165||arm_cmn_0/hnf_mc_reqs/|1001476280|100.00||
   189.252118299|634||arm_cmn_0/hnf_mc_retries/|1001475080|100.00||
   189.252118299|401509978||arm_cmn_1/hnf_mc_reqs/|1001476760|100.00||
   189.252118299|722||arm_cmn_1/hnf_mc_retries/|1001477200|100.00||
   190.253257829|405922223||arm_cmn_0/hnf_mc_reqs/|1001153320|100.00||
   190.253257829|735||arm_cmn_0/hnf_mc_retries/|1001152760|100.00||
   190.253257829|408423724||arm_cmn_1/hnf_mc_reqs/|1001152760|100.00||
   190.253257829|753||arm_cmn_1/hnf_mc_retries/|1001152760|100.00||
   191.254719285|411170139||arm_cmn_0/hnf_mc_reqs/|1001476640|100.00||
   191.254719285|833||arm_cmn_0/hnf_mc_retries/|1001476160|100.00||
   191.254719285|450106801||arm_cmn_1/hnf_mc_reqs/|1001474720|100.00||
   191.254719285|813||arm_cmn_1/hnf_mc_retries/|1001474080|100.00||
   192.256201471|390731108||arm_cmn_0/hnf_mc_reqs/|1001513640|100.00||
   192.256201471|718||arm_cmn_0/hnf_mc_retries/|1001512960|100.00||
   192.256201471|502353890||arm_cmn_1/hnf_mc_reqs/|1001513120|100.00||
   192.256201471|960||arm_cmn_1/hnf_mc_retries/|1001512720|100.00||
   193.257117836|366610520||arm_cmn_0/hnf_mc_reqs/|1000949160|100.00||
   193.257117836|511||arm_cmn_0/hnf_mc_retries/|1000951200|100.00||
   193.257117836|465395042||arm_cmn_1/hnf_mc_reqs/|1000951720|100.00||
   193.257117836|822||arm_cmn_1/hnf_mc_retries/|1000951880|100.00||
   194.258608283|398665789||arm_cmn_0/hnf_mc_reqs/|1001478600|100.00||
   194.258608283|759||arm_cmn_0/hnf_mc_retries/|1001478600|100.00||
   194.258608283|423051377||arm_cmn_1/hnf_mc_reqs/|1001482640|100.00||
   194.258608283|760||arm_cmn_1/hnf_mc_retries/|1001482560|100.00||
   195.260058699|412955765||arm_cmn_0/hnf_mc_reqs/|1001482800|100.00||
   195.260058699|677||arm_cmn_0/hnf_mc_retries/|1001482360|100.00||
   195.260058699|439576741||arm_cmn_1/hnf_mc_reqs/|1001480120|100.00||
   195.260058699|704||arm_cmn_1/hnf_mc_retries/|1001480160|100.00||
   196.261242290|408494329||arm_cmn_0/hnf_mc_reqs/|1001187240|100.00||
   196.261242290|752||arm_cmn_0/hnf_mc_retries/|1001185720|100.00||
   196.261242290|426474390||arm_cmn_1/hnf_mc_reqs/|1001185120|100.00||
   196.261242290|759||arm_cmn_1/hnf_mc_retries/|1001184720|100.00||
   197.262696966|424830445||arm_cmn_0/hnf_mc_reqs/|1001468000|100.00||
   197.262696966|665||arm_cmn_0/hnf_mc_retries/|1001469800|100.00||
   197.262696966|432277051||arm_cmn_1/hnf_mc_reqs/|1001469160|100.00||
   197.262696966|751||arm_cmn_1/hnf_mc_retries/|1001468640|100.00||
   198.264196531|430403469||arm_cmn_0/hnf_mc_reqs/|1001517480|100.00||
   198.264196531|758||arm_cmn_0/hnf_mc_retries/|1001516440|100.00||
   198.264196531|431742170||arm_cmn_1/hnf_mc_reqs/|1001518240|100.00||
   198.264196531|840||arm_cmn_1/hnf_mc_retries/|1001519000|100.00||
   199.265177074|391707166||arm_cmn_0/hnf_mc_reqs/|1001000480|100.00||
   199.265177074|778||arm_cmn_0/hnf_mc_retries/|1001001280|100.00||
   199.265177074|427375156||arm_cmn_1/hnf_mc_reqs/|1000998240|100.00||
   199.265177074|801||arm_cmn_1/hnf_mc_retries/|1000998520|100.00||
   200.266656497|387600277||arm_cmn_0/hnf_mc_reqs/|1001494800|100.00||
   200.266656497|593||arm_cmn_0/hnf_mc_retries/|1001494760|100.00||
   200.266656497|474506893||arm_cmn_1/hnf_mc_reqs/|1001497840|100.00||
   200.266656497|836||arm_cmn_1/hnf_mc_retries/|1001498080|100.00||
   201.268136650|399130553||arm_cmn_0/hnf_mc_reqs/|1001497280|100.00||
   201.268136650|710||arm_cmn_0/hnf_mc_retries/|1001497320|100.00||
   201.268136650|421256965||arm_cmn_1/hnf_mc_reqs/|1001496840|100.00||
   201.268136650|752||arm_cmn_1/hnf_mc_retries/|1001497120|100.00||
   202.269152338|394438559||arm_cmn_0/hnf_mc_reqs/|1001028160|100.00||
   202.269152338|683||arm_cmn_0/hnf_mc_retries/|1001028320|100.00||
   202.269152338|424865183||arm_cmn_1/hnf_mc_reqs/|1001027080|100.00||
   202.269152338|767||arm_cmn_1/hnf_mc_retries/|1001028080|100.00||
   203.270619828|415147918||arm_cmn_0/hnf_mc_reqs/|1001493480|100.00||
   203.270619828|593||arm_cmn_0/hnf_mc_retries/|1001492600|100.00||
   203.270619828|430438581||arm_cmn_1/hnf_mc_reqs/|1001493320|100.00||
   203.270619828|835||arm_cmn_1/hnf_mc_retries/|1001492280|100.00||
   204.272083126|395825848||arm_cmn_0/hnf_mc_reqs/|1001484200|100.00||
   204.272083126|689||arm_cmn_0/hnf_mc_retries/|1001483680|100.00||
   204.272083126|454434538||arm_cmn_1/hnf_mc_reqs/|1001482160|100.00||
   204.272083126|850||arm_cmn_1/hnf_mc_retries/|1001480960|100.00||
   205.273227918|393417245||arm_cmn_0/hnf_mc_reqs/|1001136920|100.00||
   205.273227918|595||arm_cmn_0/hnf_mc_retries/|1001137960|100.00||
   205.273227918|449263826||arm_cmn_1/hnf_mc_reqs/|1001137160|100.00||
   205.273227918|876||arm_cmn_1/hnf_mc_retries/|1001138040|100.00||
   206.274667553|410420819||arm_cmn_0/hnf_mc_reqs/|1001468920|100.00||
   206.274667553|738||arm_cmn_0/hnf_mc_retries/|1001468520|100.00||
   206.274667553|444512560||arm_cmn_1/hnf_mc_reqs/|1001469840|100.00||
   206.274667553|809||arm_cmn_1/hnf_mc_retries/|1001469200|100.00||
   207.276141355|395793745||arm_cmn_0/hnf_mc_reqs/|1001496560|100.00||
   207.276141355|661||arm_cmn_0/hnf_mc_retries/|1001496520|100.00||
   207.276141355|452457788||arm_cmn_1/hnf_mc_reqs/|1001495480|100.00||
   207.276141355|869||arm_cmn_1/hnf_mc_retries/|1001496800|100.00||
   208.277218331|394859823||arm_cmn_0/hnf_mc_reqs/|1001080960|100.00||
   208.277218331|797||arm_cmn_0/hnf_mc_retries/|1001081600|100.00||
   208.277218331|436350921||arm_cmn_1/hnf_mc_reqs/|1001082680|100.00||
   208.277218331|851||arm_cmn_1/hnf_mc_retries/|1001082240|100.00||
   209.278666789|410272282||arm_cmn_0/hnf_mc_reqs/|1001463040|100.00||
   209.278666789|686||arm_cmn_0/hnf_mc_retries/|1001461640|100.00||
   209.278666789|435786083||arm_cmn_1/hnf_mc_reqs/|1001462200|100.00||
   209.278666789|762||arm_cmn_1/hnf_mc_retries/|1001462320|100.00||
   210.280135894|412364649||arm_cmn_0/hnf_mc_reqs/|1001485960|100.00||
   210.280135894|827||arm_cmn_0/hnf_mc_retries/|1001487240|100.00||
   210.280135894|430629847||arm_cmn_1/hnf_mc_reqs/|1001486560|100.00||
   210.280135894|857||arm_cmn_1/hnf_mc_retries/|1001486160|100.00||
   211.281114694|413323646||arm_cmn_0/hnf_mc_reqs/|1000994360|100.00||
   211.281114694|815||arm_cmn_0/hnf_mc_retries/|1000995320|100.00||
   211.281114694|420706887||arm_cmn_1/hnf_mc_reqs/|1000993680|100.00||
   211.281114694|655||arm_cmn_1/hnf_mc_retries/|1000992960|100.00||
   212.282567373|393408324||arm_cmn_0/hnf_mc_reqs/|1001472400|100.00||
   212.282567373|723||arm_cmn_0/hnf_mc_retries/|1001473800|100.00||
   212.282567373|427369346||arm_cmn_1/hnf_mc_reqs/|1001475200|100.00||
   212.282567373|726||arm_cmn_1/hnf_mc_retries/|1001475200|100.00||
   213.284054659|405456577||arm_cmn_0/hnf_mc_reqs/|1001494200|100.00||
   213.284054659|622||arm_cmn_0/hnf_mc_retries/|1001492040|100.00||
   213.284054659|463645373||arm_cmn_1/hnf_mc_reqs/|1001492680|100.00||
   213.284054659|848||arm_cmn_1/hnf_mc_retries/|1001495200|100.00||
   214.285224396|393548292||arm_cmn_0/hnf_mc_reqs/|1001192440|100.00||
   214.285224396|676||arm_cmn_0/hnf_mc_retries/|1001191440|100.00||
   214.285224396|455108933||arm_cmn_1/hnf_mc_reqs/|1001190840|100.00||
   214.285224396|768||arm_cmn_1/hnf_mc_retries/|1001188120|100.00||
   215.286685015|394757021||arm_cmn_0/hnf_mc_reqs/|1001471680|100.00||
   215.286685015|654||arm_cmn_0/hnf_mc_retries/|1001470880|100.00||
   215.286685015|448631436||arm_cmn_1/hnf_mc_reqs/|1001471680|100.00||
   215.286685015|817||arm_cmn_1/hnf_mc_retries/|1001472560|100.00||
   216.288130081|404028856||arm_cmn_0/hnf_mc_reqs/|1001473840|100.00||
   216.288130081|742||arm_cmn_0/hnf_mc_retries/|1001475880|100.00||
   216.288130081|446242939||arm_cmn_1/hnf_mc_reqs/|1001475560|100.00||
   216.288130081|909||arm_cmn_1/hnf_mc_retries/|1001475080|100.00||
   217.289231758|402293187||arm_cmn_0/hnf_mc_reqs/|1001095520|100.00||
   217.289231758|647||arm_cmn_0/hnf_mc_retries/|1001094320|100.00||
   217.289231758|431896371||arm_cmn_1/hnf_mc_reqs/|1001092440|100.00||
   217.289231758|747||arm_cmn_1/hnf_mc_retries/|1001092800|100.00||
   218.290676036|404260083||arm_cmn_0/hnf_mc_reqs/|1001467200|100.00||
   218.290676036|742||arm_cmn_0/hnf_mc_retries/|1001466960|100.00||
   218.290676036|443467011||arm_cmn_1/hnf_mc_reqs/|1001468600|100.00||
   218.290676036|729||arm_cmn_1/hnf_mc_retries/|1001468840|100.00||
   219.292138320|425907939||arm_cmn_0/hnf_mc_reqs/|1001482000|100.00||
   219.292138320|737||arm_cmn_0/hnf_mc_retries/|1001483080|100.00||
   219.292138320|536575934||arm_cmn_1/hnf_mc_reqs/|1001482200|100.00||
   219.292138320|1167||arm_cmn_1/hnf_mc_retries/|1001483120|100.00||
   220.293253254|415956403||arm_cmn_0/hnf_mc_reqs/|1001119080|100.00||
   220.293253254|775||arm_cmn_0/hnf_mc_retries/|1001121200|100.00||
   220.293253254|592740244||arm_cmn_1/hnf_mc_reqs/|1001120600|100.00||
   220.293253254|1017||arm_cmn_1/hnf_mc_retries/|1001119840|100.00||
   221.294702349|416237882||arm_cmn_0/hnf_mc_reqs/|1001474440|100.00||
   221.294702349|680||arm_cmn_0/hnf_mc_retries/|1001474480|100.00||
   221.294702349|317952574||arm_cmn_1/hnf_mc_reqs/|1001477000|100.00||
   221.294702349|735||arm_cmn_1/hnf_mc_retries/|1001476920|100.00||
   221.739469423|184461899||arm_cmn_0/hnf_mc_reqs/|444761400|100.00||
   221.739469423|313||arm_cmn_0/hnf_mc_retries/|444758800|100.00||
   221.739469423|118470892||arm_cmn_1/hnf_mc_reqs/|444759000|100.00||
   221.739469423|174||arm_cmn_1/hnf_mc_retries/|444758760|100.00||
