     1.001084509|1135658877||arm_cmn_0/hnf_mc_reqs/|1001528000|100.00||
     1.001084509|2744||arm_cmn_0/hnf_mc_retries/|1001522680|100.00||
     1.001084509|1385067263||arm_cmn_1/hnf_mc_reqs/|1001484120|100.00||
     1.001084509|383||arm_cmn_1/hnf_mc_retries/|1001453400|100.00||
     2.002669243|1212486607||arm_cmn_0/hnf_mc_reqs/|1001583960|100.00||
     2.002669243|2671||arm_cmn_0/hnf_mc_retries/|1001577600|100.00||
     2.002669243|1439645575||arm_cmn_1/hnf_mc_reqs/|1001577120|100.00||
     2.002669243|311||arm_cmn_1/hnf_mc_retries/|1001577320|100.00||
     3.004120724|1235798634||arm_cmn_0/hnf_mc_reqs/|1001431560|100.00||
     3.004120724|2987||arm_cmn_0/hnf_mc_retries/|1001431360|100.00||
     3.004120724|1464124562||arm_cmn_1/hnf_mc_reqs/|1001432080|100.00||
     3.004120724|360||arm_cmn_1/hnf_mc_retries/|1001432720|100.00||
     4.005545993|1319499196||arm_cmn_0/hnf_mc_reqs/|1001448280|100.00||
     4.005545993|3121||arm_cmn_0/hnf_mc_retries/|1001448720|100.00||
     4.005545993|1556373333||arm_cmn_1/hnf_mc_reqs/|1001448280|100.00||
     4.005545993|513||arm_cmn_1/hnf_mc_retries/|1001447240|100.00||
     5.007190329|1388630816||arm_cmn_0/hnf_mc_reqs/|1001630640|100.00||
     5.007190329|3378||arm_cmn_0/hnf_mc_retries/|1001630120|100.00||
     5.007190329|1646301744||arm_cmn_1/hnf_mc_reqs/|1001629560|100.00||
     5.007190329|592||arm_cmn_1/hnf_mc_retries/|1001631040|100.00||
     6.008607332|1472579616||arm_cmn_0/hnf_mc_reqs/|1001441040|100.00||
     6.008607332|4166||arm_cmn_0/hnf_mc_retries/|1001440960|100.00||
     6.008607332|1764533111||arm_cmn_1/hnf_mc_reqs/|1001442480|100.00||
     6.008607332|952||arm_cmn_1/hnf_mc_retries/|1001441840|100.00||
     7.010065203|1410381368||arm_cmn_0/hnf_mc_reqs/|1001464680|100.00||
     7.010065203|3739||arm_cmn_0/hnf_mc_retries/|1001465080|100.00||
     7.010065203|1977752731||arm_cmn_1/hnf_mc_reqs/|1001464880|100.00||
     7.010065203|10672||arm_cmn_1/hnf_mc_retries/|1001464440|100.00||
     8.011167743|1353900950||arm_cmn_0/hnf_mc_reqs/|1001093640|100.00||
     8.011167743|3109||arm_cmn_0/hnf_mc_retries/|1001095560|100.00||
     8.011167743|2096437770||arm_cmn_1/hnf_mc_reqs/|1001096480|100.00||
     8.011167743|35949||arm_cmn_1/hnf_mc_retries/|1001096600|100.00||
     9.012620508|1366543983||arm_cmn_0/hnf_mc_reqs/|1001467800|100.00||
     9.012620508|3180||arm_cmn_0/hnf_mc_retries/|1001466720|100.00||
     9.012620508|2256973223||arm_cmn_1/hnf_mc_reqs/|1001465600|100.00||
     9.012620508|616832||arm_cmn_1/hnf_mc_retries/|1001465320|100.00||
    10.014123700|1377249392||arm_cmn_0/hnf_mc_reqs/|1001508960|100.00||
    10.014123700|3117||arm_cmn_0/hnf_mc_retries/|1001508400|100.00||
    10.014123700|2333058321||arm_cmn_1/hnf_mc_reqs/|1001508000|100.00||
    10.014123700|999763||arm_cmn_1/hnf_mc_retries/|1001508440|100.00||
    11.015223760|1425124756||arm_cmn_0/hnf_mc_reqs/|1001092400|100.00||
    11.015223760|3780||arm_cmn_0/hnf_mc_retries/|1001093760|100.00||
    11.015223760|2416610145||arm_cmn_1/hnf_mc_reqs/|1001097640|100.00||
    11.015223760|6035617||arm_cmn_1/hnf_mc_retries/|1001097840|100.00||
    12.016704046|1480297014||arm_cmn_0/hnf_mc_reqs/|1001495240|100.00||
    12.016704046|3501||arm_cmn_0/hnf_mc_retries/|1001494360|100.00||
    12.016704046|2477471484||arm_cmn_1/hnf_mc_reqs/|1001489760|100.00||
    12.016704046|17431209||arm_cmn_1/hnf_mc_retries/|1001490160|100.00||
    13.018212998|1528716611||arm_cmn_0/hnf_mc_reqs/|1001524880|100.00||
    13.018212998|3695||arm_cmn_0/hnf_mc_retries/|1001525040|100.00||
    13.018212998|2547971304||arm_cmn_1/hnf_mc_reqs/|1001525800|100.00||
    13.018212998|26747363||arm_cmn_1/hnf_mc_retries/|1001525040|100.00||
    14.019210100|1617259038||arm_cmn_0/hnf_mc_reqs/|1000991920|100.00||
    14.019210100|3838||arm_cmn_0/hnf_mc_retries/|1000993000|100.00||
    14.019210100|2552981531||arm_cmn_1/hnf_mc_reqs/|1000993760|100.00||
    14.019210100|30961678||arm_cmn_1/hnf_mc_retries/|1000994720|100.00||
    15.020700586|1687018478||arm_cmn_0/hnf_mc_reqs/|1001505680|100.00||
    15.020700586|4174||arm_cmn_0/hnf_mc_retries/|1001505520|100.00||
    15.020700586|2600258311||arm_cmn_1/hnf_mc_reqs/|1001505240|100.00||
    15.020700586|47354200||arm_cmn_1/hnf_mc_retries/|1001503920|100.00||
    16.022223339|1761392862||arm_cmn_0/hnf_mc_reqs/|1001536440|100.00||
    16.022223339|4846||arm_cmn_0/hnf_mc_retries/|1001537920|100.00||
    16.022223339|2586302980||arm_cmn_1/hnf_mc_reqs/|1001538480|100.00||
    16.022223339|39617330||arm_cmn_1/hnf_mc_retries/|1001539280|100.00||
    17.023106202|1940061688||arm_cmn_0/hnf_mc_reqs/|1000855640|100.00||
    17.023106202|6498||arm_cmn_0/hnf_mc_retries/|1000854480|100.00||
    17.023106202|2592938035||arm_cmn_1/hnf_mc_reqs/|1000854320|100.00||
    17.023106202|44249737||arm_cmn_1/hnf_mc_retries/|1000855880|100.00||
    18.024563808|1972553303||arm_cmn_0/hnf_mc_reqs/|1001502080|100.00||
    18.024563808|7560||arm_cmn_0/hnf_mc_retries/|1001503000|100.00||
    18.024563808|2622344653||arm_cmn_1/hnf_mc_reqs/|1001502640|100.00||
    18.024563808|62347600||arm_cmn_1/hnf_mc_retries/|1001500760|100.00||
    19.026093680|2176727435||arm_cmn_0/hnf_mc_reqs/|1001536000|100.00||
    19.026093680|43914||arm_cmn_0/hnf_mc_retries/|1001535600|100.00||
    19.026093680|2633635192||arm_cmn_1/hnf_mc_reqs/|1001535120|100.00||
    19.026093680|63747417||arm_cmn_1/hnf_mc_retries/|1001536800|100.00||
    20.027159982|2301335730||arm_cmn_0/hnf_mc_reqs/|1001053040|100.00||
    20.027159982|164915||arm_cmn_0/hnf_mc_retries/|1001054560|100.00||
    20.027159982|2639326052||arm_cmn_1/hnf_mc_reqs/|1001054960|100.00||
    20.027159982|68881580||arm_cmn_1/hnf_mc_retries/|1001053240|100.00||
    21.028677107|2423996459||arm_cmn_0/hnf_mc_reqs/|1001545680|100.00||
    21.028677107|3583924||arm_cmn_0/hnf_mc_retries/|1001543080|100.00||
    21.028677107|2656081803||arm_cmn_1/hnf_mc_reqs/|1001544600|100.00||
    21.028677107|79511628||arm_cmn_1/hnf_mc_retries/|1001545760|100.00||
    22.030235818|2542894865||arm_cmn_0/hnf_mc_reqs/|1001578560|100.00||
    22.030235818|18806348||arm_cmn_0/hnf_mc_retries/|1001583240|100.00||
    22.030235818|2665229044||arm_cmn_1/hnf_mc_reqs/|1001583640|100.00||
    22.030235818|77946291||arm_cmn_1/hnf_mc_retries/|1001583680|100.00||
    23.031092840|2607488207||arm_cmn_0/hnf_mc_reqs/|1000836280|100.00||
    23.031092840|31616252||arm_cmn_0/hnf_mc_retries/|1000833600|100.00||
    23.031092840|2692243823||arm_cmn_1/hnf_mc_reqs/|1000832920|100.00||
    23.031092840|97276250||arm_cmn_1/hnf_mc_retries/|1000832840|100.00||
    24.032634324|2628683380||arm_cmn_0/hnf_mc_reqs/|1001557040|100.00||
    24.032634324|42972848||arm_cmn_0/hnf_mc_retries/|1001557840|100.00||
    24.032634324|2701356140||arm_cmn_1/hnf_mc_reqs/|1001557000|100.00||
    24.032634324|100480610||arm_cmn_1/hnf_mc_retries/|1001556400|100.00||
    25.034208155|2700073042||arm_cmn_0/hnf_mc_reqs/|1001607960|100.00||
    25.034208155|78413325||arm_cmn_0/hnf_mc_retries/|1001606960|100.00||
    25.034208155|2731078779||arm_cmn_1/hnf_mc_reqs/|1001609840|100.00||
    25.034208155|121397860||arm_cmn_1/hnf_mc_retries/|1001612600|100.00||
    26.035205174|2761512664||arm_cmn_0/hnf_mc_reqs/|1000980400|100.00||
    26.035205174|114621551||arm_cmn_0/hnf_mc_retries/|1000978800|100.00||
    26.035205174|2755550623||arm_cmn_1/hnf_mc_reqs/|1000978960|100.00||
    26.035205174|134879104||arm_cmn_1/hnf_mc_retries/|1000978800|100.00||
    27.036765857|2779309138||arm_cmn_0/hnf_mc_reqs/|1001570680|100.00||
    27.036765857|118235033||arm_cmn_0/hnf_mc_retries/|1001572040|100.00||
    27.036765857|2749327020||arm_cmn_1/hnf_mc_reqs/|1001571600|100.00||
    27.036765857|126346765||arm_cmn_1/hnf_mc_retries/|1001570320|100.00||
    28.038386965|2800346699||arm_cmn_0/hnf_mc_reqs/|1001634080|100.00||
    28.038386965|133180756||arm_cmn_0/hnf_mc_retries/|1001637880|100.00||
    28.038386965|2759661313||arm_cmn_1/hnf_mc_reqs/|1001637080|100.00||
    28.038386965|133350382||arm_cmn_1/hnf_mc_retries/|1001637240|100.00||
    29.039149944|2774775975||arm_cmn_0/hnf_mc_reqs/|1000747040|100.00||
    29.039149944|112100662||arm_cmn_0/hnf_mc_retries/|1000746760|100.00||
    29.039149944|2780057693||arm_cmn_1/hnf_mc_reqs/|1000744560|100.00||
    29.039149944|151308555||arm_cmn_1/hnf_mc_retries/|1000747960|100.00||
    30.040780025|2778534188||arm_cmn_0/hnf_mc_reqs/|1001654120|100.00||
    30.040780025|115380647||arm_cmn_0/hnf_mc_retries/|1001652960|100.00||
    30.040780025|2776281062||arm_cmn_1/hnf_mc_reqs/|1001657120|100.00||
    30.040780025|147182466||arm_cmn_1/hnf_mc_retries/|1001651880|100.00||
    31.042384291|2778257538||arm_cmn_0/hnf_mc_reqs/|1001621480|100.00||
    31.042384291|114400200||arm_cmn_0/hnf_mc_retries/|1001622120|100.00||
    31.042384291|2816177363||arm_cmn_1/hnf_mc_reqs/|1001619240|100.00||
    31.042384291|173373837||arm_cmn_1/hnf_mc_retries/|1001622640|100.00||
    32.043158588|2771879295||arm_cmn_0/hnf_mc_reqs/|1000751760|100.00||
    32.043158588|113371862||arm_cmn_0/hnf_mc_retries/|1000749800|100.00||
    32.043158588|2807139609||arm_cmn_1/hnf_mc_reqs/|1000750560|100.00||
    32.043158588|171199448||arm_cmn_1/hnf_mc_retries/|1000748560|100.00||
    33.044703547|2771786719||arm_cmn_0/hnf_mc_reqs/|1001573120|100.00||
    33.044703547|113203755||arm_cmn_0/hnf_mc_retries/|1001573520|100.00||
    33.044703547|2870086803||arm_cmn_1/hnf_mc_reqs/|1001575400|100.00||
    33.044703547|215123432||arm_cmn_1/hnf_mc_retries/|1001574720|100.00||
    34.046345250|2797147030||arm_cmn_0/hnf_mc_reqs/|1001642680|100.00||
    34.046345250|129883018||arm_cmn_0/hnf_mc_retries/|1001644160|100.00||
    34.046345250|2882248300||arm_cmn_1/hnf_mc_reqs/|1001642280|100.00||
    34.046345250|221750981||arm_cmn_1/hnf_mc_retries/|1001646160|100.00||
    35.047242264|2763008815||arm_cmn_0/hnf_mc_reqs/|1000879200|100.00||
    35.047242264|110827048||arm_cmn_0/hnf_mc_retries/|1000877160|100.00||
    35.047242264|2916937376||arm_cmn_1/hnf_mc_reqs/|1000879600|100.00||
    35.047242264|251185093||arm_cmn_1/hnf_mc_retries/|1000877160|100.00||
    36.048826739|2760123887||arm_cmn_0/hnf_mc_reqs/|1001618640|100.00||
    36.048826739|105624877||arm_cmn_0/hnf_mc_retries/|1001618320|100.00||
    36.048826739|2949686180||arm_cmn_1/hnf_mc_reqs/|1001614680|100.00||
    36.048826739|273105373||arm_cmn_1/hnf_mc_retries/|1001615120|100.00||
    37.050487080|2771898716||arm_cmn_0/hnf_mc_reqs/|1001663920|100.00||
    37.050487080|114628319||arm_cmn_0/hnf_mc_retries/|1001663760|100.00||
    37.050487080|2977169338||arm_cmn_1/hnf_mc_reqs/|1001665040|100.00||
    37.050487080|293168240||arm_cmn_1/hnf_mc_retries/|1001663040|100.00||
    38.052082047|2795350585||arm_cmn_0/hnf_mc_reqs/|1001597720|100.00||
    38.052082047|133640234||arm_cmn_0/hnf_mc_retries/|1001600840|100.00||
    38.052082047|3000841541||arm_cmn_1/hnf_mc_reqs/|1001601760|100.00||
    38.052082047|312660186||arm_cmn_1/hnf_mc_retries/|1001601280|100.00||
    39.053712519|2793033848||arm_cmn_0/hnf_mc_reqs/|1001646720|100.00||
    39.053712519|129903999||arm_cmn_0/hnf_mc_retries/|1001647040|100.00||
    39.053712519|3040614667||arm_cmn_1/hnf_mc_reqs/|1001648120|100.00||
    39.053712519|343693646||arm_cmn_1/hnf_mc_retries/|1001648640|100.00||
    40.055206378|2788214233||arm_cmn_0/hnf_mc_reqs/|1001474240|100.00||
    40.055206378|126903305||arm_cmn_0/hnf_mc_retries/|1001471120|100.00||
    40.055206378|3063022956||arm_cmn_1/hnf_mc_reqs/|1001466280|100.00||
    40.055206378|360814309||arm_cmn_1/hnf_mc_retries/|1001466760|100.00||
    41.056783621|2796973634||arm_cmn_0/hnf_mc_reqs/|1001592080|100.00||
    41.056783621|131621025||arm_cmn_0/hnf_mc_retries/|1001591520|100.00||
    41.056783621|3060184957||arm_cmn_1/hnf_mc_reqs/|1001593360|100.00||
    41.056783621|358139262||arm_cmn_1/hnf_mc_retries/|1001594080|100.00||
    42.058431489|2798361938||arm_cmn_0/hnf_mc_reqs/|1001659200|100.00||
    42.058431489|133098668||arm_cmn_0/hnf_mc_retries/|1001659240|100.00||
    42.058431489|3081440041||arm_cmn_1/hnf_mc_reqs/|1001660360|100.00||
    42.058431489|373520930||arm_cmn_1/hnf_mc_retries/|1001659920|100.00||
    43.060037623|2814017223||arm_cmn_0/hnf_mc_reqs/|1001606760|100.00||
    43.060037623|149774774||arm_cmn_0/hnf_mc_retries/|1001608240|100.00||
    43.060037623|3077049085||arm_cmn_1/hnf_mc_reqs/|1001607520|100.00||
    43.060037623|367861299||arm_cmn_1/hnf_mc_retries/|1001608880|100.00||
    44.061752582|2787941369||arm_cmn_0/hnf_mc_reqs/|1001713760|100.00||
    44.061752582|124751065||arm_cmn_0/hnf_mc_retries/|1001711560|100.00||
    44.061752582|3041744280||arm_cmn_1/hnf_mc_reqs/|1001709760|100.00||
    44.061752582|341671761||arm_cmn_1/hnf_mc_retries/|1001707200|100.00||
    45.063090328|2772240254||arm_cmn_0/hnf_mc_reqs/|1001357160|100.00||
    45.063090328|118638051||arm_cmn_0/hnf_mc_retries/|1001360640|100.00||
    45.063090328|3053217150||arm_cmn_1/hnf_mc_reqs/|1001361520|100.00||
    45.063090328|348960665||arm_cmn_1/hnf_mc_retries/|1001361760|100.00||
    46.064681937|2761711689||arm_cmn_0/hnf_mc_reqs/|1001582520|100.00||
    46.064681937|108448771||arm_cmn_0/hnf_mc_retries/|1001580320|100.00||
    46.064681937|2968983041||arm_cmn_1/hnf_mc_reqs/|1001582160|100.00||
    46.064681937|280989367||arm_cmn_1/hnf_mc_retries/|1001583960|100.00||
    47.066285412|2771691092||arm_cmn_0/hnf_mc_reqs/|1001627240|100.00||
    47.066285412|121543708||arm_cmn_0/hnf_mc_retries/|1001628680|100.00||
    47.066285412|2948544944||arm_cmn_1/hnf_mc_reqs/|1001628960|100.00||
    47.066285412|267493557||arm_cmn_1/hnf_mc_retries/|1001629360|100.00||
    48.067137236|2779118530||arm_cmn_0/hnf_mc_reqs/|1000814720|100.00||
    48.067137236|120184639||arm_cmn_0/hnf_mc_retries/|1000813000|100.00||
    48.067137236|2816120638||arm_cmn_1/hnf_mc_reqs/|1000813360|100.00||
    48.067137236|165685078||arm_cmn_1/hnf_mc_retries/|1000811880|100.00||
    49.068748840|2778834927||arm_cmn_0/hnf_mc_reqs/|1001627040|100.00||
    49.068748840|121830931||arm_cmn_0/hnf_mc_retries/|1001627480|100.00||
    49.068748840|2736280872||arm_cmn_1/hnf_mc_reqs/|1001626280|100.00||
    49.068748840|108602124||arm_cmn_1/hnf_mc_retries/|1001628400|100.00||
    50.070354990|2776412596||arm_cmn_0/hnf_mc_reqs/|1001634560|100.00||
    50.070354990|119486835||arm_cmn_0/hnf_mc_retries/|1001634200|100.00||
    50.070354990|2667446528||arm_cmn_1/hnf_mc_reqs/|1001634640|100.00||
    50.070354990|68072516||arm_cmn_1/hnf_mc_retries/|1001632440|100.00||
    51.071242568|2782378371||arm_cmn_0/hnf_mc_reqs/|1000863280|100.00||
    51.071242568|120039362||arm_cmn_0/hnf_mc_retries/|1000865440|100.00||
    51.071242568|2574964368||arm_cmn_1/hnf_mc_reqs/|1000865520|100.00||
    51.071242568|26980485||arm_cmn_1/hnf_mc_retries/|1000867640|100.00||
    52.072822448|2756148160||arm_cmn_0/hnf_mc_reqs/|1001663680|100.00||
    52.072822448|102491217||arm_cmn_0/hnf_mc_retries/|1001662840|100.00||
    52.072822448|2502740557||arm_cmn_1/hnf_mc_reqs/|1001663920|100.00||
    52.072822448|9272145||arm_cmn_1/hnf_mc_retries/|1001661720|100.00||
    53.074517392|2822155171||arm_cmn_0/hnf_mc_reqs/|1001622920|100.00||
    53.074517392|146976942||arm_cmn_0/hnf_mc_retries/|1001621720|100.00||
    53.074517392|2437317942||arm_cmn_1/hnf_mc_reqs/|1001621840|100.00||
    53.074517392|3008202||arm_cmn_1/hnf_mc_retries/|1001621120|100.00||
    54.076077162|2812511301||arm_cmn_0/hnf_mc_reqs/|1001559520|100.00||
    54.076077162|140559126||arm_cmn_0/hnf_mc_retries/|1001559920|100.00||
    54.076077162|2362377983||arm_cmn_1/hnf_mc_reqs/|1001560680|100.00||
    54.076077162|951307||arm_cmn_1/hnf_mc_retries/|1001560520|100.00||
    55.077662116|2787750522||arm_cmn_0/hnf_mc_reqs/|1001605800|100.00||
    55.077662116|120431997||arm_cmn_0/hnf_mc_retries/|1001606320|100.00||
    55.077662116|2255928553||arm_cmn_1/hnf_mc_reqs/|1001604240|100.00||
    55.077662116|81910||arm_cmn_1/hnf_mc_retries/|1001605400|100.00||
    56.079156936|2772534730||arm_cmn_0/hnf_mc_reqs/|1001479320|100.00||
    56.079156936|109392004||arm_cmn_0/hnf_mc_retries/|1001478640|100.00||
    56.079156936|2139401749||arm_cmn_1/hnf_mc_reqs/|1001478560|100.00||
    56.079156936|34092||arm_cmn_1/hnf_mc_retries/|1001477120|100.00||
    57.080715699|2784964530||arm_cmn_0/hnf_mc_reqs/|1001566160|100.00||
    57.080715699|118776412||arm_cmn_0/hnf_mc_retries/|1001565680|100.00||
    57.080715699|2036364113||arm_cmn_1/hnf_mc_reqs/|1001565080|100.00||
    57.080715699|4745||arm_cmn_1/hnf_mc_retries/|1001565320|100.00||
    58.082331368|2695985295||arm_cmn_0/hnf_mc_reqs/|1001639640|100.00||
    58.082331368|63805800||arm_cmn_0/hnf_mc_retries/|1001639440|100.00||
    58.082331368|2031192263||arm_cmn_1/hnf_mc_reqs/|1001638840|100.00||
    58.082331368|7221||arm_cmn_1/hnf_mc_retries/|1001639120|100.00||
    59.083096864|2631460633||arm_cmn_0/hnf_mc_reqs/|1000739280|100.00||
    59.083096864|32351594||arm_cmn_0/hnf_mc_retries/|1000742360|100.00||
    59.083096864|1970065709||arm_cmn_1/hnf_mc_reqs/|1000744360|100.00||
    59.083096864|7277||arm_cmn_1/hnf_mc_retries/|1000745600|100.00||
    60.084609061|2594036153||arm_cmn_0/hnf_mc_reqs/|1001524920|100.00||
    60.084609061|19070197||arm_cmn_0/hnf_mc_retries/|1001521520|100.00||
    60.084609061|1884013580||arm_cmn_1/hnf_mc_reqs/|1001519720|100.00||
    60.084609061|2191||arm_cmn_1/hnf_mc_retries/|1001518240|100.00||
    61.086142803|2505856443||arm_cmn_0/hnf_mc_reqs/|1001535360|100.00||
    61.086142803|5389120||arm_cmn_0/hnf_mc_retries/|1001535360|100.00||
    61.086142803|1840852912||arm_cmn_1/hnf_mc_reqs/|1001533760|100.00||
    61.086142803|12665||arm_cmn_1/hnf_mc_retries/|1001533600|100.00||
    62.087173612|2336711262||arm_cmn_0/hnf_mc_reqs/|1001015640|100.00||
    62.087173612|146946||arm_cmn_0/hnf_mc_retries/|1001015000|100.00||
    62.087173612|1722962297||arm_cmn_1/hnf_mc_reqs/|1001015320|100.00||
    62.087173612|1421||arm_cmn_1/hnf_mc_retries/|1001014920|100.00||
    63.088661123|2220272528||arm_cmn_0/hnf_mc_reqs/|1001496840|100.00||
    63.088661123|22161||arm_cmn_0/hnf_mc_retries/|1001495800|100.00||
    63.088661123|1654537726||arm_cmn_1/hnf_mc_reqs/|1001496400|100.00||
    63.088661123|883||arm_cmn_1/hnf_mc_retries/|1001497000|100.00||
    64.090166898|1871594777||arm_cmn_0/hnf_mc_reqs/|1001507400|100.00||
    64.090166898|4943||arm_cmn_0/hnf_mc_retries/|1001506720|100.00||
    64.090166898|1569929008||arm_cmn_1/hnf_mc_reqs/|1001504760|100.00||
    64.090166898|710||arm_cmn_1/hnf_mc_retries/|1001503560|100.00||
    65.091159539|1648165896||arm_cmn_0/hnf_mc_reqs/|1000964360|100.00||
    65.091159539|3814||arm_cmn_0/hnf_mc_retries/|1000965440|100.00||
    65.091159539|1453990253||arm_cmn_1/hnf_mc_reqs/|1000966120|100.00||
    65.091159539|584||arm_cmn_1/hnf_mc_retries/|1000967920|100.00||
    66.092586483|1565223193||arm_cmn_0/hnf_mc_reqs/|1001447640|100.00||
    66.092586483|3526||arm_cmn_0/hnf_mc_retries/|1001444760|100.00||
    66.092586483|1277947220||arm_cmn_1/hnf_mc_reqs/|1001446200|100.00||
    66.092586483|351||arm_cmn_1/hnf_mc_retries/|1001444680|100.00||
    67.094045691|1465728273||arm_cmn_0/hnf_mc_reqs/|1001482000|100.00||
    67.094045691|3676||arm_cmn_0/hnf_mc_retries/|1001482680|100.00||
    67.094045691|1196198271||arm_cmn_1/hnf_mc_reqs/|1001481960|100.00||
    67.094045691|514||arm_cmn_1/hnf_mc_retries/|1001482000|100.00||
    68.095111765|1571004736||arm_cmn_0/hnf_mc_reqs/|1001043160|100.00||
    68.095111765|4020||arm_cmn_0/hnf_mc_retries/|1001043000|100.00||
    68.095111765|1154291344||arm_cmn_1/hnf_mc_reqs/|1001043000|100.00||
    68.095111765|370||arm_cmn_1/hnf_mc_retries/|1001043000|100.00||
    69.096532621|1553322696||arm_cmn_0/hnf_mc_reqs/|1001433760|100.00||
    69.096532621|4263||arm_cmn_0/hnf_mc_retries/|1001434920|100.00||
    69.096532621|1100604429||arm_cmn_1/hnf_mc_reqs/|1001434600|100.00||
    69.096532621|350||arm_cmn_1/hnf_mc_retries/|1001435560|100.00||
    70.098007061|1484680822||arm_cmn_0/hnf_mc_reqs/|1001484720|100.00||
    70.098007061|3660||arm_cmn_0/hnf_mc_retries/|1001484680|100.00||
    70.098007061|1037272878||arm_cmn_1/hnf_mc_reqs/|1001484280|100.00||
    70.098007061|533||arm_cmn_1/hnf_mc_retries/|1001482960|100.00||
    71.099103527|1385845621||arm_cmn_0/hnf_mc_reqs/|1001084280|100.00||
    71.099103527|3080||arm_cmn_0/hnf_mc_retries/|1001084160|100.00||
    71.099103527|1030012536||arm_cmn_1/hnf_mc_reqs/|1001084680|100.00||
    71.099103527|580||arm_cmn_1/hnf_mc_retries/|1001085480|100.00||
    72.100538775|1238360311||arm_cmn_0/hnf_mc_reqs/|1001449080|100.00||
    72.100538775|2532||arm_cmn_0/hnf_mc_retries/|1001448240|100.00||
    72.100538775|1038826588||arm_cmn_1/hnf_mc_reqs/|1001447200|100.00||
    72.100538775|503||arm_cmn_1/hnf_mc_retries/|1001447320|100.00||
    73.102032327|1151936850||arm_cmn_0/hnf_mc_reqs/|1001496560|100.00||
    73.102032327|2472||arm_cmn_0/hnf_mc_retries/|1001497000|100.00||
    73.102032327|1043597079||arm_cmn_1/hnf_mc_reqs/|1001498160|100.00||
    73.102032327|563||arm_cmn_1/hnf_mc_retries/|1001498200|100.00||
    74.103127104|1005089681||arm_cmn_0/hnf_mc_reqs/|1001079000|100.00||
    74.103127104|1893||arm_cmn_0/hnf_mc_retries/|1001078320|100.00||
    74.103127104|1055199282||arm_cmn_1/hnf_mc_reqs/|1001078040|100.00||
    74.103127104|685||arm_cmn_1/hnf_mc_retries/|1001077800|100.00||
    75.104535344|988396492||arm_cmn_0/hnf_mc_reqs/|1001427040|100.00||
    75.104535344|1797||arm_cmn_0/hnf_mc_retries/|1001427880|100.00||
    75.104535344|1022372681||arm_cmn_1/hnf_mc_reqs/|1001428240|100.00||
    75.104535344|770||arm_cmn_1/hnf_mc_retries/|1001428480|100.00||
    76.105978127|894639047||arm_cmn_0/hnf_mc_reqs/|1001450240|100.00||
    76.105978127|1699||arm_cmn_0/hnf_mc_retries/|1001450960|100.00||
    76.105978127|1077265396||arm_cmn_1/hnf_mc_reqs/|1001451200|100.00||
    76.105978127|1192||arm_cmn_1/hnf_mc_retries/|1001450760|100.00||
    77.107003416|787542068||arm_cmn_0/hnf_mc_reqs/|1001006560|100.00||
    77.107003416|1525||arm_cmn_0/hnf_mc_retries/|1001005240|100.00||
    77.107003416|1169917995||arm_cmn_1/hnf_mc_reqs/|1001005000|100.00||
    77.107003416|1140||arm_cmn_1/hnf_mc_retries/|1001005600|100.00||
    78.108402367|716925698||arm_cmn_0/hnf_mc_reqs/|1001421560|100.00||
    78.108402367|1517||arm_cmn_0/hnf_mc_retries/|1001422400|100.00||
    78.108402367|1223823978||arm_cmn_1/hnf_mc_reqs/|1001423480|100.00||
    78.108402367|1355||arm_cmn_1/hnf_mc_retries/|1001424520|100.00||
    79.109832221|682357590||arm_cmn_0/hnf_mc_reqs/|1001444320|100.00||
    79.109832221|1156||arm_cmn_0/hnf_mc_retries/|1001445880|100.00||
    79.109832221|1347852971||arm_cmn_1/hnf_mc_reqs/|1001444760|100.00||
    79.109832221|1284||arm_cmn_1/hnf_mc_retries/|1001445000|100.00||
    80.111173539|727379694||arm_cmn_0/hnf_mc_reqs/|1001318680|100.00||
    80.111173539|1238||arm_cmn_0/hnf_mc_retries/|1001315600|100.00||
    80.111173539|1475849854||arm_cmn_1/hnf_mc_reqs/|1001314960|100.00||
    80.111173539|1589||arm_cmn_1/hnf_mc_retries/|1001312720|100.00||
    81.112560081|803235779||arm_cmn_0/hnf_mc_reqs/|1001403040|100.00||
    81.112560081|1642||arm_cmn_0/hnf_mc_retries/|1001403560|100.00||
    81.112560081|1618839022||arm_cmn_1/hnf_mc_reqs/|1001404120|100.00||
    81.112560081|1095||arm_cmn_1/hnf_mc_retries/|1001407320|100.00||
    82.113987726|774980423||arm_cmn_0/hnf_mc_reqs/|1001442440|100.00||
    82.113987726|1492||arm_cmn_0/hnf_mc_retries/|1001441960|100.00||
    82.113987726|1713131114||arm_cmn_1/hnf_mc_reqs/|1001441680|100.00||
    82.113987726|4184||arm_cmn_1/hnf_mc_retries/|1001438240|100.00||
    83.115153675|829916807||arm_cmn_0/hnf_mc_reqs/|1001149960|100.00||
    83.115153675|1731||arm_cmn_0/hnf_mc_retries/|1001150680|100.00||
    83.115153675|1761611946||arm_cmn_1/hnf_mc_reqs/|1001150880|100.00||
    83.115153675|2044||arm_cmn_1/hnf_mc_retries/|1001151320|100.00||
    84.116566647|903657885||arm_cmn_0/hnf_mc_reqs/|1001433440|100.00||
    84.116566647|1731||arm_cmn_0/hnf_mc_retries/|1001435160|100.00||
    84.116566647|1834306722||arm_cmn_1/hnf_mc_reqs/|1001434880|100.00||
    84.116566647|9982||arm_cmn_1/hnf_mc_retries/|1001434760|100.00||
    85.118010602|847045691||arm_cmn_0/hnf_mc_reqs/|1001446880|100.00||
    85.118010602|1908||arm_cmn_0/hnf_mc_retries/|1001444800|100.00||
    85.118010602|1918585473||arm_cmn_1/hnf_mc_reqs/|1001445400|100.00||
    85.118010602|19765||arm_cmn_1/hnf_mc_retries/|1001444880|100.00||
    86.119103262|843464041||arm_cmn_0/hnf_mc_reqs/|1001075600|100.00||
    86.119103262|1852||arm_cmn_0/hnf_mc_retries/|1001075200|100.00||
    86.119103262|1973224046||arm_cmn_1/hnf_mc_reqs/|1001074840|100.00||
    86.119103262|100988||arm_cmn_1/hnf_mc_retries/|1001076280|100.00||
    87.120555423|1029198403||arm_cmn_0/hnf_mc_reqs/|1001472760|100.00||
    87.120555423|2211||arm_cmn_0/hnf_mc_retries/|1001473840|100.00||
    87.120555423|1959163563||arm_cmn_1/hnf_mc_reqs/|1001474320|100.00||
    87.120555423|65782||arm_cmn_1/hnf_mc_retries/|1001472560|100.00||
    88.121978408|1111113480||arm_cmn_0/hnf_mc_reqs/|1001443080|100.00||
    88.121978408|2475||arm_cmn_0/hnf_mc_retries/|1001443480|100.00||
    88.121978408|1935218149||arm_cmn_1/hnf_mc_reqs/|1001443800|100.00||
    88.121978408|72219||arm_cmn_1/hnf_mc_retries/|1001445760|100.00||
    89.123200177|1187396189||arm_cmn_0/hnf_mc_reqs/|1001200800|100.00||
    89.123200177|2888||arm_cmn_0/hnf_mc_retries/|1001201960|100.00||
    89.123200177|1940974394||arm_cmn_1/hnf_mc_reqs/|1001201560|100.00||
    89.123200177|71938||arm_cmn_1/hnf_mc_retries/|1001200800|100.00||
    90.124652168|1314754478||arm_cmn_0/hnf_mc_reqs/|1001473680|100.00||
    90.124652168|3071||arm_cmn_0/hnf_mc_retries/|1001474000|100.00||
    90.124652168|1930601426||arm_cmn_1/hnf_mc_reqs/|1001471960|100.00||
    90.124652168|85113||arm_cmn_1/hnf_mc_retries/|1001472240|100.00||
    91.126127942|1373348619||arm_cmn_0/hnf_mc_reqs/|1001480040|100.00||
    91.126127942|3549||arm_cmn_0/hnf_mc_retries/|1001477800|100.00||
    91.126127942|1951913860||arm_cmn_1/hnf_mc_reqs/|1001480360|100.00||
    91.126127942|48365||arm_cmn_1/hnf_mc_retries/|1001481040|100.00||
    92.127181780|1379589459||arm_cmn_0/hnf_mc_reqs/|1001042320|100.00||
    92.127181780|3162||arm_cmn_0/hnf_mc_retries/|1001041520|100.00||
    92.127181780|1978423220||arm_cmn_1/hnf_mc_reqs/|1001041240|100.00||
    92.127181780|110832||arm_cmn_1/hnf_mc_retries/|1001040600|100.00||
    93.128647080|1597630088||arm_cmn_0/hnf_mc_reqs/|1001483440|100.00||
    93.128647080|4875||arm_cmn_0/hnf_mc_retries/|1001486000|100.00||
    93.128647080|1967927765||arm_cmn_1/hnf_mc_reqs/|1001487320|100.00||
    93.128647080|109195||arm_cmn_1/hnf_mc_retries/|1001487080|100.00||
    94.130122083|1705511348||arm_cmn_0/hnf_mc_reqs/|1001486800|100.00||
    94.130122083|5229||arm_cmn_0/hnf_mc_retries/|1001485240|100.00||
    94.130122083|1984478618||arm_cmn_1/hnf_mc_reqs/|1001483800|100.00||
    94.130122083|163129||arm_cmn_1/hnf_mc_retries/|1001484760|100.00||
    95.131175150|1893142427||arm_cmn_0/hnf_mc_reqs/|1001027000|100.00||
    95.131175150|100242||arm_cmn_0/hnf_mc_retries/|1001028360|100.00||
    95.131175150|1974916947||arm_cmn_1/hnf_mc_reqs/|1001028600|100.00||
    95.131175150|309285||arm_cmn_1/hnf_mc_retries/|1001026760|100.00||
    96.132621479|1942812899||arm_cmn_0/hnf_mc_reqs/|1001483400|100.00||
    96.132621479|47580||arm_cmn_0/hnf_mc_retries/|1001482120|100.00||
    96.132621479|1991224532||arm_cmn_1/hnf_mc_reqs/|1001482800|100.00||
    96.132621479|272056||arm_cmn_1/hnf_mc_retries/|1001484200|100.00||
    97.134143190|1984919995||arm_cmn_0/hnf_mc_reqs/|1001526520|100.00||
    97.134143190|73321||arm_cmn_0/hnf_mc_retries/|1001527400|100.00||
    97.134143190|1996989857||arm_cmn_1/hnf_mc_reqs/|1001529080|100.00||
    97.134143190|507530||arm_cmn_1/hnf_mc_retries/|1001528040|100.00||
    98.135201166|2047021424||arm_cmn_0/hnf_mc_reqs/|1001047440|100.00||
    98.135201166|50134||arm_cmn_0/hnf_mc_retries/|1001046480|100.00||
    98.135201166|1997582194||arm_cmn_1/hnf_mc_reqs/|1001044520|100.00||
    98.135201166|322554||arm_cmn_1/hnf_mc_retries/|1001045400|100.00||
    99.136671762|2008500251||arm_cmn_0/hnf_mc_reqs/|1001472200|100.00||
    99.136671762|187510||arm_cmn_0/hnf_mc_retries/|1001472080|100.00||
    99.136671762|1943319301||arm_cmn_1/hnf_mc_reqs/|1001471000|100.00||
    99.136671762|384276||arm_cmn_1/hnf_mc_retries/|1001471120|100.00||
   100.138173262|1928418864||arm_cmn_0/hnf_mc_reqs/|1001517240|100.00||
   100.138173262|52574||arm_cmn_0/hnf_mc_retries/|1001517320|100.00||
   100.138173262|1894686706||arm_cmn_1/hnf_mc_reqs/|1001520640|100.00||
   100.138173262|423935||arm_cmn_1/hnf_mc_retries/|1001520520|100.00||
   101.139199425|1917068707||arm_cmn_0/hnf_mc_reqs/|1001006080|100.00||
   101.139199425|409396||arm_cmn_0/hnf_mc_retries/|1001006640|100.00||
   101.139199425|1845134218||arm_cmn_1/hnf_mc_reqs/|1001003440|100.00||
   101.139199425|359054||arm_cmn_1/hnf_mc_retries/|1001003040|100.00||
   102.140690090|1873119827||arm_cmn_0/hnf_mc_reqs/|1001524840|100.00||
   102.140690090|55016||arm_cmn_0/hnf_mc_retries/|1001525480|100.00||
   102.140690090|1834883278||arm_cmn_1/hnf_mc_reqs/|1001526840|100.00||
   102.140690090|570910||arm_cmn_1/hnf_mc_retries/|1001525840|100.00||
   103.142183377|1867342653||arm_cmn_0/hnf_mc_reqs/|1001494000|100.00||
   103.142183377|60608||arm_cmn_0/hnf_mc_retries/|1001494520|100.00||
   103.142183377|1805645324||arm_cmn_1/hnf_mc_reqs/|1001492160|100.00||
   103.142183377|425882||arm_cmn_1/hnf_mc_retries/|1001493160|100.00||
   104.143220968|1904212887||arm_cmn_0/hnf_mc_reqs/|1001012680|100.00||
   104.143220968|110073||arm_cmn_0/hnf_mc_retries/|1001013280|100.00||
   104.143220968|1758796163||arm_cmn_1/hnf_mc_reqs/|1001014360|100.00||
   104.143220968|338941||arm_cmn_1/hnf_mc_retries/|1001014800|100.00||
   105.144676780|1873832663||arm_cmn_0/hnf_mc_reqs/|1001486520|100.00||
   105.144676780|130864||arm_cmn_0/hnf_mc_retries/|1001486120|100.00||
   105.144676780|1735716462||arm_cmn_1/hnf_mc_reqs/|1001485600|100.00||
   105.144676780|350085||arm_cmn_1/hnf_mc_retries/|1001484800|100.00||
   106.146129775|1919664524||arm_cmn_0/hnf_mc_reqs/|1001460280|100.00||
   106.146129775|211052||arm_cmn_0/hnf_mc_retries/|1001459440|100.00||
   106.146129775|1696574507||arm_cmn_1/hnf_mc_reqs/|1001459920|100.00||
   106.146129775|198519||arm_cmn_1/hnf_mc_retries/|1001459840|100.00||
   107.147201313|1954253060||arm_cmn_0/hnf_mc_reqs/|1001043440|100.00||
   107.147201313|261360||arm_cmn_0/hnf_mc_retries/|1001043360|100.00||
   107.147201313|1710784113||arm_cmn_1/hnf_mc_reqs/|1001044320|100.00||
   107.147201313|116549||arm_cmn_1/hnf_mc_retries/|1001044760|100.00||
   108.148698392|1931965986||arm_cmn_0/hnf_mc_reqs/|1001518800|100.00||
   108.148698392|150698||arm_cmn_0/hnf_mc_retries/|1001518800|100.00||
   108.148698392|1734218972||arm_cmn_1/hnf_mc_reqs/|1001517240|100.00||
   108.148698392|249856||arm_cmn_1/hnf_mc_retries/|1001517760|100.00||
   109.150188133|1960392835||arm_cmn_0/hnf_mc_reqs/|1001481480|100.00||
   109.150188133|463646||arm_cmn_0/hnf_mc_retries/|1001481440|100.00||
   109.150188133|1745071211||arm_cmn_1/hnf_mc_reqs/|1001481320|100.00||
   109.150188133|310866||arm_cmn_1/hnf_mc_retries/|1001481520|100.00||
   110.151222338|1900831606||arm_cmn_0/hnf_mc_reqs/|1001026520|100.00||
   110.151222338|109102||arm_cmn_0/hnf_mc_retries/|1001024960|100.00||
   110.151222338|1647444054||arm_cmn_1/hnf_mc_reqs/|1001026280|100.00||
   110.151222338|133932||arm_cmn_1/hnf_mc_retries/|1001025520|100.00||
   111.152664204|1867507762||arm_cmn_0/hnf_mc_reqs/|1001461280|100.00||
   111.152664204|180931||arm_cmn_0/hnf_mc_retries/|1001463440|100.00||
   111.152664204|1623728170||arm_cmn_1/hnf_mc_reqs/|1001463640|100.00||
   111.152664204|62271||arm_cmn_1/hnf_mc_retries/|1001463520|100.00||
   112.154125532|1802985502||arm_cmn_0/hnf_mc_reqs/|1001463320|100.00||
   112.154125532|482113||arm_cmn_0/hnf_mc_retries/|1001463480|100.00||
   112.154125532|1615571773||arm_cmn_1/hnf_mc_reqs/|1001464000|100.00||
   112.154125532|67132||arm_cmn_1/hnf_mc_retries/|1001464680|100.00||
   113.155191883|1690593836||arm_cmn_0/hnf_mc_reqs/|1001054400|100.00||
   113.155191883|179154||arm_cmn_0/hnf_mc_retries/|1001052320|100.00||
   113.155191883|1610177848||arm_cmn_1/hnf_mc_reqs/|1001050720|100.00||
   113.155191883|84796||arm_cmn_1/hnf_mc_retries/|1001051320|100.00||
   114.156637295|1544973706||arm_cmn_0/hnf_mc_reqs/|1001452320|100.00||
   114.156637295|93151||arm_cmn_0/hnf_mc_retries/|1001454480|100.00||
   114.156637295|1574420168||arm_cmn_1/hnf_mc_reqs/|1001454240|100.00||
   114.156637295|78595||arm_cmn_1/hnf_mc_retries/|1001452720|100.00||
   115.158078450|1499291591||arm_cmn_0/hnf_mc_reqs/|1001457360|100.00||
   115.158078450|48387||arm_cmn_0/hnf_mc_retries/|1001455840|100.00||
   115.158078450|1536157722||arm_cmn_1/hnf_mc_reqs/|1001455840|100.00||
   115.158078450|73941||arm_cmn_1/hnf_mc_retries/|1001455960|100.00||
   116.159160867|1513161368||arm_cmn_0/hnf_mc_reqs/|1001066880|100.00||
   116.159160867|88877||arm_cmn_0/hnf_mc_retries/|1001066640|100.00||
   116.159160867|1494215607||arm_cmn_1/hnf_mc_reqs/|1001067320|100.00||
   116.159160867|70861||arm_cmn_1/hnf_mc_retries/|1001067880|100.00||
   117.160571865|1588012503||arm_cmn_0/hnf_mc_reqs/|1001424480|100.00||
   117.160571865|20425||arm_cmn_0/hnf_mc_retries/|1001426080|100.00||
   117.160571865|1435236074||arm_cmn_1/hnf_mc_reqs/|1001425280|100.00||
   117.160571865|21583||arm_cmn_1/hnf_mc_retries/|1001424760|100.00||
   118.162023965|1594584609||arm_cmn_0/hnf_mc_reqs/|1001465400|100.00||
   118.162023965|15852||arm_cmn_0/hnf_mc_retries/|1001464960|100.00||
   118.162023965|1430318745||arm_cmn_1/hnf_mc_reqs/|1001465960|100.00||
   118.162023965|6118||arm_cmn_1/hnf_mc_retries/|1001466840|100.00||
   119.163151487|1598610060||arm_cmn_0/hnf_mc_reqs/|1001110400|100.00||
   119.163151487|16866||arm_cmn_0/hnf_mc_retries/|1001109800|100.00||
   119.163151487|1379174275||arm_cmn_1/hnf_mc_reqs/|1001108560|100.00||
   119.163151487|5496||arm_cmn_1/hnf_mc_retries/|1001107320|100.00||
   119.629402191|791641757||arm_cmn_0/hnf_mc_reqs/|466264160|100.00||
   119.629402191|67100||arm_cmn_0/hnf_mc_retries/|466263920|100.00||
   119.629402191|629988806||arm_cmn_1/hnf_mc_reqs/|466265240|100.00||
   119.629402191|1124||arm_cmn_1/hnf_mc_retries/|466265560|100.00||
