     1.001037015|1813482||arm_cmn_0/hnf_cache_miss/|1009122600|100.00||
     1.001037015|892114||arm_cmn_1/hnf_cache_miss/|1009103280|100.00||
     2.002288431|1238599||arm_cmn_0/hnf_cache_miss/|1001256680|100.00||
     2.002288431|660593||arm_cmn_1/hnf_cache_miss/|1001257040|100.00||
     3.003463247|1034431||arm_cmn_0/hnf_cache_miss/|1001162920|100.00||
     3.003463247|637809||arm_cmn_1/hnf_cache_miss/|1001164080|100.00||
     4.004056983|978210||arm_cmn_0/hnf_cache_miss/|1000595680|100.00||
     4.004056983|598068||arm_cmn_1/hnf_cache_miss/|1000593960|100.00||
     5.005209118|993076||arm_cmn_0/hnf_cache_miss/|1001159200|100.00||
     5.005209118|621803||arm_cmn_1/hnf_cache_miss/|1001160880|100.00||
     6.006375814|974537||arm_cmn_0/hnf_cache_miss/|1001150120|100.00||
     6.006375814|638672||arm_cmn_1/hnf_cache_miss/|1001148560|100.00||
     7.007515870|982798||arm_cmn_0/hnf_cache_miss/|1001140200|100.00||
     7.007515870|623906||arm_cmn_1/hnf_cache_miss/|1001139800|100.00||
     8.007977005|1017114||arm_cmn_0/hnf_cache_miss/|1000461360|100.00||
     8.007977005|604332||arm_cmn_1/hnf_cache_miss/|1000461360|100.00||
     9.009124021|1341230||arm_cmn_0/hnf_cache_miss/|1001156800|100.00||
     9.009124021|886102||arm_cmn_1/hnf_cache_miss/|1001157440|100.00||
    10.010285397|994701||arm_cmn_0/hnf_cache_miss/|1001149880|100.00||
    10.010285397|623935||arm_cmn_1/hnf_cache_miss/|1001151800|100.00||
    11.011431693|2421445||arm_cmn_0/hnf_cache_miss/|1001149040|100.00||
    11.011431693|1966173||arm_cmn_1/hnf_cache_miss/|1001147960|100.00||
    12.012056388|980541||arm_cmn_0/hnf_cache_miss/|1000619960|100.00||
    12.012056388|640647||arm_cmn_1/hnf_cache_miss/|1000620120|100.00||
    13.013214084|962067||arm_cmn_0/hnf_cache_miss/|1001161840|100.00||
    13.013214084|606611||arm_cmn_1/hnf_cache_miss/|1001161360|100.00||
    14.014366660|968338||arm_cmn_0/hnf_cache_miss/|1001142720|100.00||
    14.014366660|625893||arm_cmn_1/hnf_cache_miss/|1001142520|100.00||
    15.015508636|936608||arm_cmn_0/hnf_cache_miss/|1001140240|100.00||
    15.015508636|568188||arm_cmn_1/hnf_cache_miss/|1001138720|100.00||
    16.016040691|943699||arm_cmn_0/hnf_cache_miss/|1000539320|100.00||
    16.016040691|588796||arm_cmn_1/hnf_cache_miss/|1000541520|100.00||
    17.017196227|966039||arm_cmn_0/hnf_cache_miss/|1001148400|100.00||
    17.017196227|628763||arm_cmn_1/hnf_cache_miss/|1001147320|100.00||
    18.018344683|931066||arm_cmn_0/hnf_cache_miss/|1001153000|100.00||
    18.018344683|583199||arm_cmn_1/hnf_cache_miss/|1001153360|100.00||
    19.019499339|1009608||arm_cmn_0/hnf_cache_miss/|1001150640|100.00||
    19.019499339|648299||arm_cmn_1/hnf_cache_miss/|1001152320|100.00||
    20.020025274|1009757||arm_cmn_0/hnf_cache_miss/|1000526920|100.00||
    20.020025274|626338||arm_cmn_1/hnf_cache_miss/|1000526720|100.00||
    21.021184890|998973||arm_cmn_0/hnf_cache_miss/|1001163840|100.00||
    21.021184890|628944||arm_cmn_1/hnf_cache_miss/|1001164240|100.00||
    22.022352186|1362962||arm_cmn_0/hnf_cache_miss/|1001173760|100.00||
    22.022352186|828801||arm_cmn_1/hnf_cache_miss/|1001173760|100.00||
    23.023543362|1331045||arm_cmn_0/hnf_cache_miss/|1001196640|100.00||
    23.023543362|850327||arm_cmn_1/hnf_cache_miss/|1001197040|100.00||
    24.024086097|1083932||arm_cmn_0/hnf_cache_miss/|1000535600|100.00||
    24.024086097|626198||arm_cmn_1/hnf_cache_miss/|1000536040|100.00||
    25.025273833|1117596||arm_cmn_0/hnf_cache_miss/|1001182240|100.00||
    25.025273833|637137||arm_cmn_1/hnf_cache_miss/|1001179480|100.00||
    26.026448369|1167523||arm_cmn_0/hnf_cache_miss/|1001185160|100.00||
    26.026448369|677829||arm_cmn_1/hnf_cache_miss/|1001186440|100.00||
    27.027642025|3339766||arm_cmn_0/hnf_cache_miss/|1001192680|100.00||
    27.027642025|2569802||arm_cmn_1/hnf_cache_miss/|1001194760|100.00||
    28.028072760|1257188||arm_cmn_0/hnf_cache_miss/|1000425640|100.00||
    28.028072760|646394||arm_cmn_1/hnf_cache_miss/|1000426280|100.00||
    29.029275296|1235410||arm_cmn_0/hnf_cache_miss/|1001204240|100.00||
    29.029275296|655580||arm_cmn_1/hnf_cache_miss/|1001203480|100.00||
    30.030485352|1266005||arm_cmn_0/hnf_cache_miss/|1001206280|100.00||
    30.030485352|669943||arm_cmn_1/hnf_cache_miss/|1001206440|100.00||
    31.031697567|1198478||arm_cmn_0/hnf_cache_miss/|1001212400|100.00||
    31.031697567|636157||arm_cmn_1/hnf_cache_miss/|1001211800|100.00||
    32.033071384|1201314||arm_cmn_0/hnf_cache_miss/|1001378240|100.00||
    32.033071384|636585||arm_cmn_1/hnf_cache_miss/|1001379480|100.00||
    33.034289600|1183703||arm_cmn_0/hnf_cache_miss/|1001213760|100.00||
    33.034289600|622692||arm_cmn_1/hnf_cache_miss/|1001211760|100.00||
    34.035495855|1188925||arm_cmn_0/hnf_cache_miss/|1001203560|100.00||
    34.035495855|625831||arm_cmn_1/hnf_cache_miss/|1001203160|100.00||
    35.036064671|1188809||arm_cmn_0/hnf_cache_miss/|1000565440|100.00||
    35.036064671|623693||arm_cmn_1/hnf_cache_miss/|1000567040|100.00||
    36.037271367|1162644||arm_cmn_0/hnf_cache_miss/|1001211600|100.00||
    36.037271367|624221||arm_cmn_1/hnf_cache_miss/|1001211240|100.00||
    37.038479983|1216824||arm_cmn_0/hnf_cache_miss/|1001205040|100.00||
    37.038479983|646067||arm_cmn_1/hnf_cache_miss/|1001205480|100.00||
    38.039696359|1149391||arm_cmn_0/hnf_cache_miss/|1001207560|100.00||
    38.039696359|582571||arm_cmn_1/hnf_cache_miss/|1001206200|100.00||
    39.040081494|4750184||arm_cmn_0/hnf_cache_miss/|1000401640|100.00||
    39.040081494|1001356||arm_cmn_1/hnf_cache_miss/|1000404920|100.00||
    40.041317190|3735558||arm_cmn_0/hnf_cache_miss/|1001229760|100.00||
    40.041317190|1258601||arm_cmn_1/hnf_cache_miss/|1001227160|100.00||
    41.042543685|1412409||arm_cmn_0/hnf_cache_miss/|1001222880|100.00||
    41.042543685|773192||arm_cmn_1/hnf_cache_miss/|1001222080|100.00||
    42.043747941|1229903||arm_cmn_0/hnf_cache_miss/|1001204640|100.00||
    42.043747941|646258||arm_cmn_1/hnf_cache_miss/|1001205280|100.00||
    43.045136158|1194523||arm_cmn_0/hnf_cache_miss/|1001385160|100.00||
    43.045136158|625521||arm_cmn_1/hnf_cache_miss/|1001384920|100.00||
    44.046344413|1205802||arm_cmn_0/hnf_cache_miss/|1001204160|100.00||
    44.046344413|638085||arm_cmn_1/hnf_cache_miss/|1001204840|100.00||
    45.047546789|1246981||arm_cmn_0/hnf_cache_miss/|1001204560|100.00||
    45.047546789|651517||arm_cmn_1/hnf_cache_miss/|1001203560|100.00||
    46.048063245|1136732||arm_cmn_0/hnf_cache_miss/|1000514520|100.00||
    46.048063245|603061||arm_cmn_1/hnf_cache_miss/|1000513760|100.00||
    47.049263980|2558195||arm_cmn_0/hnf_cache_miss/|1001200240|100.00||
    47.049263980|1871321||arm_cmn_1/hnf_cache_miss/|1001201680|100.00||
    48.050471716|1138924||arm_cmn_0/hnf_cache_miss/|1001201520|100.00||
    48.050471716|589384||arm_cmn_1/hnf_cache_miss/|1001202120|100.00||
    49.051674252|1216248||arm_cmn_0/hnf_cache_miss/|1001208800|100.00||
    49.051674252|646026||arm_cmn_1/hnf_cache_miss/|1001207560|100.00||
    50.052078027|1228329||arm_cmn_0/hnf_cache_miss/|1000398000|100.00||
    50.052078027|642874||arm_cmn_1/hnf_cache_miss/|1000398440|100.00||
    51.053289683|1159783||arm_cmn_0/hnf_cache_miss/|1001206880|100.00||
    51.053289683|613819||arm_cmn_1/hnf_cache_miss/|1001206040|100.00||
    52.054489699|1127488||arm_cmn_0/hnf_cache_miss/|1001197960|100.00||
    52.054489699|587689||arm_cmn_1/hnf_cache_miss/|1001198520|100.00||
    53.055690755|1178976||arm_cmn_0/hnf_cache_miss/|1001203200|100.00||
    53.055690755|616730||arm_cmn_1/hnf_cache_miss/|1001202480|100.00||
    54.056070290|1204313||arm_cmn_0/hnf_cache_miss/|1000381760|100.00||
    54.056070290|612072||arm_cmn_1/hnf_cache_miss/|1000382920|100.00||
    55.057270626|1195321||arm_cmn_0/hnf_cache_miss/|1001195160|100.00||
    55.057270626|626078||arm_cmn_1/hnf_cache_miss/|1001196080|100.00||
    56.058472682|1334062||arm_cmn_0/hnf_cache_miss/|1001210480|100.00||
    56.058472682|667201||arm_cmn_1/hnf_cache_miss/|1001210280|100.00||
    57.059683858|1229108||arm_cmn_0/hnf_cache_miss/|1001205240|100.00||
    57.059683858|652633||arm_cmn_1/hnf_cache_miss/|1001203640|100.00||
    58.060088833|1154305||arm_cmn_0/hnf_cache_miss/|1000400360|100.00||
    58.060088833|587517||arm_cmn_1/hnf_cache_miss/|1000400520|100.00||
    59.061292729|1149671||arm_cmn_0/hnf_cache_miss/|1001209480|100.00||
    59.061292729|605992||arm_cmn_1/hnf_cache_miss/|1001209720|100.00||
    60.062504985|1225442||arm_cmn_0/hnf_cache_miss/|1001208360|100.00||
    60.062504985|621119||arm_cmn_1/hnf_cache_miss/|1001208480|100.00||
    61.063721121|1261542||arm_cmn_0/hnf_cache_miss/|1001212880|100.00||
    61.063721121|652403||arm_cmn_1/hnf_cache_miss/|1001212680|100.00||
    62.065110737|2037103||arm_cmn_0/hnf_cache_miss/|1001387880|100.00||
    62.065110737|1389938||arm_cmn_1/hnf_cache_miss/|1001387960|100.00||
    63.066317273|1193833||arm_cmn_0/hnf_cache_miss/|1001210840|100.00||
    63.066317273|623599||arm_cmn_1/hnf_cache_miss/|1001211240|100.00||
    64.067527849|1127426||arm_cmn_0/hnf_cache_miss/|1001208360|100.00||
    64.067527849|583500||arm_cmn_1/hnf_cache_miss/|1001207360|100.00||
    65.068081464|1189552||arm_cmn_0/hnf_cache_miss/|1000547800|100.00||
    65.068081464|622589||arm_cmn_1/hnf_cache_miss/|1000548160|100.00||
    66.069273400|1185081||arm_cmn_0/hnf_cache_miss/|1001194600|100.00||
    66.069273400|606211||arm_cmn_1/hnf_cache_miss/|1001196040|100.00||
    67.070477696|1214150||arm_cmn_0/hnf_cache_miss/|1001201880|100.00||
    67.070477696|606552||arm_cmn_1/hnf_cache_miss/|1001200240|100.00||
    68.071683112|1143702||arm_cmn_0/hnf_cache_miss/|1001206840|100.00||
    68.071683112|590533||arm_cmn_1/hnf_cache_miss/|1001206480|100.00||
    69.072068047|1132883||arm_cmn_0/hnf_cache_miss/|1000382600|100.00||
    69.072068047|578000||arm_cmn_1/hnf_cache_miss/|1000383080|100.00||
    70.073274023|1183732||arm_cmn_0/hnf_cache_miss/|1001204120|100.00||
    70.073274023|617903||arm_cmn_1/hnf_cache_miss/|1001205440|100.00||
    71.074473839|1153826||arm_cmn_0/hnf_cache_miss/|1001193920|100.00||
    71.074473839|608288||arm_cmn_1/hnf_cache_miss/|1001192320|100.00||
    72.075664335|1166437||arm_cmn_0/hnf_cache_miss/|1001193160|100.00||
    72.075664335|598246||arm_cmn_1/hnf_cache_miss/|1001193360|100.00||
    73.076059230|1143999||arm_cmn_0/hnf_cache_miss/|1000393120|100.00||
    73.076059230|604134||arm_cmn_1/hnf_cache_miss/|1000394120|100.00||
    74.077263326|1124509||arm_cmn_0/hnf_cache_miss/|1001201000|100.00||
    74.077263326|590160||arm_cmn_1/hnf_cache_miss/|1001201240|100.00||
    75.078463102|1132590||arm_cmn_0/hnf_cache_miss/|1001196520|100.00||
    75.078463102|588972||arm_cmn_1/hnf_cache_miss/|1001195640|100.00||
    76.079659918|1152333||arm_cmn_0/hnf_cache_miss/|1001198640|100.00||
    76.079659918|609819||arm_cmn_1/hnf_cache_miss/|1001198120|100.00||
    77.080056413|1142529||arm_cmn_0/hnf_cache_miss/|1000393400|100.00||
    77.080056413|594937||arm_cmn_1/hnf_cache_miss/|1000394040|100.00||
    78.081253429|2028656||arm_cmn_0/hnf_cache_miss/|1001199720|100.00||
    78.081253429|1356171||arm_cmn_1/hnf_cache_miss/|1001199240|100.00||
    79.082457924|1094674||arm_cmn_0/hnf_cache_miss/|1001202640|100.00||
    79.082457924|564578||arm_cmn_1/hnf_cache_miss/|1001202360|100.00||
    80.083655380|1203305||arm_cmn_0/hnf_cache_miss/|1001200800|100.00||
    80.083655380|628116||arm_cmn_1/hnf_cache_miss/|1001201400|100.00||
    81.084062795|1149590||arm_cmn_0/hnf_cache_miss/|1000397240|100.00||
    81.084062795|596627||arm_cmn_1/hnf_cache_miss/|1000396840|100.00||
    82.085261451|1214559||arm_cmn_0/hnf_cache_miss/|1001203680|100.00||
    82.085261451|622979||arm_cmn_1/hnf_cache_miss/|1001204320|100.00||
    83.086471187|1133531||arm_cmn_0/hnf_cache_miss/|1001205320|100.00||
    83.086471187|583685||arm_cmn_1/hnf_cache_miss/|1001205440|100.00||
    84.087670803|1111778||arm_cmn_0/hnf_cache_miss/|1001197680|100.00||
    84.087670803|574613||arm_cmn_1/hnf_cache_miss/|1001197360|100.00||
    85.088054538|1121763||arm_cmn_0/hnf_cache_miss/|1000388560|100.00||
    85.088054538|578591||arm_cmn_1/hnf_cache_miss/|1000389960|100.00||
    86.089256434|1139128||arm_cmn_0/hnf_cache_miss/|1001199600|100.00||
    86.089256434|607405||arm_cmn_1/hnf_cache_miss/|1001198320|100.00||
    87.090467930|1156323||arm_cmn_0/hnf_cache_miss/|1001212160|100.00||
    87.090467930|586196||arm_cmn_1/hnf_cache_miss/|1001212600|100.00||
    88.091668666|1134379||arm_cmn_0/hnf_cache_miss/|1001194520|100.00||
    88.091668666|596127||arm_cmn_1/hnf_cache_miss/|1001194080|100.00||
    89.092064161|1113001||arm_cmn_0/hnf_cache_miss/|1000394640|100.00||
    89.092064161|555520||arm_cmn_1/hnf_cache_miss/|1000393600|100.00||
    90.093260097|1178238||arm_cmn_0/hnf_cache_miss/|1001204000|100.00||
    90.093260097|612700||arm_cmn_1/hnf_cache_miss/|1001205560|100.00||
    91.094468313|1119593||arm_cmn_0/hnf_cache_miss/|1001200360|100.00||
    91.094468313|581959||arm_cmn_1/hnf_cache_miss/|1001198520|100.00||
    92.095663089|1122923||arm_cmn_0/hnf_cache_miss/|1001191400|100.00||
    92.095663089|587478||arm_cmn_1/hnf_cache_miss/|1001193720|100.00||
    93.095999824|1881986||arm_cmn_0/hnf_cache_miss/|1000336080|100.00||
    93.095999824|1226826||arm_cmn_1/hnf_cache_miss/|1000335200|100.00||
    94.097198000|1114823||arm_cmn_0/hnf_cache_miss/|1001196400|100.00||
    94.097198000|572738||arm_cmn_1/hnf_cache_miss/|1001197240|100.00||
    95.098397576|1082689||arm_cmn_0/hnf_cache_miss/|1001200360|100.00||
    95.098397576|554883||arm_cmn_1/hnf_cache_miss/|1001200360|100.00||
    96.099597472|1099561||arm_cmn_0/hnf_cache_miss/|1001200200|100.00||
    96.099597472|575642||arm_cmn_1/hnf_cache_miss/|1001200800|100.00||
    97.100062367|1130302||arm_cmn_0/hnf_cache_miss/|1000464040|100.00||
    97.100062367|553026||arm_cmn_1/hnf_cache_miss/|1000463280|100.00||
    98.101263863|1134024||arm_cmn_0/hnf_cache_miss/|1001200520|100.00||
    98.101263863|601921||arm_cmn_1/hnf_cache_miss/|1001200400|100.00||
    99.102463559|1094227||arm_cmn_0/hnf_cache_miss/|1001193760|100.00||
    99.102463559|542353||arm_cmn_1/hnf_cache_miss/|1001194400|100.00||
   100.103653215|1144007||arm_cmn_0/hnf_cache_miss/|1001195400|100.00||
   100.103653215|588084||arm_cmn_1/hnf_cache_miss/|1001195440|100.00||
   101.104056590|1118850||arm_cmn_0/hnf_cache_miss/|1000395520|100.00||
   101.104056590|573235||arm_cmn_1/hnf_cache_miss/|1000394240|100.00||
   102.105255806|1121031||arm_cmn_0/hnf_cache_miss/|1001197720|100.00||
   102.105255806|575107||arm_cmn_1/hnf_cache_miss/|1001196520|100.00||
   103.106461662|1074931||arm_cmn_0/hnf_cache_miss/|1001210880|100.00||
   103.106461662|552848||arm_cmn_1/hnf_cache_miss/|1001212040|100.00||
   104.107660477|1083430||arm_cmn_0/hnf_cache_miss/|1001196320|100.00||
   104.107660477|556375||arm_cmn_1/hnf_cache_miss/|1001195840|100.00||
   105.108069853|1120463||arm_cmn_0/hnf_cache_miss/|1000410680|100.00||
   105.108069853|575856||arm_cmn_1/hnf_cache_miss/|1000411000|100.00||
   106.109272508|1073503||arm_cmn_0/hnf_cache_miss/|1001198640|100.00||
   106.109272508|567685||arm_cmn_1/hnf_cache_miss/|1001198160|100.00||
   107.110469484|1063668||arm_cmn_0/hnf_cache_miss/|1001194720|100.00||
   107.110469484|528049||arm_cmn_1/hnf_cache_miss/|1001193520|100.00||
   108.111666660|1710322||arm_cmn_0/hnf_cache_miss/|1001197080|100.00||
   108.111666660|1117536||arm_cmn_1/hnf_cache_miss/|1001198440|100.00||
   109.112070995|1091044||arm_cmn_0/hnf_cache_miss/|1000398880|100.00||
   109.112070995|550228||arm_cmn_1/hnf_cache_miss/|1000399000|100.00||
   110.113268371|1123488||arm_cmn_0/hnf_cache_miss/|1001202240|100.00||
   110.113268371|582509||arm_cmn_1/hnf_cache_miss/|1001202840|100.00||
   111.114475027|1036234||arm_cmn_0/hnf_cache_miss/|1001201240|100.00||
   111.114475027|529408||arm_cmn_1/hnf_cache_miss/|1001200720|100.00||
   112.115676603|1100696||arm_cmn_0/hnf_cache_miss/|1001203000|100.00||
   112.115676603|551738||arm_cmn_1/hnf_cache_miss/|1001202160|100.00||
   113.116067698|1102056||arm_cmn_0/hnf_cache_miss/|1000389040|100.00||
   113.116067698|571369||arm_cmn_1/hnf_cache_miss/|1000390000|100.00||
   114.117268594|1070941||arm_cmn_0/hnf_cache_miss/|1001202520|100.00||
   114.117268594|555183||arm_cmn_1/hnf_cache_miss/|1001201560|100.00||
   115.118466250|1091392||arm_cmn_0/hnf_cache_miss/|1001192400|100.00||
   115.118466250|537112||arm_cmn_1/hnf_cache_miss/|1001191800|100.00||
   116.119675026|1401993||arm_cmn_0/hnf_cache_miss/|1001215760|100.00||
   116.119675026|768190||arm_cmn_1/hnf_cache_miss/|1001217280|100.00||
   117.120057321|1142727||arm_cmn_0/hnf_cache_miss/|1000374720|100.00||
   117.120057321|556629||arm_cmn_1/hnf_cache_miss/|1000375040|100.00||
   118.121255537|1116978||arm_cmn_0/hnf_cache_miss/|1001203840|100.00||
   118.121255537|583617||arm_cmn_1/hnf_cache_miss/|1001203640|100.00||
   119.122457473|1077016||arm_cmn_0/hnf_cache_miss/|1001190880|100.00||
   119.122457473|560098||arm_cmn_1/hnf_cache_miss/|1001190880|100.00||
   120.123655489|1109417||arm_cmn_0/hnf_cache_miss/|1001198720|100.00||
   120.123655489|571106||arm_cmn_1/hnf_cache_miss/|1001199160|100.00||
   121.124066224|1111857||arm_cmn_0/hnf_cache_miss/|1000411200|100.00||
   121.124066224|577287||arm_cmn_1/hnf_cache_miss/|1000410560|100.00||
   122.125266000|1091631||arm_cmn_0/hnf_cache_miss/|1001196760|100.00||
   122.125266000|557307||arm_cmn_1/hnf_cache_miss/|1001198360|100.00||
   123.126467416|1067802||arm_cmn_0/hnf_cache_miss/|1001201240|100.00||
   123.126467416|566682||arm_cmn_1/hnf_cache_miss/|1001200840|100.00||
   124.127664832|1702051||arm_cmn_0/hnf_cache_miss/|1001198920|100.00||
   124.127664832|1099609||arm_cmn_1/hnf_cache_miss/|1001200240|100.00||
   125.128074127|1081448||arm_cmn_0/hnf_cache_miss/|1000405720|100.00||
   125.128074127|557926||arm_cmn_1/hnf_cache_miss/|1000403360|100.00||
   126.129271343|1116955||arm_cmn_0/hnf_cache_miss/|1001206400|100.00||
   126.129271343|589603||arm_cmn_1/hnf_cache_miss/|1001206760|100.00||
   127.130478479|1105375||arm_cmn_0/hnf_cache_miss/|1001205920|100.00||
   127.130478479|553376||arm_cmn_1/hnf_cache_miss/|1001206800|100.00||
   128.131682615|1095373||arm_cmn_0/hnf_cache_miss/|1001198640|100.00||
   128.131682615|568630||arm_cmn_1/hnf_cache_miss/|1001197200|100.00||
   129.132065710|1163960||arm_cmn_0/hnf_cache_miss/|1000376680|100.00||
   129.132065710|621882||arm_cmn_1/hnf_cache_miss/|1000376680|100.00||
   130.133262646|1126501||arm_cmn_0/hnf_cache_miss/|1001200920|100.00||
   130.133262646|581788||arm_cmn_1/hnf_cache_miss/|1001201400|100.00||
   131.134461061|1109036||arm_cmn_0/hnf_cache_miss/|1001196600|100.00||
   131.134461061|584890||arm_cmn_1/hnf_cache_miss/|1001196720|100.00||
   132.135662997|1099072||arm_cmn_0/hnf_cache_miss/|1001198280|100.00||
   132.135662997|564849||arm_cmn_1/hnf_cache_miss/|1001198720|100.00||
   133.136067452|1105826||arm_cmn_0/hnf_cache_miss/|1000401160|100.00||
   133.136067452|594229||arm_cmn_1/hnf_cache_miss/|1000400440|100.00||
   134.137267228|1094026||arm_cmn_0/hnf_cache_miss/|1001200440|100.00||
   134.137267228|593983||arm_cmn_1/hnf_cache_miss/|1001200040|100.00||
   135.138467884|1069145||arm_cmn_0/hnf_cache_miss/|1001200280|100.00||
   135.138467884|555576||arm_cmn_1/hnf_cache_miss/|1001200680|100.00||
   136.139658100|1119593||arm_cmn_0/hnf_cache_miss/|1001195760|100.00||
   136.139658100|624226||arm_cmn_1/hnf_cache_miss/|1001197040|100.00||
   137.140046515|1103806||arm_cmn_0/hnf_cache_miss/|1000382120|100.00||
   137.140046515|578190||arm_cmn_1/hnf_cache_miss/|1000381960|100.00||
   138.141259011|1120311||arm_cmn_0/hnf_cache_miss/|1001205840|100.00||
   138.141259011|599505||arm_cmn_1/hnf_cache_miss/|1001206400|100.00||
   139.142450947|1712131||arm_cmn_0/hnf_cache_miss/|1001201800|100.00||
   139.142450947|1116131||arm_cmn_1/hnf_cache_miss/|1001201240|100.00||
   140.143669963|1163968||arm_cmn_0/hnf_cache_miss/|1001218640|100.00||
   140.143669963|592252||arm_cmn_1/hnf_cache_miss/|1001216240|100.00||
   141.144074778|1154121||arm_cmn_0/hnf_cache_miss/|1000399480|100.00||
   141.144074778|609954||arm_cmn_1/hnf_cache_miss/|1000402040|100.00||
   142.145284794|1176703||arm_cmn_0/hnf_cache_miss/|1001206840|100.00||
   142.145284794|592183||arm_cmn_1/hnf_cache_miss/|1001206520|100.00||
   143.146488810|1096812||arm_cmn_0/hnf_cache_miss/|1001202800|100.00||
   143.146488810|558954||arm_cmn_1/hnf_cache_miss/|1001201760|100.00||
   144.147692946|1107026||arm_cmn_0/hnf_cache_miss/|1001203400|100.00||
   144.147692946|575540||arm_cmn_1/hnf_cache_miss/|1001203320|100.00||
   145.149066682|1093714||arm_cmn_0/hnf_cache_miss/|1001371560|100.00||
   145.149066682|557167||arm_cmn_1/hnf_cache_miss/|1001371760|100.00||
   146.150270698|1184579||arm_cmn_0/hnf_cache_miss/|1001209720|100.00||
   146.150270698|589287||arm_cmn_1/hnf_cache_miss/|1001209560|100.00||
   147.151480354|1076836||arm_cmn_0/hnf_cache_miss/|1001203520|100.00||
   147.151480354|571256||arm_cmn_1/hnf_cache_miss/|1001203000|100.00||
   148.152069849|1094837||arm_cmn_0/hnf_cache_miss/|1000586440|100.00||
   148.152069849|565758||arm_cmn_1/hnf_cache_miss/|1000587120|100.00||
   149.153274585|1530270||arm_cmn_0/hnf_cache_miss/|1001205320|100.00||
   149.153274585|912179||arm_cmn_1/hnf_cache_miss/|1001204680|100.00||
   150.154476401|1176569||arm_cmn_0/hnf_cache_miss/|1001200400|100.00||
   150.154476401|603789||arm_cmn_1/hnf_cache_miss/|1001200720|100.00||
   151.155678977|1082560||arm_cmn_0/hnf_cache_miss/|1001202840|100.00||
   151.155678977|553820||arm_cmn_1/hnf_cache_miss/|1001203120|100.00||
   152.156104592|1146309||arm_cmn_0/hnf_cache_miss/|1000422360|100.00||
   152.156104592|568101||arm_cmn_1/hnf_cache_miss/|1000421960|100.00||
   153.157305888|1075361||arm_cmn_0/hnf_cache_miss/|1001204240|100.00||
   153.157305888|543657||arm_cmn_1/hnf_cache_miss/|1001205080|100.00||
   154.158513304|1145082||arm_cmn_0/hnf_cache_miss/|1001203320|100.00||
   154.158513304|594551||arm_cmn_1/hnf_cache_miss/|1001203760|100.00||
   155.159714040|1081490||arm_cmn_0/hnf_cache_miss/|1001202360|100.00||
   155.159714040|551334||arm_cmn_1/hnf_cache_miss/|1001201400|100.00||
   156.161093416|1107617||arm_cmn_0/hnf_cache_miss/|1001375960|100.00||
   156.161093416|583482||arm_cmn_1/hnf_cache_miss/|1001377720|100.00||
   157.162296272|1144637||arm_cmn_0/hnf_cache_miss/|1001198400|100.00||
   157.162296272|569283||arm_cmn_1/hnf_cache_miss/|1001197760|100.00||
   158.163507488|1097908||arm_cmn_0/hnf_cache_miss/|1001212200|100.00||
   158.163507488|556624||arm_cmn_1/hnf_cache_miss/|1001211400|100.00||
   159.164058383|1244133||arm_cmn_0/hnf_cache_miss/|1000548760|100.00||
   159.164058383|551507||arm_cmn_1/hnf_cache_miss/|1000549920|100.00||
   160.165254959|1661701||arm_cmn_0/hnf_cache_miss/|1001196200|100.00||
   160.165254959|966198||arm_cmn_1/hnf_cache_miss/|1001195760|100.00||
   161.166462855|1113646||arm_cmn_0/hnf_cache_miss/|1001208760|100.00||
   161.166462855|560217||arm_cmn_1/hnf_cache_miss/|1001207720|100.00||
   162.167665951|1201644||arm_cmn_0/hnf_cache_miss/|1001196720|100.00||
   162.167665951|597695||arm_cmn_1/hnf_cache_miss/|1001196040|100.00||
   163.168017806|1127269||arm_cmn_0/hnf_cache_miss/|1000353160|100.00||
   163.168017806|559724||arm_cmn_1/hnf_cache_miss/|1000353640|100.00||
   164.169223982|1123176||arm_cmn_0/hnf_cache_miss/|1001205200|100.00||
   164.169223982|573944||arm_cmn_1/hnf_cache_miss/|1001206880|100.00||
   165.170426638|1147106||arm_cmn_0/hnf_cache_miss/|1001202360|100.00||
   165.170426638|569808||arm_cmn_1/hnf_cache_miss/|1001201280|100.00||
   166.171626374|1116714||arm_cmn_0/hnf_cache_miss/|1001200880|100.00||
   166.171626374|567418||arm_cmn_1/hnf_cache_miss/|1001200880|100.00||
   167.171989189|1101702||arm_cmn_0/hnf_cache_miss/|1000361680|100.00||
   167.171989189|529965||arm_cmn_1/hnf_cache_miss/|1000362000|100.00||
   168.173192965|1127521||arm_cmn_0/hnf_cache_miss/|1001199640|100.00||
   168.173192965|569878||arm_cmn_1/hnf_cache_miss/|1001199400|100.00||
   169.174392380|1119243||arm_cmn_0/hnf_cache_miss/|1001196400|100.00||
   169.174392380|566685||arm_cmn_1/hnf_cache_miss/|1001195760|100.00||
   170.175592356|1172845||arm_cmn_0/hnf_cache_miss/|1001200600|100.00||
   170.175592356|602719||arm_cmn_1/hnf_cache_miss/|1001201600|100.00||
   171.176072212|1082384||arm_cmn_0/hnf_cache_miss/|1000477760|100.00||
   171.176072212|550669||arm_cmn_1/hnf_cache_miss/|1000478600|100.00||
   172.177273187|1118913||arm_cmn_0/hnf_cache_miss/|1001206320|100.00||
   172.177273187|570891||arm_cmn_1/hnf_cache_miss/|1001205120|100.00||
   173.178498363|1103264||arm_cmn_0/hnf_cache_miss/|1001218680|100.00||
   173.178498363|555085||arm_cmn_1/hnf_cache_miss/|1001217600|100.00||
   174.179689699|1099527||arm_cmn_0/hnf_cache_miss/|1001194640|100.00||
   174.179689699|580952||arm_cmn_1/hnf_cache_miss/|1001196160|100.00||
   175.180082394|1809515||arm_cmn_0/hnf_cache_miss/|1000389400|100.00||
   175.180082394|1138873||arm_cmn_1/hnf_cache_miss/|1000388160|100.00||
   176.181280890|1297290||arm_cmn_0/hnf_cache_miss/|1001203560|100.00||
   176.181280890|690512||arm_cmn_1/hnf_cache_miss/|1001203080|100.00||
   177.182491306|1199060||arm_cmn_0/hnf_cache_miss/|1001209640|100.00||
   177.182491306|596419||arm_cmn_1/hnf_cache_miss/|1001211640|100.00||
   178.183704362|1134204||arm_cmn_0/hnf_cache_miss/|1001208680|100.00||
   178.183704362|591345||arm_cmn_1/hnf_cache_miss/|1001208000|100.00||
   179.185079578|1101835||arm_cmn_0/hnf_cache_miss/|1001372560|100.00||
   179.185079578|581929||arm_cmn_1/hnf_cache_miss/|1001371720|100.00||
   180.186279034|1156299||arm_cmn_0/hnf_cache_miss/|1001195400|100.00||
   180.186279034|594015||arm_cmn_1/hnf_cache_miss/|1001196680|100.00||
   181.187477890|1129384||arm_cmn_0/hnf_cache_miss/|1001198240|100.00||
   181.187477890|586116||arm_cmn_1/hnf_cache_miss/|1001198720|100.00||
   182.188064465|1110173||arm_cmn_0/hnf_cache_miss/|1000589920|100.00||
   182.188064465|559872||arm_cmn_1/hnf_cache_miss/|1000588560|100.00||
   183.189266761|1070911||arm_cmn_0/hnf_cache_miss/|1001198840|100.00||
   183.189266761|544903||arm_cmn_1/hnf_cache_miss/|1001198840|100.00||
   184.190469977|1095863||arm_cmn_0/hnf_cache_miss/|1001200040|100.00||
   184.190469977|578603||arm_cmn_1/hnf_cache_miss/|1001200120|100.00||
   185.191677033|1573540||arm_cmn_0/hnf_cache_miss/|1001210600|100.00||
   185.191677033|968357||arm_cmn_1/hnf_cache_miss/|1001210480|100.00||
   186.192084808|1123658||arm_cmn_0/hnf_cache_miss/|1000407040|100.00||
   186.192084808|584080||arm_cmn_1/hnf_cache_miss/|1000405920|100.00||
   187.193284264|1131566||arm_cmn_0/hnf_cache_miss/|1001195880|100.00||
   187.193284264|555705||arm_cmn_1/hnf_cache_miss/|1001196720|100.00||
   188.194490680|1070061||arm_cmn_0/hnf_cache_miss/|1001204920|100.00||
   188.194490680|565889||arm_cmn_1/hnf_cache_miss/|1001204600|100.00||
   189.195690896|1104386||arm_cmn_0/hnf_cache_miss/|1001198600|100.00||
   189.195690896|577649||arm_cmn_1/hnf_cache_miss/|1001197640|100.00||
   190.196053311|1139399||arm_cmn_0/hnf_cache_miss/|1000356480|100.00||
   190.196053311|611456||arm_cmn_1/hnf_cache_miss/|1000357080|100.00||
   191.197236807|1083057||arm_cmn_0/hnf_cache_miss/|1001186720|100.00||
   191.197236807|576888||arm_cmn_1/hnf_cache_miss/|1001186360|100.00||
   192.198435463|1110558||arm_cmn_0/hnf_cache_miss/|1001198600|100.00||
   192.198435463|582151||arm_cmn_1/hnf_cache_miss/|1001199400|100.00||
   193.199644719|1095380||arm_cmn_0/hnf_cache_miss/|1001207240|100.00||
   193.199644719|572683||arm_cmn_1/hnf_cache_miss/|1001207040|100.00||
   194.200068774|1077397||arm_cmn_0/hnf_cache_miss/|1000417200|100.00||
   194.200068774|577006||arm_cmn_1/hnf_cache_miss/|1000417320|100.00||
   195.201259670|1491010||arm_cmn_0/hnf_cache_miss/|1001201560|100.00||
   195.201259670|895600||arm_cmn_1/hnf_cache_miss/|1001201840|100.00||
   196.202470006|1101121||arm_cmn_0/hnf_cache_miss/|1001204800|100.00||
   196.202470006|573002||arm_cmn_1/hnf_cache_miss/|1001203800|100.00||
   197.203670222|1164738||arm_cmn_0/hnf_cache_miss/|1001202200|100.00||
   197.203670222|584519||arm_cmn_1/hnf_cache_miss/|1001203280|100.00||
   198.204080957|1102193||arm_cmn_0/hnf_cache_miss/|1000405320|100.00||
   198.204080957|574100||arm_cmn_1/hnf_cache_miss/|1000404520|100.00||
   199.205278493|1069346||arm_cmn_0/hnf_cache_miss/|1001196520|100.00||
   199.205278493|557985||arm_cmn_1/hnf_cache_miss/|1001196480|100.00||
   200.206469389|1169360||arm_cmn_0/hnf_cache_miss/|1001192800|100.00||
   200.206469389|602564||arm_cmn_1/hnf_cache_miss/|1001193880|100.00||
   201.207670805|1107171||arm_cmn_0/hnf_cache_miss/|1001196440|100.00||
   201.207670805|556285||arm_cmn_1/hnf_cache_miss/|1001196440|100.00||
   202.208060660|1139733||arm_cmn_0/hnf_cache_miss/|1000394520|100.00||
   202.208060660|595147||arm_cmn_1/hnf_cache_miss/|1000395080|100.00||
   203.209266596|1082097||arm_cmn_0/hnf_cache_miss/|1001204760|100.00||
   203.209266596|549500||arm_cmn_1/hnf_cache_miss/|1001203840|100.00||
   204.210466691|1067318||arm_cmn_0/hnf_cache_miss/|1001193880|100.00||
   204.210466691|550859||arm_cmn_1/hnf_cache_miss/|1001193440|100.00||
   205.211665187|1070029||arm_cmn_0/hnf_cache_miss/|1001198840|100.00||
   205.211665187|544582||arm_cmn_1/hnf_cache_miss/|1001198600|100.00||
   206.212071802|1590005||arm_cmn_0/hnf_cache_miss/|1000402200|100.00||
   206.212071802|996103||arm_cmn_1/hnf_cache_miss/|1000405520|100.00||
   207.213276098|1146243||arm_cmn_0/hnf_cache_miss/|1001206560|100.00||
   207.213276098|580665||arm_cmn_1/hnf_cache_miss/|1001204760|100.00||
   208.214484234|1084235||arm_cmn_0/hnf_cache_miss/|1001205200|100.00||
   208.214484234|574066||arm_cmn_1/hnf_cache_miss/|1001204680|100.00||
   209.215685890|1108424||arm_cmn_0/hnf_cache_miss/|1001201960|100.00||
   209.215685890|573584||arm_cmn_1/hnf_cache_miss/|1001202160|100.00||
   210.216064705|1144133||arm_cmn_0/hnf_cache_miss/|1000375440|100.00||
   210.216064705|574477||arm_cmn_1/hnf_cache_miss/|1000375840|100.00||
   211.217266121|1113780||arm_cmn_0/hnf_cache_miss/|1001203560|100.00||
   211.217266121|597802||arm_cmn_1/hnf_cache_miss/|1001203000|100.00||
   212.218463417|1081850||arm_cmn_0/hnf_cache_miss/|1001192040|100.00||
   212.218463417|553204||arm_cmn_1/hnf_cache_miss/|1001191520|100.00||
   213.219663633|1120027||arm_cmn_0/hnf_cache_miss/|1001201720|100.00||
   213.219663633|584239||arm_cmn_1/hnf_cache_miss/|1001201200|100.00||
   214.220066808|1087752||arm_cmn_0/hnf_cache_miss/|1000399160|100.00||
   214.220066808|554033||arm_cmn_1/hnf_cache_miss/|1000400280|100.00||
   215.221266944|1118054||arm_cmn_0/hnf_cache_miss/|1001206400|100.00||
   215.221266944|606719||arm_cmn_1/hnf_cache_miss/|1001206760|100.00||
   216.222471680|1551211||arm_cmn_0/hnf_cache_miss/|1001196720|100.00||
   216.222471680|941184||arm_cmn_1/hnf_cache_miss/|1001196800|100.00||
   217.223682416|1192517||arm_cmn_0/hnf_cache_miss/|1001210120|100.00||
   217.223682416|618634||arm_cmn_1/hnf_cache_miss/|1001209360|100.00||
   218.224064911|1112521||arm_cmn_0/hnf_cache_miss/|1000388840|100.00||
   218.224064911|583709||arm_cmn_1/hnf_cache_miss/|1000389400|100.00||
   219.225272527|1120041||arm_cmn_0/hnf_cache_miss/|1001199800|100.00||
   219.225272527|598841||arm_cmn_1/hnf_cache_miss/|1001198320|100.00||
   220.226467623|1184916||arm_cmn_0/hnf_cache_miss/|1001198040|100.00||
   220.226467623|650790||arm_cmn_1/hnf_cache_miss/|1001198240|100.00||
   221.227674119|1153840||arm_cmn_0/hnf_cache_miss/|1001201840|100.00||
   221.227674119|607692||arm_cmn_1/hnf_cache_miss/|1001201800|100.00||
   222.228050334|1102182||arm_cmn_0/hnf_cache_miss/|1000373440|100.00||
   222.228050334|551588||arm_cmn_1/hnf_cache_miss/|1000372840|100.00||
   223.229245750|1121685||arm_cmn_0/hnf_cache_miss/|1001202160|100.00||
   223.229245750|591979||arm_cmn_1/hnf_cache_miss/|1001203680|100.00||
   224.230448406|1064469||arm_cmn_0/hnf_cache_miss/|1001195400|100.00||
   224.230448406|540566||arm_cmn_1/hnf_cache_miss/|1001195720|100.00||
   225.231644422|1129934||arm_cmn_0/hnf_cache_miss/|1001196000|100.00||
   225.231644422|582667||arm_cmn_1/hnf_cache_miss/|1001195760|100.00||
   226.232063557|1075110||arm_cmn_0/hnf_cache_miss/|1000420480|100.00||
   226.232063557|566658||arm_cmn_1/hnf_cache_miss/|1000419920|100.00||
   227.233258533|1104893||arm_cmn_0/hnf_cache_miss/|1001191280|100.00||
   227.233258533|571747||arm_cmn_1/hnf_cache_miss/|1001191640|100.00||
   228.234461268|1074339||arm_cmn_0/hnf_cache_miss/|1001202880|100.00||
   228.234461268|542919||arm_cmn_1/hnf_cache_miss/|1001202600|100.00||
   229.235663204|1125421||arm_cmn_0/hnf_cache_miss/|1001197320|100.00||
   229.235663204|589544||arm_cmn_1/hnf_cache_miss/|1001197720|100.00||
   230.236089100|1136241||arm_cmn_0/hnf_cache_miss/|1000436200|100.00||
   230.236089100|588668||arm_cmn_1/hnf_cache_miss/|1000435960|100.00||
   231.237310835|1760516||arm_cmn_0/hnf_cache_miss/|1001216080|100.00||
   231.237310835|1125219||arm_cmn_1/hnf_cache_miss/|1001216840|100.00||
   232.238518971|1120922||arm_cmn_0/hnf_cache_miss/|1001205120|100.00||
   232.238518971|556728||arm_cmn_1/hnf_cache_miss/|1001205560|100.00||
   233.239731747|1142937||arm_cmn_0/hnf_cache_miss/|1001214800|100.00||
   233.239731747|604952||arm_cmn_1/hnf_cache_miss/|1001214920|100.00||
   234.241114803|1122350||arm_cmn_0/hnf_cache_miss/|1001379560|100.00||
   234.241114803|579754||arm_cmn_1/hnf_cache_miss/|1001378680|100.00||
   235.242325739|1107522||arm_cmn_0/hnf_cache_miss/|1001205360|100.00||
   235.242325739|589251||arm_cmn_1/hnf_cache_miss/|1001205080|100.00||
   236.243521915|1348789||arm_cmn_0/hnf_cache_miss/|1001208800|100.00||
   236.243521915|755547||arm_cmn_1/hnf_cache_miss/|1001208400|100.00||
   237.244068171|1202979||arm_cmn_0/hnf_cache_miss/|1000535040|100.00||
   237.244068171|606979||arm_cmn_1/hnf_cache_miss/|1000536960|100.00||
   238.245278866|1115842||arm_cmn_0/hnf_cache_miss/|1001209640|100.00||
   238.245278866|582729||arm_cmn_1/hnf_cache_miss/|1001208160|100.00||
   239.246483642|1156033||arm_cmn_0/hnf_cache_miss/|1001208480|100.00||
   239.246483642|617960||arm_cmn_1/hnf_cache_miss/|1001210120|100.00||
   240.247695578|1146485||arm_cmn_0/hnf_cache_miss/|1001208240|100.00||
   240.247695578|585970||arm_cmn_1/hnf_cache_miss/|1001208240|100.00||
   241.248915074|1147529||arm_cmn_0/hnf_cache_miss/|1001215360|100.00||
   241.248915074|611345||arm_cmn_1/hnf_cache_miss/|1001216280|100.00||
   242.250125930|1082653||arm_cmn_0/hnf_cache_miss/|1001210880|100.00||
   242.250125930|546137||arm_cmn_1/hnf_cache_miss/|1001207560|100.00||
   243.251329186|1118908||arm_cmn_0/hnf_cache_miss/|1001207960|100.00||
   243.251329186|579911||arm_cmn_1/hnf_cache_miss/|1001209720|100.00||
   244.252059002|1107905||arm_cmn_0/hnf_cache_miss/|1000721520|100.00||
   244.252059002|607616||arm_cmn_1/hnf_cache_miss/|1000721360|100.00||
   245.253257857|1077756||arm_cmn_0/hnf_cache_miss/|1001196640|100.00||
   245.253257857|581897||arm_cmn_1/hnf_cache_miss/|1001196280|100.00||
   246.254457513|1720983||arm_cmn_0/hnf_cache_miss/|1001197240|100.00||
   246.254457513|1127946||arm_cmn_1/hnf_cache_miss/|1001197880|100.00||
   247.255665209|1179481||arm_cmn_0/hnf_cache_miss/|1001206720|100.00||
   247.255665209|623214||arm_cmn_1/hnf_cache_miss/|1001205520|100.00||
   248.256067904|1101811||arm_cmn_0/hnf_cache_miss/|1000409080|100.00||
   248.256067904|594425||arm_cmn_1/hnf_cache_miss/|1000410080|100.00||
   249.257278640|1155864||arm_cmn_0/hnf_cache_miss/|1001206120|100.00||
   249.257278640|636486||arm_cmn_1/hnf_cache_miss/|1001206920|100.00||
   250.258492576|1115538||arm_cmn_0/hnf_cache_miss/|1001217800|100.00||
   250.258492576|620680||arm_cmn_1/hnf_cache_miss/|1001216680|100.00||
   251.259720392|1124732||arm_cmn_0/hnf_cache_miss/|1001221600|100.00||
   251.259720392|640741||arm_cmn_1/hnf_cache_miss/|1001221560|100.00||
   252.261105808|1100926||arm_cmn_0/hnf_cache_miss/|1001387880|100.00||
   252.261105808|589726||arm_cmn_1/hnf_cache_miss/|1001388320|100.00||
   253.262325184|1123557||arm_cmn_0/hnf_cache_miss/|1001217720|100.00||
   253.262325184|617652||arm_cmn_1/hnf_cache_miss/|1001216880|100.00||
   254.263527680|1094853||arm_cmn_0/hnf_cache_miss/|1001199200|100.00||
   254.263527680|593350||arm_cmn_1/hnf_cache_miss/|1001198400|100.00||
   255.264079375|1100536||arm_cmn_0/hnf_cache_miss/|1000550440|100.00||
   255.264079375|594802||arm_cmn_1/hnf_cache_miss/|1000552080|100.00||
   256.265280991|1078717||arm_cmn_0/hnf_cache_miss/|1001203720|100.00||
   256.265280991|582911||arm_cmn_1/hnf_cache_miss/|1001203280|100.00||
   257.266484167|1624469||arm_cmn_0/hnf_cache_miss/|1001201240|100.00||
   257.266484167|1006911||arm_cmn_1/hnf_cache_miss/|1001201560|100.00||
   258.267699143|1122333||arm_cmn_0/hnf_cache_miss/|1001208440|100.00||
   258.267699143|619504||arm_cmn_1/hnf_cache_miss/|1001207920|100.00||
   259.269089759|1096304||arm_cmn_0/hnf_cache_miss/|1001394160|100.00||
   259.269089759|594496||arm_cmn_1/hnf_cache_miss/|1001394040|100.00||
   260.270296455|1105783||arm_cmn_0/hnf_cache_miss/|1001202840|100.00||
   260.270296455|560368||arm_cmn_1/hnf_cache_miss/|1001203240|100.00||
   261.271493191|1140125||arm_cmn_0/hnf_cache_miss/|1001195320|100.00||
   261.271493191|610937||arm_cmn_1/hnf_cache_miss/|1001195600|100.00||
   262.272092566|1103514||arm_cmn_0/hnf_cache_miss/|1000596280|100.00||
   262.272092566|588521||arm_cmn_1/hnf_cache_miss/|1000596000|100.00||
   263.273298662|1082150||arm_cmn_0/hnf_cache_miss/|1001208480|100.00||
   263.273298662|578140||arm_cmn_1/hnf_cache_miss/|1001208760|100.00||
   264.274499398|1035123||arm_cmn_0/hnf_cache_miss/|1001198760|100.00||
   264.274499398|537304||arm_cmn_1/hnf_cache_miss/|1001197000|100.00||
   265.275693934|1092958||arm_cmn_0/hnf_cache_miss/|1001191440|100.00||
   265.275693934|570958||arm_cmn_1/hnf_cache_miss/|1001191640|100.00||
   266.276074149|1111963||arm_cmn_0/hnf_cache_miss/|1000376840|100.00||
   266.276074149|607525||arm_cmn_1/hnf_cache_miss/|1000378280|100.00||
   267.277266085|1641374||arm_cmn_0/hnf_cache_miss/|1001196160|100.00||
   267.277266085|982229||arm_cmn_1/hnf_cache_miss/|1001195560|100.00||
   268.278481501|1052153||arm_cmn_0/hnf_cache_miss/|1001217960|100.00||
   268.278481501|561986||arm_cmn_1/hnf_cache_miss/|1001217800|100.00||
   269.279682197|1106434||arm_cmn_0/hnf_cache_miss/|1001194960|100.00||
   269.279682197|576390||arm_cmn_1/hnf_cache_miss/|1001195360|100.00||
   270.279971292|1089765||arm_cmn_0/hnf_cache_miss/|1000289960|100.00||
   270.279971292|562858||arm_cmn_1/hnf_cache_miss/|1000289720|100.00||
   271.281172748|1096972||arm_cmn_0/hnf_cache_miss/|1001195120|100.00||
   271.281172748|589128||arm_cmn_1/hnf_cache_miss/|1001195000|100.00||
   272.282370124|1096287||arm_cmn_0/hnf_cache_miss/|1001195760|100.00||
   272.282370124|586880||arm_cmn_1/hnf_cache_miss/|1001196280|100.00||
   273.283573140|1072442||arm_cmn_0/hnf_cache_miss/|1001201640|100.00||
   273.283573140|580126||arm_cmn_1/hnf_cache_miss/|1001200800|100.00||
   274.284064715|1034682||arm_cmn_0/hnf_cache_miss/|1000494720|100.00||
   274.284064715|544091||arm_cmn_1/hnf_cache_miss/|1000494960|100.00||
   275.285268291|1079038||arm_cmn_0/hnf_cache_miss/|1001203240|100.00||
   275.285268291|582358||arm_cmn_1/hnf_cache_miss/|1001202520|100.00||
   276.286474387|1068609||arm_cmn_0/hnf_cache_miss/|1001201440|100.00||
   276.286474387|585974||arm_cmn_1/hnf_cache_miss/|1001200600|100.00||
   277.287672123|1111320||arm_cmn_0/hnf_cache_miss/|1001196040|100.00||
   277.287672123|590163||arm_cmn_1/hnf_cache_miss/|1001197280|100.00||
   278.288071458|1041772||arm_cmn_0/hnf_cache_miss/|1000402080|100.00||
   278.288071458|536131||arm_cmn_1/hnf_cache_miss/|1000401000|100.00||
   279.289275994|1076285||arm_cmn_0/hnf_cache_miss/|1001202120|100.00||
   279.289275994|568719||arm_cmn_1/hnf_cache_miss/|1001203600|100.00||
   280.290476690|1119779||arm_cmn_0/hnf_cache_miss/|1001200520|100.00||
   280.290476690|588804||arm_cmn_1/hnf_cache_miss/|1001199920|100.00||
   281.291671786|1120785||arm_cmn_0/hnf_cache_miss/|1001191880|100.00||
   281.291671786|601349||arm_cmn_1/hnf_cache_miss/|1001192280|100.00||
   282.292067481|1756513||arm_cmn_0/hnf_cache_miss/|1000400840|100.00||
   282.292067481|1149560||arm_cmn_1/hnf_cache_miss/|1000400640|100.00||
   283.293283337|1105853||arm_cmn_0/hnf_cache_miss/|1001209720|100.00||
   283.293283337|569671||arm_cmn_1/hnf_cache_miss/|1001209840|100.00||
   284.294480592|1076074||arm_cmn_0/hnf_cache_miss/|1001201880|100.00||
   284.294480592|578271||arm_cmn_1/hnf_cache_miss/|1001203160|100.00||
   285.295690968|1108781||arm_cmn_0/hnf_cache_miss/|1001203320|100.00||
   285.295690968|589960||arm_cmn_1/hnf_cache_miss/|1001203720|100.00||
   286.296072143|1034515||arm_cmn_0/hnf_cache_miss/|1000380360|100.00||
   286.296072143|546329||arm_cmn_1/hnf_cache_miss/|1000379400|100.00||
   287.297274359|1114952||arm_cmn_0/hnf_cache_miss/|1001199560|100.00||
   287.297274359|575752||arm_cmn_1/hnf_cache_miss/|1001199920|100.00||
   288.299856177|1043091||arm_cmn_0/hnf_cache_miss/|1002748600|100.00||
   288.299856177|546639||arm_cmn_1/hnf_cache_miss/|1002748520|100.00||
   289.301229993|1077061||arm_cmn_0/hnf_cache_miss/|1001210280|100.00||
   289.301229993|573784||arm_cmn_1/hnf_cache_miss/|1001210040|100.00||
   290.302431169|1049354||arm_cmn_0/hnf_cache_miss/|1001200160|100.00||
   290.302431169|557946||arm_cmn_1/hnf_cache_miss/|1001200120|100.00||
   291.303637305|1048829||arm_cmn_0/hnf_cache_miss/|1001201200|100.00||
   291.303637305|571033||arm_cmn_1/hnf_cache_miss/|1001199640|100.00||
   292.304063920|1062932||arm_cmn_0/hnf_cache_miss/|1000429360|100.00||
   292.304063920|568141||arm_cmn_1/hnf_cache_miss/|1000428840|100.00||
   293.305266656|1039836||arm_cmn_0/hnf_cache_miss/|1001198600|100.00||
   293.305266656|562963||arm_cmn_1/hnf_cache_miss/|1001199520|100.00||
   294.306461232|1040383||arm_cmn_0/hnf_cache_miss/|1001193200|100.00||
   294.306461232|570200||arm_cmn_1/hnf_cache_miss/|1001194040|100.00||
   295.307660048|1068008||arm_cmn_0/hnf_cache_miss/|1001197840|100.00||
   295.307660048|559487||arm_cmn_1/hnf_cache_miss/|1001199000|100.00||
   296.308085863|1254674||arm_cmn_0/hnf_cache_miss/|1000428120|100.00||
   296.308085863|687167||arm_cmn_1/hnf_cache_miss/|1000427400|100.00||
   297.309288079|1114409||arm_cmn_0/hnf_cache_miss/|1001198280|100.00||
   297.309288079|580339||arm_cmn_1/hnf_cache_miss/|1001198400|100.00||
   298.310493935|1799225||arm_cmn_0/hnf_cache_miss/|1001205240|100.00||
   298.310493935|1200493||arm_cmn_1/hnf_cache_miss/|1001205040|100.00||
   299.311699310|1220803||arm_cmn_0/hnf_cache_miss/|1001208360|100.00||
   299.311699310|616875||arm_cmn_1/hnf_cache_miss/|1001207440|100.00||
   300.313072727|1120727||arm_cmn_0/hnf_cache_miss/|1001368560|100.00||
   300.313072727|599148||arm_cmn_1/hnf_cache_miss/|1001369320|100.00||
   301.314272023|1113074||arm_cmn_0/hnf_cache_miss/|1001194560|100.00||
   301.314272023|604624||arm_cmn_1/hnf_cache_miss/|1001195320|100.00||
   302.315464478|1121105||arm_cmn_0/hnf_cache_miss/|1001196280|100.00||
   302.315464478|579786||arm_cmn_1/hnf_cache_miss/|1001194760|100.00||
   303.316067774|1090843||arm_cmn_0/hnf_cache_miss/|1000601720|100.00||
   303.316067774|597464||arm_cmn_1/hnf_cache_miss/|1000600160|100.00||
   304.317266670|1040769||arm_cmn_0/hnf_cache_miss/|1001194960|100.00||
   304.317266670|563148||arm_cmn_1/hnf_cache_miss/|1001196800|100.00||
   305.318464286|1061304||arm_cmn_0/hnf_cache_miss/|1001200840|100.00||
   305.318464286|570029||arm_cmn_1/hnf_cache_miss/|1001199880|100.00||
   306.319661461|1072990||arm_cmn_0/hnf_cache_miss/|1001190480|100.00||
   306.319661461|550074||arm_cmn_1/hnf_cache_miss/|1001190320|100.00||
   307.320056717|1110129||arm_cmn_0/hnf_cache_miss/|1000397480|100.00||
   307.320056717|580377||arm_cmn_1/hnf_cache_miss/|1000398400|100.00||
   308.321263212|1574210||arm_cmn_0/hnf_cache_miss/|1001203760|100.00||
   308.321263212|984250||arm_cmn_1/hnf_cache_miss/|1001202680|100.00||
   309.322466628|1116639||arm_cmn_0/hnf_cache_miss/|1001201240|100.00||
   309.322466628|591203||arm_cmn_1/hnf_cache_miss/|1001202760|100.00||
   310.323661484|1057838||arm_cmn_0/hnf_cache_miss/|1001200760|100.00||
   310.323661484|553661||arm_cmn_1/hnf_cache_miss/|1001200840|100.00||
   311.324068339|1052477||arm_cmn_0/hnf_cache_miss/|1000400880|100.00||
   311.324068339|554195||arm_cmn_1/hnf_cache_miss/|1000400600|100.00||
   312.325268435|1085725||arm_cmn_0/hnf_cache_miss/|1001208120|100.00||
   312.325268435|548874||arm_cmn_1/hnf_cache_miss/|1001208160|100.00||
   313.326482251|1098127||arm_cmn_0/hnf_cache_miss/|1001204880|100.00||
   313.326482251|612383||arm_cmn_1/hnf_cache_miss/|1001204760|100.00||
   314.327678787|1017243||arm_cmn_0/hnf_cache_miss/|1001192600|100.00||
   314.327678787|552562||arm_cmn_1/hnf_cache_miss/|1001194040|100.00||
   315.327976242|1055086||arm_cmn_0/hnf_cache_miss/|1000300760|100.00||
   315.327976242|556253||arm_cmn_1/hnf_cache_miss/|1000299640|100.00||
   316.329183018|1005260||arm_cmn_0/hnf_cache_miss/|1001204840|100.00||
   316.329183018|527592||arm_cmn_1/hnf_cache_miss/|1001203840|100.00||
   317.330398714|1119752||arm_cmn_0/hnf_cache_miss/|1001210000|100.00||
   317.330398714|588379||arm_cmn_1/hnf_cache_miss/|1001209360|100.00||
   318.331598570|1496138||arm_cmn_0/hnf_cache_miss/|1001202840|100.00||
   318.331598570|949883||arm_cmn_1/hnf_cache_miss/|1001204640|100.00||
   319.332070105|1044666||arm_cmn_0/hnf_cache_miss/|1000468160|100.00||
   319.332070105|574402||arm_cmn_1/hnf_cache_miss/|1000469480|100.00||
   320.333267161|1079486||arm_cmn_0/hnf_cache_miss/|1001203080|100.00||
   320.333267161|564896||arm_cmn_1/hnf_cache_miss/|1001202040|100.00||
   321.334476377|1087042||arm_cmn_0/hnf_cache_miss/|1001199760|100.00||
   321.334476377|592845||arm_cmn_1/hnf_cache_miss/|1001199640|100.00||
   322.335675553|1086499||arm_cmn_0/hnf_cache_miss/|1001196240|100.00||
   322.335675553|568633||arm_cmn_1/hnf_cache_miss/|1001196440|100.00||
   323.336057528|1072957||arm_cmn_0/hnf_cache_miss/|1000382920|100.00||
   323.336057528|586443||arm_cmn_1/hnf_cache_miss/|1000382760|100.00||
   324.337253584|1030329||arm_cmn_0/hnf_cache_miss/|1001196200|100.00||
   324.337253584|552748||arm_cmn_1/hnf_cache_miss/|1001196680|100.00||
   325.338456000|1086746||arm_cmn_0/hnf_cache_miss/|1001205680|100.00||
   325.338456000|583645||arm_cmn_1/hnf_cache_miss/|1001206080|100.00||
   326.339656536|1025489||arm_cmn_0/hnf_cache_miss/|1001196320|100.00||
   326.339656536|542487||arm_cmn_1/hnf_cache_miss/|1001194640|100.00||
   327.340053911|1089119||arm_cmn_0/hnf_cache_miss/|1000393480|100.00||
   327.340053911|568051||arm_cmn_1/hnf_cache_miss/|1000394640|100.00||
   328.341257607|1018263||arm_cmn_0/hnf_cache_miss/|1001205400|100.00||
   328.341257607|573688||arm_cmn_1/hnf_cache_miss/|1001204320|100.00||
   329.342451463|1036868||arm_cmn_0/hnf_cache_miss/|1001190560|100.00||
   329.342451463|557612||arm_cmn_1/hnf_cache_miss/|1001190800|100.00||
   330.343640358|1068713||arm_cmn_0/hnf_cache_miss/|1001195320|100.00||
   330.343640358|561015||arm_cmn_1/hnf_cache_miss/|1001195120|100.00||
   331.344067494|1038662||arm_cmn_0/hnf_cache_miss/|1000419880|100.00||
   331.344067494|564273||arm_cmn_1/hnf_cache_miss/|1000420400|100.00||
   332.345259670|1011165||arm_cmn_0/hnf_cache_miss/|1001187920|100.00||
   332.345259670|544117||arm_cmn_1/hnf_cache_miss/|1001187680|100.00||
   333.346454045|1692818||arm_cmn_0/hnf_cache_miss/|1001195120|100.00||
   333.346454045|1147554||arm_cmn_1/hnf_cache_miss/|1001195280|100.00||
   334.347649461|1048939||arm_cmn_0/hnf_cache_miss/|1001194360|100.00||
   334.347649461|567877||arm_cmn_1/hnf_cache_miss/|1001194880|100.00||
   335.348078156|1049304||arm_cmn_0/hnf_cache_miss/|1000427360|100.00||
   335.348078156|580252||arm_cmn_1/hnf_cache_miss/|1000427080|100.00||
   336.349270612|1016695||arm_cmn_0/hnf_cache_miss/|1001188560|100.00||
   336.349270612|562242||arm_cmn_1/hnf_cache_miss/|1001187960|100.00||
   337.350465068|1111397||arm_cmn_0/hnf_cache_miss/|1001198680|100.00||
   337.350465068|596095||arm_cmn_1/hnf_cache_miss/|1001198880|100.00||
   338.351670764|992606||arm_cmn_0/hnf_cache_miss/|1001203280|100.00||
   338.351670764|533519||arm_cmn_1/hnf_cache_miss/|1001202960|100.00||
   339.352069699|1057553||arm_cmn_0/hnf_cache_miss/|1000396200|100.00||
   339.352069699|577925||arm_cmn_1/hnf_cache_miss/|1000397080|100.00||
   340.353262075|1054369||arm_cmn_0/hnf_cache_miss/|1001188440|100.00||
   340.353262075|582760||arm_cmn_1/hnf_cache_miss/|1001188840|100.00||
   341.354458051|1089614||arm_cmn_0/hnf_cache_miss/|1001199840|100.00||
   341.354458051|622794||arm_cmn_1/hnf_cache_miss/|1001198760|100.00||
   342.355655827|1048415||arm_cmn_0/hnf_cache_miss/|1001196280|100.00||
   342.355655827|562272||arm_cmn_1/hnf_cache_miss/|1001195800|100.00||
   343.356066642|1054189||arm_cmn_0/hnf_cache_miss/|1000410560|100.00||
   343.356066642|573181||arm_cmn_1/hnf_cache_miss/|1000412120|100.00||
   344.357269618|1038636||arm_cmn_0/hnf_cache_miss/|1001202360|100.00||
   344.357269618|559140||arm_cmn_1/hnf_cache_miss/|1001202600|100.00||
   345.358473154|1090519||arm_cmn_0/hnf_cache_miss/|1001198720|100.00||
   345.358473154|590505||arm_cmn_1/hnf_cache_miss/|1001196600|100.00||
   346.359669330|1042598||arm_cmn_0/hnf_cache_miss/|1001202120|100.00||
   346.359669330|551110||arm_cmn_1/hnf_cache_miss/|1001202360|100.00||
   347.360059265|1099444||arm_cmn_0/hnf_cache_miss/|1000388440|100.00||
   347.360059265|594099||arm_cmn_1/hnf_cache_miss/|1000389720|100.00||
   348.361265041|1058029||arm_cmn_0/hnf_cache_miss/|1001208640|100.00||
   348.361265041|564368||arm_cmn_1/hnf_cache_miss/|1001208400|100.00||
   349.362474937|1764372||arm_cmn_0/hnf_cache_miss/|1001206920|100.00||
   349.362474937|1194352||arm_cmn_1/hnf_cache_miss/|1001205800|100.00||
   350.363682233|1093343||arm_cmn_0/hnf_cache_miss/|1001207520|100.00||
   350.363682233|593982||arm_cmn_1/hnf_cache_miss/|1001209160|100.00||
   351.364076048|1057280||arm_cmn_0/hnf_cache_miss/|1000386520|100.00||
   351.364076048|597473||arm_cmn_1/hnf_cache_miss/|1000385680|100.00||
   352.365263984|1067052||arm_cmn_0/hnf_cache_miss/|1001188640|100.00||
   352.365263984|552325||arm_cmn_1/hnf_cache_miss/|1001189240|100.00||
   353.366465520|1063862||arm_cmn_0/hnf_cache_miss/|1001201600|100.00||
   353.366465520|578454||arm_cmn_1/hnf_cache_miss/|1001201200|100.00||
   354.367665976|1023384||arm_cmn_0/hnf_cache_miss/|1001197200|100.00||
   354.367665976|567835||arm_cmn_1/hnf_cache_miss/|1001196920|100.00||
   355.368068391|1059290||arm_cmn_0/hnf_cache_miss/|1000398920|100.00||
   355.368068391|552238||arm_cmn_1/hnf_cache_miss/|1000399680|100.00||
   356.369263247|1203190||arm_cmn_0/hnf_cache_miss/|1001201920|100.00||
   356.369263247|657693||arm_cmn_1/hnf_cache_miss/|1001200840|100.00||
   357.370475862|1059818||arm_cmn_0/hnf_cache_miss/|1001205840|100.00||
   357.370475862|545272||arm_cmn_1/hnf_cache_miss/|1001207000|100.00||
   358.371689758|1080402||arm_cmn_0/hnf_cache_miss/|1001214280|100.00||
   358.371689758|600489||arm_cmn_1/hnf_cache_miss/|1001214240|100.00||
   359.372053693|1521345||arm_cmn_0/hnf_cache_miss/|1000357080|100.00||
   359.372053693|979472||arm_cmn_1/hnf_cache_miss/|1000357200|100.00||
   360.373253309|1058692||arm_cmn_0/hnf_cache_miss/|1001200920|100.00||
   360.373253309|575088||arm_cmn_1/hnf_cache_miss/|1001200400|100.00||
   361.374440765|1021798||arm_cmn_0/hnf_cache_miss/|1001186000|100.00||
   361.374440765|556357||arm_cmn_1/hnf_cache_miss/|1001186040|100.00||
   362.375636101|1042663||arm_cmn_0/hnf_cache_miss/|1001192880|100.00||
   362.375636101|546502||arm_cmn_1/hnf_cache_miss/|1001191920|100.00||
   363.376072436|969581||arm_cmn_0/hnf_cache_miss/|1000433680|100.00||
   363.376072436|531182||arm_cmn_1/hnf_cache_miss/|1000434360|100.00||
   364.377257852|1012963||arm_cmn_0/hnf_cache_miss/|1001184520|100.00||
   364.377257852|572300||arm_cmn_1/hnf_cache_miss/|1001184960|100.00||
   365.378455028|971719||arm_cmn_0/hnf_cache_miss/|1001197400|100.00||
   365.378455028|526849||arm_cmn_1/hnf_cache_miss/|1001197120|100.00||
   366.379644564|970100||arm_cmn_0/hnf_cache_miss/|1001187840|100.00||
   366.379644564|528815||arm_cmn_1/hnf_cache_miss/|1001187120|100.00||
   367.380069059|979060||arm_cmn_0/hnf_cache_miss/|1000420480|100.00||
   367.380069059|512033||arm_cmn_1/hnf_cache_miss/|1000420400|100.00||
   368.381253195|984808||arm_cmn_0/hnf_cache_miss/|1001189160|100.00||
   368.381253195|545632||arm_cmn_1/hnf_cache_miss/|1001188760|100.00||
   369.382441811|1480126||arm_cmn_0/hnf_cache_miss/|1001185400|100.00||
   369.382441811|935092||arm_cmn_1/hnf_cache_miss/|1001186000|100.00||
   370.383632747|1074830||arm_cmn_0/hnf_cache_miss/|1001194720|100.00||
   370.383632747|600971||arm_cmn_1/hnf_cache_miss/|1001192920|100.00||
   371.384061762|1002854||arm_cmn_0/hnf_cache_miss/|1000419920|100.00||
   371.384061762|546070||arm_cmn_1/hnf_cache_miss/|1000421520|100.00||
   372.385240818|1021122||arm_cmn_0/hnf_cache_miss/|1001176280|100.00||
   372.385240818|541142||arm_cmn_1/hnf_cache_miss/|1001176200|100.00||
   373.386434274|974412||arm_cmn_0/hnf_cache_miss/|1001197600|100.00||
   373.386434274|534649||arm_cmn_1/hnf_cache_miss/|1001199080|100.00||
   374.387632690|1004375||arm_cmn_0/hnf_cache_miss/|1001200560|100.00||
   374.387632690|567618||arm_cmn_1/hnf_cache_miss/|1001199680|100.00||
   375.388055745|948549||arm_cmn_0/hnf_cache_miss/|1000421120|100.00||
   375.388055745|515149||arm_cmn_1/hnf_cache_miss/|1000421160|100.00||
   376.389249521|955121||arm_cmn_0/hnf_cache_miss/|1001188680|100.00||
   376.389249521|531164||arm_cmn_1/hnf_cache_miss/|1001187680|100.00||
   377.390431177|977047||arm_cmn_0/hnf_cache_miss/|1001182200|100.00||
   377.390431177|536287||arm_cmn_1/hnf_cache_miss/|1001183080|100.00||
   378.391629913|947781||arm_cmn_0/hnf_cache_miss/|1001202280|100.00||
   378.391629913|546674||arm_cmn_1/hnf_cache_miss/|1001201920|100.00||
   379.392073488|1356452||arm_cmn_0/hnf_cache_miss/|1000437880|100.00||
   379.392073488|906695||arm_cmn_1/hnf_cache_miss/|1000437000|100.00||
   380.393264304|971857||arm_cmn_0/hnf_cache_miss/|1001186280|100.00||
   380.393264304|523967||arm_cmn_1/hnf_cache_miss/|1001186920|100.00||
   381.394446360|934811||arm_cmn_0/hnf_cache_miss/|1001184840|100.00||
   381.394446360|519967||arm_cmn_1/hnf_cache_miss/|1001184600|100.00||
   382.395637655|952355||arm_cmn_0/hnf_cache_miss/|1001190000|100.00||
   382.395637655|513978||arm_cmn_1/hnf_cache_miss/|1001189800|100.00||
   383.396063271|945459||arm_cmn_0/hnf_cache_miss/|1000419440|100.00||
   383.396063271|527968||arm_cmn_1/hnf_cache_miss/|1000418640|100.00||
   384.397241286|918437||arm_cmn_0/hnf_cache_miss/|1001183960|100.00||
   384.397241286|507378||arm_cmn_1/hnf_cache_miss/|1001184240|100.00||
   385.398424662|942159||arm_cmn_0/hnf_cache_miss/|1001174440|100.00||
   385.398424662|503653||arm_cmn_1/hnf_cache_miss/|1001173960|100.00||
   386.399604638|955711||arm_cmn_0/hnf_cache_miss/|1001191240|100.00||
   386.399604638|537163||arm_cmn_1/hnf_cache_miss/|1001192280|100.00||
   387.399947853|984730||arm_cmn_0/hnf_cache_miss/|1000344560|100.00||
   387.399947853|516919||arm_cmn_1/hnf_cache_miss/|1000344400|100.00||
   388.401143309|932571||arm_cmn_0/hnf_cache_miss/|1001183760|100.00||
   388.401143309|524700||arm_cmn_1/hnf_cache_miss/|1001184480|100.00||
   389.402319245|950204||arm_cmn_0/hnf_cache_miss/|1001177440|100.00||
   389.402319245|505782||arm_cmn_1/hnf_cache_miss/|1001177640|100.00||
   390.403501781|1461788||arm_cmn_0/hnf_cache_miss/|1001180720|100.00||
   390.403501781|901941||arm_cmn_1/hnf_cache_miss/|1001180280|100.00||
   391.404055076|935932||arm_cmn_0/hnf_cache_miss/|1000553000|100.00||
   391.404055076|523200||arm_cmn_1/hnf_cache_miss/|1000553320|100.00||
   392.405243612|970127||arm_cmn_0/hnf_cache_miss/|1001183840|100.00||
   392.405243612|528014||arm_cmn_1/hnf_cache_miss/|1001184520|100.00||
   393.406429828|923070||arm_cmn_0/hnf_cache_miss/|1001186080|100.00||
   393.406429828|508359||arm_cmn_1/hnf_cache_miss/|1001186120|100.00||
   394.407612204|942746||arm_cmn_0/hnf_cache_miss/|1001185680|100.00||
   394.407612204|522530||arm_cmn_1/hnf_cache_miss/|1001185280|100.00||
   395.408063179|921659||arm_cmn_0/hnf_cache_miss/|1000446040|100.00||
   395.408063179|515455||arm_cmn_1/hnf_cache_miss/|1000447000|100.00||
   396.409242995|925717||arm_cmn_0/hnf_cache_miss/|1001174800|100.00||
   396.409242995|520128||arm_cmn_1/hnf_cache_miss/|1001174880|100.00||
   397.410423211|992426||arm_cmn_0/hnf_cache_miss/|1001183400|100.00||
   397.410423211|540181||arm_cmn_1/hnf_cache_miss/|1001182520|100.00||
   398.411612107|907822||arm_cmn_0/hnf_cache_miss/|1001185520|100.00||
   398.411612107|510194||arm_cmn_1/hnf_cache_miss/|1001185000|100.00||
   399.412066162|902617||arm_cmn_0/hnf_cache_miss/|1000453000|100.00||
   399.412066162|496591||arm_cmn_1/hnf_cache_miss/|1000452200|100.00||
   400.413240498|963699||arm_cmn_0/hnf_cache_miss/|1001175280|100.00||
   400.413240498|538435||arm_cmn_1/hnf_cache_miss/|1001175480|100.00||
   401.414426994|957756||arm_cmn_0/hnf_cache_miss/|1001180200|100.00||
   401.414426994|550119||arm_cmn_1/hnf_cache_miss/|1001180120|100.00||
   402.415602610|926359||arm_cmn_0/hnf_cache_miss/|1001176520|100.00||
   402.415602610|519282||arm_cmn_1/hnf_cache_miss/|1001176320|100.00||
   403.416063905|935270||arm_cmn_0/hnf_cache_miss/|1000461160|100.00||
   403.416063905|499896||arm_cmn_1/hnf_cache_miss/|1000460440|100.00||
   404.417238201|949922||arm_cmn_0/hnf_cache_miss/|1001179720|100.00||
   404.417238201|529301||arm_cmn_1/hnf_cache_miss/|1001180200|100.00||
   405.418428017|1706033||arm_cmn_0/hnf_cache_miss/|1001184640|100.00||
   405.418428017|1187343||arm_cmn_1/hnf_cache_miss/|1001185880|100.00||
   406.419614632|968410||arm_cmn_0/hnf_cache_miss/|1001185840|100.00||
   406.419614632|540376||arm_cmn_1/hnf_cache_miss/|1001185880|100.00||
   407.420063688|969925||arm_cmn_0/hnf_cache_miss/|1000450560|100.00||
   407.420063688|525416||arm_cmn_1/hnf_cache_miss/|1000449840|100.00||
   408.421255983|937581||arm_cmn_0/hnf_cache_miss/|1001187320|100.00||
   408.421255983|523172||arm_cmn_1/hnf_cache_miss/|1001189160|100.00||
   409.422441839|934203||arm_cmn_0/hnf_cache_miss/|1001187480|100.00||
   409.422441839|520325||arm_cmn_1/hnf_cache_miss/|1001186200|100.00||
   410.423630135|985279||arm_cmn_0/hnf_cache_miss/|1001188960|100.00||
   410.423630135|562465||arm_cmn_1/hnf_cache_miss/|1001188720|100.00||
   411.424053110|924797||arm_cmn_0/hnf_cache_miss/|1000416000|100.00||
   411.424053110|526133||arm_cmn_1/hnf_cache_miss/|1000416560|100.00||
   412.425231686|922073||arm_cmn_0/hnf_cache_miss/|1001180240|100.00||
   412.425231686|509909||arm_cmn_1/hnf_cache_miss/|1001180200|100.00||
   413.426415502|934627||arm_cmn_0/hnf_cache_miss/|1001181760|100.00||
   413.426415502|511069||arm_cmn_1/hnf_cache_miss/|1001181480|100.00||
   414.427599718|960667||arm_cmn_0/hnf_cache_miss/|1001181880|100.00||
   414.427599718|523345||arm_cmn_1/hnf_cache_miss/|1001181680|100.00||
   415.428063933|947635||arm_cmn_0/hnf_cache_miss/|1000468400|100.00||
   415.428063933|531742||arm_cmn_1/hnf_cache_miss/|1000468440|100.00||
   416.429245549|1100355||arm_cmn_0/hnf_cache_miss/|1001183680|100.00||
   416.429245549|608218||arm_cmn_1/hnf_cache_miss/|1001183120|100.00||
   417.430437885|958242||arm_cmn_0/hnf_cache_miss/|1001192440|100.00||
   417.430437885|513860||arm_cmn_1/hnf_cache_miss/|1001193800|100.00||
   418.431646101|971149||arm_cmn_0/hnf_cache_miss/|1001199040|100.00||
   418.431646101|532563||arm_cmn_1/hnf_cache_miss/|1001198320|100.00||
   419.432071236|950736||arm_cmn_0/hnf_cache_miss/|1000425360|100.00||
   419.432071236|529176||arm_cmn_1/hnf_cache_miss/|1000424800|100.00||
   420.433255652|1704925||arm_cmn_0/hnf_cache_miss/|1001190280|100.00||
   420.433255652|1191103||arm_cmn_1/hnf_cache_miss/|1001190720|100.00||
   421.434452628|957572||arm_cmn_0/hnf_cache_miss/|1001189480|100.00||
   421.434452628|532226||arm_cmn_1/hnf_cache_miss/|1001188920|100.00||
   422.435634204|961952||arm_cmn_0/hnf_cache_miss/|1001180440|100.00||
   422.435634204|520870||arm_cmn_1/hnf_cache_miss/|1001180960|100.00||
   423.436064019|914054||arm_cmn_0/hnf_cache_miss/|1000423920|100.00||
   423.436064019|502234||arm_cmn_1/hnf_cache_miss/|1000423880|100.00||
   424.437242515|924912||arm_cmn_0/hnf_cache_miss/|1001176840|100.00||
   424.437242515|524365||arm_cmn_1/hnf_cache_miss/|1001176800|100.00||
   425.438417971|926235||arm_cmn_0/hnf_cache_miss/|1001177160|100.00||
   425.438417971|520773||arm_cmn_1/hnf_cache_miss/|1001178160|100.00||
   426.439601587|918116||arm_cmn_0/hnf_cache_miss/|1001179720|100.00||
   426.439601587|514895||arm_cmn_1/hnf_cache_miss/|1001179040|100.00||
   427.440061842|926377||arm_cmn_0/hnf_cache_miss/|1000458040|100.00||
   427.440061842|496037||arm_cmn_1/hnf_cache_miss/|1000457560|100.00||
   428.441247818|916494||arm_cmn_0/hnf_cache_miss/|1001183080|100.00||
   428.441247818|519787||arm_cmn_1/hnf_cache_miss/|1001182440|100.00||
   429.442409914|902349||arm_cmn_0/hnf_cache_miss/|1001165680|100.00||
   429.442409914|496972||arm_cmn_1/hnf_cache_miss/|1001166120|100.00||
   430.443585729|946801||arm_cmn_0/hnf_cache_miss/|1001175280|100.00||
   430.443585729|533421||arm_cmn_1/hnf_cache_miss/|1001175120|100.00||
   431.444058265|1354396||arm_cmn_0/hnf_cache_miss/|1000467120|100.00||
   431.444058265|897197||arm_cmn_1/hnf_cache_miss/|1000466960|100.00||
   432.445233161|949519||arm_cmn_0/hnf_cache_miss/|1001179680|100.00||
   432.445233161|518917||arm_cmn_1/hnf_cache_miss/|1001180560|100.00||
   433.446417816|894964||arm_cmn_0/hnf_cache_miss/|1001178760|100.00||
   433.446417816|488669||arm_cmn_1/hnf_cache_miss/|1001179000|100.00||
   434.447592672|892283||arm_cmn_0/hnf_cache_miss/|1001171720|100.00||
   434.447592672|503822||arm_cmn_1/hnf_cache_miss/|1001170800|100.00||
   435.448073527|876622||arm_cmn_0/hnf_cache_miss/|1000482480|100.00||
   435.448073527|474393||arm_cmn_1/hnf_cache_miss/|1000482520|100.00||
   436.449248143|897755||arm_cmn_0/hnf_cache_miss/|1001175720|100.00||
   436.449248143|503997||arm_cmn_1/hnf_cache_miss/|1001175720|100.00||
   437.450426039|912508||arm_cmn_0/hnf_cache_miss/|1001170600|100.00||
   437.450426039|494845||arm_cmn_1/hnf_cache_miss/|1001170480|100.00||
   438.451596095|898231||arm_cmn_0/hnf_cache_miss/|1001169320|100.00||
   438.451596095|509640||arm_cmn_1/hnf_cache_miss/|1001169000|100.00||
   439.452062550|856468||arm_cmn_0/hnf_cache_miss/|1000473760|100.00||
   439.452062550|491646||arm_cmn_1/hnf_cache_miss/|1000473840|100.00||
   440.453235646|915502||arm_cmn_0/hnf_cache_miss/|1001173400|100.00||
   440.453235646|511016||arm_cmn_1/hnf_cache_miss/|1001173040|100.00||
   441.454417062|1352527||arm_cmn_0/hnf_cache_miss/|1001180720|100.00||
   441.454417062|883509||arm_cmn_1/hnf_cache_miss/|1001181200|100.00||
   442.455596878|909516||arm_cmn_0/hnf_cache_miss/|1001178800|100.00||
   442.455596878|509575||arm_cmn_1/hnf_cache_miss/|1001178040|100.00||
   443.456055133|857470||arm_cmn_0/hnf_cache_miss/|1000453320|100.00||
   443.456055133|483283||arm_cmn_1/hnf_cache_miss/|1000455600|100.00||
   444.457229029|853951||arm_cmn_0/hnf_cache_miss/|1001172760|100.00||
   444.457229029|491167||arm_cmn_1/hnf_cache_miss/|1001172000|100.00||
   445.458396765|877176||arm_cmn_0/hnf_cache_miss/|1001166680|100.00||
   445.458396765|488831||arm_cmn_1/hnf_cache_miss/|1001164640|100.00||
   446.459561741|866354||arm_cmn_0/hnf_cache_miss/|1001165720|100.00||
   446.459561741|494951||arm_cmn_1/hnf_cache_miss/|1001167800|100.00||
   447.460066876|875714||arm_cmn_0/hnf_cache_miss/|1000497440|100.00||
   447.460066876|481623||arm_cmn_1/hnf_cache_miss/|1000496800|100.00||
   448.461235892|848885||arm_cmn_0/hnf_cache_miss/|1001173720|100.00||
   448.461235892|490304||arm_cmn_1/hnf_cache_miss/|1001172560|100.00||
   449.462408788|850985||arm_cmn_0/hnf_cache_miss/|1001169280|100.00||
   449.462408788|481961||arm_cmn_1/hnf_cache_miss/|1001170480|100.00||
   450.463580124|907288||arm_cmn_0/hnf_cache_miss/|1001171560|100.00||
   450.463580124|505353||arm_cmn_1/hnf_cache_miss/|1001172160|100.00||
   451.463988619|856523||arm_cmn_0/hnf_cache_miss/|1000407200|100.00||
   451.463988619|486718||arm_cmn_1/hnf_cache_miss/|1000406760|100.00||
   452.465160195|864704||arm_cmn_0/hnf_cache_miss/|1001167920|100.00||
   452.465160195|490644||arm_cmn_1/hnf_cache_miss/|1001169280|100.00||
   453.466331531|858037||arm_cmn_0/hnf_cache_miss/|1001167720|100.00||
   453.466331531|486737||arm_cmn_1/hnf_cache_miss/|1001166880|100.00||
   454.467494906|836583||arm_cmn_0/hnf_cache_miss/|1001165680|100.00||
   454.467494906|473283||arm_cmn_1/hnf_cache_miss/|1001165600|100.00||
   455.468064682|829846||arm_cmn_0/hnf_cache_miss/|1000568640|100.00||
   455.468064682|469200||arm_cmn_1/hnf_cache_miss/|1000568760|100.00||
   456.469229738|1502221||arm_cmn_0/hnf_cache_miss/|1001162480|100.00||
   456.469229738|1059178||arm_cmn_1/hnf_cache_miss/|1001163240|100.00||
   457.470406033|940703||arm_cmn_0/hnf_cache_miss/|1001179520|100.00||
   457.470406033|525690||arm_cmn_1/hnf_cache_miss/|1001176280|100.00||
   458.471581129|849611||arm_cmn_0/hnf_cache_miss/|1001166480|100.00||
   458.471581129|493145||arm_cmn_1/hnf_cache_miss/|1001167640|100.00||
   459.472061865|827338||arm_cmn_0/hnf_cache_miss/|1000482400|100.00||
   459.472061865|462909||arm_cmn_1/hnf_cache_miss/|1000482840|100.00||
   460.473235240|925553||arm_cmn_0/hnf_cache_miss/|1001174680|100.00||
   460.473235240|522645||arm_cmn_1/hnf_cache_miss/|1001173080|100.00||
   461.474399736|856685||arm_cmn_0/hnf_cache_miss/|1001156400|100.00||
   461.474399736|489297||arm_cmn_1/hnf_cache_miss/|1001158160|100.00||
   462.475558672|1158148||arm_cmn_0/hnf_cache_miss/|1001161840|100.00||
   462.475558672|592750||arm_cmn_1/hnf_cache_miss/|1001160560|100.00||
   463.476056687|1166448||arm_cmn_0/hnf_cache_miss/|1000503320|100.00||
   463.476056687|625620||arm_cmn_1/hnf_cache_miss/|1000504760|100.00||
   464.477240063|1587412||arm_cmn_0/hnf_cache_miss/|1001180960|100.00||
   464.477240063|879208||arm_cmn_1/hnf_cache_miss/|1001179600|100.00||
   465.478411319|1285628||arm_cmn_0/hnf_cache_miss/|1001170840|100.00||
   465.478411319|745682||arm_cmn_1/hnf_cache_miss/|1001170920|100.00||
   466.479593135|1131243||arm_cmn_0/hnf_cache_miss/|1001209240|100.00||
   466.479593135|768406||arm_cmn_1/hnf_cache_miss/|1001211800|100.00||
   467.338321921|977824||arm_cmn_0/hnf_cache_miss/|858739200|100.00||
   467.338321921|638445||arm_cmn_1/hnf_cache_miss/|858738280|100.00||
