     1.001078629|1807797976||arm_cmn_0/hnf_cache_miss/|1009359360|100.00||
     1.001078629|1660688279||arm_cmn_1/hnf_cache_miss/|1009353120|100.00||
     2.003903180|1865457265||arm_cmn_0/hnf_cache_miss/|1002802560|100.00||
     2.003903180|1746566080||arm_cmn_1/hnf_cache_miss/|1002802560|100.00||
     3.005263839|1907464528||arm_cmn_0/hnf_cache_miss/|1001383760|100.00||
     3.005263839|1790041207||arm_cmn_1/hnf_cache_miss/|1001383400|100.00||
     4.006660372|1919337747||arm_cmn_0/hnf_cache_miss/|1001392640|100.00||
     4.006660372|1807595062||arm_cmn_1/hnf_cache_miss/|1001390720|100.00||
     5.007937139|1921923236||arm_cmn_0/hnf_cache_miss/|1001245040|100.00||
     5.007937139|1819348874||arm_cmn_1/hnf_cache_miss/|1001246840|100.00||
     6.009281541|1929992103||arm_cmn_0/hnf_cache_miss/|1001364160|100.00||
     6.009281541|1826448025||arm_cmn_1/hnf_cache_miss/|1001366880|100.00||
     7.010673498|1932091201||arm_cmn_0/hnf_cache_miss/|1001395080|100.00||
     7.010673498|1840465991||arm_cmn_1/hnf_cache_miss/|1001392280|100.00||
     8.011940568|1929728654||arm_cmn_0/hnf_cache_miss/|1001235200|100.00||
     8.011940568|1834633116||arm_cmn_1/hnf_cache_miss/|1001234680|100.00||
     9.013298394|1917252531||arm_cmn_0/hnf_cache_miss/|1001370320|100.00||
     9.013298394|1831865194||arm_cmn_1/hnf_cache_miss/|1001372520|100.00||
    10.014686813|1945902630||arm_cmn_0/hnf_cache_miss/|1001397600|100.00||
    10.014686813|1855952352||arm_cmn_1/hnf_cache_miss/|1001396040|100.00||
    11.015976667|1952219207||arm_cmn_0/hnf_cache_miss/|1001258120|100.00||
    11.015976667|1866062398||arm_cmn_1/hnf_cache_miss/|1001256440|100.00||
    12.017325436|1948212305||arm_cmn_0/hnf_cache_miss/|1001358680|100.00||
    12.017325436|1871846427||arm_cmn_1/hnf_cache_miss/|1001360280|100.00||
    13.018711759|1947518273||arm_cmn_0/hnf_cache_miss/|1001389600|100.00||
    13.018711759|1867709714||arm_cmn_1/hnf_cache_miss/|1001388560|100.00||
    14.019855035|1949331211||arm_cmn_0/hnf_cache_miss/|1001111200|100.00||
    14.019855035|1873329614||arm_cmn_1/hnf_cache_miss/|1001111320|100.00||
    15.021201307|1950226865||arm_cmn_0/hnf_cache_miss/|1001363080|100.00||
    15.021201307|1874765104||arm_cmn_1/hnf_cache_miss/|1001363880|100.00||
    16.022591934|1955855033||arm_cmn_0/hnf_cache_miss/|1001403560|100.00||
    16.022591934|1885901047||arm_cmn_1/hnf_cache_miss/|1001406400|100.00||
    17.023916275|1955292021||arm_cmn_0/hnf_cache_miss/|1001292040|100.00||
    17.023916275|1885652729||arm_cmn_1/hnf_cache_miss/|1001289360|100.00||
    18.025300890|1956838809||arm_cmn_0/hnf_cache_miss/|1001391200|100.00||
    18.025300890|1888765910||arm_cmn_1/hnf_cache_miss/|1001392480|100.00||
    19.026709180|1959749848||arm_cmn_0/hnf_cache_miss/|1001410680|100.00||
    19.026709180|1885054301||arm_cmn_1/hnf_cache_miss/|1001409080|100.00||
    20.027989385|1955483781||arm_cmn_0/hnf_cache_miss/|1001248280|100.00||
    20.027989385|1889992312||arm_cmn_1/hnf_cache_miss/|1001248560|100.00||
    21.029324624|1964146268||arm_cmn_0/hnf_cache_miss/|1001352800|100.00||
    21.029324624|1894567619||arm_cmn_1/hnf_cache_miss/|1001354640|100.00||
    22.030692537|1952706867||arm_cmn_0/hnf_cache_miss/|1001376600|100.00||
    22.030692537|1889501984||arm_cmn_1/hnf_cache_miss/|1001375720|100.00||
    23.031939685|1955113528||arm_cmn_0/hnf_cache_miss/|1001208160|100.00||
    23.031939685|1891750207||arm_cmn_1/hnf_cache_miss/|1001206040|100.00||
    24.033279388|1951554920||arm_cmn_0/hnf_cache_miss/|1001365160|100.00||
    24.033279388|1890401050||arm_cmn_1/hnf_cache_miss/|1001365400|100.00||
    25.034659725|1954574393||arm_cmn_0/hnf_cache_miss/|1001389760|100.00||
    25.034659725|1892251512||arm_cmn_1/hnf_cache_miss/|1001389680|100.00||
    26.035891137|1950175408||arm_cmn_0/hnf_cache_miss/|1001184040|100.00||
    26.035891137|1890617364||arm_cmn_1/hnf_cache_miss/|1001184720|100.00||
    27.037248263|1948552304||arm_cmn_0/hnf_cache_miss/|1001375360|100.00||
    27.037248263|1891500473||arm_cmn_1/hnf_cache_miss/|1001374360|100.00||
    28.038640105|1943954946||arm_cmn_0/hnf_cache_miss/|1001398080|100.00||
    28.038640105|1887494556||arm_cmn_1/hnf_cache_miss/|1001398400|100.00||
    29.039960220|1949065695||arm_cmn_0/hnf_cache_miss/|1001290360|100.00||
    29.039960220|1890320822||arm_cmn_1/hnf_cache_miss/|1001290520|100.00||
    30.041311011|1843419652||arm_cmn_0/hnf_cache_miss/|1001370200|100.00||
    30.041311011|1884031624||arm_cmn_1/hnf_cache_miss/|1001372960|100.00||
    31.042712756|2386481021||arm_cmn_0/hnf_cache_miss/|1001419040|100.00||
    31.042712756|1932702954||arm_cmn_1/hnf_cache_miss/|1001419480|100.00||
    32.043995216|2578601107||arm_cmn_0/hnf_cache_miss/|1001274320|100.00||
    32.043995216|2406652793||arm_cmn_1/hnf_cache_miss/|1001275600|100.00||
    33.045435590|2581836444||arm_cmn_0/hnf_cache_miss/|1001443360|100.00||
    33.045435590|2480931396||arm_cmn_1/hnf_cache_miss/|1001441320|100.00||
    34.046880880|2552574126||arm_cmn_0/hnf_cache_miss/|1001456440|100.00||
    34.046880880|2451082625||arm_cmn_1/hnf_cache_miss/|1001456680|100.00||
    35.047975483|2557426263||arm_cmn_0/hnf_cache_miss/|1001056040|100.00||
    35.047975483|2438838653||arm_cmn_1/hnf_cache_miss/|1001055000|100.00||
    36.049402681|2572900538||arm_cmn_0/hnf_cache_miss/|1001437920|100.00||
    36.049402681|2454508604||arm_cmn_1/hnf_cache_miss/|1001438760|100.00||
    37.050845595|2587516960||arm_cmn_0/hnf_cache_miss/|1001448520|100.00||
    37.050845595|2464291521||arm_cmn_1/hnf_cache_miss/|1001450040|100.00||
    38.051907542|2582403273||arm_cmn_0/hnf_cache_miss/|1001028920|100.00||
    38.051907542|2482680556||arm_cmn_1/hnf_cache_miss/|1001026520|100.00||
    39.053352245|2591301466||arm_cmn_0/hnf_cache_miss/|1001455520|100.00||
    39.053352245|2473190763||arm_cmn_1/hnf_cache_miss/|1001457320|100.00||
    40.054806063|2616109509||arm_cmn_0/hnf_cache_miss/|1001473040|100.00||
    40.054806063|2497184481||arm_cmn_1/hnf_cache_miss/|1001473120|100.00||
    41.055957994|2582998834||arm_cmn_0/hnf_cache_miss/|1001128120|100.00||
    41.055957994|2513003573||arm_cmn_1/hnf_cache_miss/|1001128640|100.00||
    42.057375681|2577930654||arm_cmn_0/hnf_cache_miss/|1001411920|100.00||
    42.057375681|2475027162||arm_cmn_1/hnf_cache_miss/|1001410840|100.00||
    43.058847884|2587861655||arm_cmn_0/hnf_cache_miss/|1001486200|100.00||
    43.058847884|2476587079||arm_cmn_1/hnf_cache_miss/|1001485440|100.00||
    44.059954359|2542217593||arm_cmn_0/hnf_cache_miss/|1001064880|100.00||
    44.059954359|2489408976||arm_cmn_1/hnf_cache_miss/|1001062280|100.00||
    45.061344271|2556645223||arm_cmn_0/hnf_cache_miss/|1001415600|100.00||
    45.061344271|2434879476||arm_cmn_1/hnf_cache_miss/|1001420800|100.00||
    46.062817577|2590439567||arm_cmn_0/hnf_cache_miss/|1001466280|100.00||
    46.062817577|2465574619||arm_cmn_1/hnf_cache_miss/|1001466640|100.00||
    47.063942478|2583524110||arm_cmn_0/hnf_cache_miss/|1001097040|100.00||
    47.063942478|2500294693||arm_cmn_1/hnf_cache_miss/|1001094000|100.00||
    48.065347934|2562062304||arm_cmn_0/hnf_cache_miss/|1001434320|100.00||
    48.065347934|2483358672||arm_cmn_1/hnf_cache_miss/|1001436440|100.00||
    49.066817385|2573298225||arm_cmn_0/hnf_cache_miss/|1001475200|100.00||
    49.066817385|2467025650||arm_cmn_1/hnf_cache_miss/|1001473160|100.00||
    50.067898109|2548028224||arm_cmn_0/hnf_cache_miss/|1001038160|100.00||
    50.067898109|2482649744||arm_cmn_1/hnf_cache_miss/|1001038640|100.00||
    51.069300390|2551473722||arm_cmn_0/hnf_cache_miss/|1001414600|100.00||
    51.069300390|2455719798||arm_cmn_1/hnf_cache_miss/|1001413440|100.00||
    52.070778185|2541307780||arm_cmn_0/hnf_cache_miss/|1001483480|100.00||
    52.070778185|2458969966||arm_cmn_1/hnf_cache_miss/|1001484440|100.00||
    53.071949975|2557322196||arm_cmn_0/hnf_cache_miss/|1001143480|100.00||
    53.071949975|2449135318||arm_cmn_1/hnf_cache_miss/|1001142720|100.00||
    54.073362760|2538018054||arm_cmn_0/hnf_cache_miss/|1001423480|100.00||
    54.073362760|2466558248||arm_cmn_1/hnf_cache_miss/|1001425480|100.00||
    55.074786540|2566159278||arm_cmn_0/hnf_cache_miss/|1001441720|100.00||
    55.074786540|2447215805||arm_cmn_1/hnf_cache_miss/|1001440760|100.00||
    56.076010194|2546311991||arm_cmn_0/hnf_cache_miss/|1001189440|100.00||
    56.076010194|2473833270||arm_cmn_1/hnf_cache_miss/|1001190480|100.00||
    57.077426804|2540094117||arm_cmn_0/hnf_cache_miss/|1001431560|100.00||
    57.077426804|2462384622||arm_cmn_1/hnf_cache_miss/|1001431200|100.00||
    58.078877969|2534661222||arm_cmn_0/hnf_cache_miss/|1001454000|100.00||
    58.078877969|2450875867||arm_cmn_1/hnf_cache_miss/|1001453320|100.00||
    59.079956248|2542187519||arm_cmn_0/hnf_cache_miss/|1001039040|100.00||
    59.079956248|2445200945||arm_cmn_1/hnf_cache_miss/|1001040480|100.00||
    60.081395563|2553967360||arm_cmn_0/hnf_cache_miss/|1001466720|100.00||
    60.081395563|2454621310||arm_cmn_1/hnf_cache_miss/|1001465080|100.00||
    61.082849472|2559924740||arm_cmn_0/hnf_cache_miss/|1001448920|100.00||
    61.082849472|2467783573||arm_cmn_1/hnf_cache_miss/|1001449000|100.00||
    62.083988376|2551896362||arm_cmn_0/hnf_cache_miss/|1001110680|100.00||
    62.083988376|2471657366||arm_cmn_1/hnf_cache_miss/|1001111120|100.00||
    63.085386476|2559731227||arm_cmn_0/hnf_cache_miss/|1001422920|100.00||
    63.085386476|2463998658||arm_cmn_1/hnf_cache_miss/|1001421840|100.00||
    64.086863290|2548649812||arm_cmn_0/hnf_cache_miss/|1001482280|100.00||
    64.086863290|2480318203||arm_cmn_1/hnf_cache_miss/|1001485280|100.00||
    65.087955859|2544621528||arm_cmn_0/hnf_cache_miss/|1001059080|100.00||
    65.087955859|2468896333||arm_cmn_1/hnf_cache_miss/|1001055800|100.00||
    66.089378504|2544777251||arm_cmn_0/hnf_cache_miss/|1001431400|100.00||
    66.089378504|2462077388||arm_cmn_1/hnf_cache_miss/|1001433400|100.00||
    67.090805983|2520024705||arm_cmn_0/hnf_cache_miss/|1001441680|100.00||
    67.090805983|2465768857||arm_cmn_1/hnf_cache_miss/|1001440680|100.00||
    68.091934457|2502239477||arm_cmn_0/hnf_cache_miss/|1001085040|100.00||
    68.091934457|2447051717||arm_cmn_1/hnf_cache_miss/|1001084000|100.00||
    69.093345407|2522975155||arm_cmn_0/hnf_cache_miss/|1001431880|100.00||
    69.093345407|2420632426||arm_cmn_1/hnf_cache_miss/|1001435120|100.00||
    70.094843592|2521486026||arm_cmn_0/hnf_cache_miss/|1001498320|100.00||
    70.094843592|2435423477||arm_cmn_1/hnf_cache_miss/|1001497360|100.00||
    71.095942210|2514944190||arm_cmn_0/hnf_cache_miss/|1001067480|100.00||
    71.095942210|2450316752||arm_cmn_1/hnf_cache_miss/|1001063560|100.00||
    72.097350585|2500793528||arm_cmn_0/hnf_cache_miss/|1001429640|100.00||
    72.097350585|2439660666||arm_cmn_1/hnf_cache_miss/|1001431840|100.00||
    73.098792475|2509547956||arm_cmn_0/hnf_cache_miss/|1001457600|100.00||
    73.098792475|2424745766||arm_cmn_1/hnf_cache_miss/|1001457360|100.00||
    74.099927999|2502635006||arm_cmn_0/hnf_cache_miss/|1001089400|100.00||
    74.099927999|2415215150||arm_cmn_1/hnf_cache_miss/|1001088560|100.00||
    75.101320879|2510932231||arm_cmn_0/hnf_cache_miss/|1001411520|100.00||
    75.101320879|2435848474||arm_cmn_1/hnf_cache_miss/|1001414080|100.00||
    76.102779755|2495303426||arm_cmn_0/hnf_cache_miss/|1001463520|100.00||
    76.102779755|2430004136||arm_cmn_1/hnf_cache_miss/|1001462840|100.00||
    77.103970144|2493030778||arm_cmn_0/hnf_cache_miss/|1001173560|100.00||
    77.103970144|2426513736||arm_cmn_1/hnf_cache_miss/|1001172720|100.00||
    78.105382570|2473387739||arm_cmn_0/hnf_cache_miss/|1001409000|100.00||
    78.105382570|2423870091||arm_cmn_1/hnf_cache_miss/|1001408200|100.00||
    79.106825870|2473059723||arm_cmn_0/hnf_cache_miss/|1001449520|100.00||
    79.106825870|2416187996||arm_cmn_1/hnf_cache_miss/|1001450560|100.00||
    80.107978525|2470475111||arm_cmn_0/hnf_cache_miss/|1001121560|100.00||
    80.107978525|2394495238||arm_cmn_1/hnf_cache_miss/|1001121120|100.00||
    81.109381656|2481659869||arm_cmn_0/hnf_cache_miss/|1001418200|100.00||
    81.109381656|2404406881||arm_cmn_1/hnf_cache_miss/|1001418080|100.00||
    82.110811942|2476225216||arm_cmn_0/hnf_cache_miss/|1001439800|100.00||
    82.110811942|2399750347||arm_cmn_1/hnf_cache_miss/|1001438960|100.00||
    83.111966302|2496659770||arm_cmn_0/hnf_cache_miss/|1001115920|100.00||
    83.111966302|2404246902||arm_cmn_1/hnf_cache_miss/|1001117120|100.00||
    84.113349779|2486436923||arm_cmn_0/hnf_cache_miss/|1001411000|100.00||
    84.113349779|2414967949||arm_cmn_1/hnf_cache_miss/|1001410240|100.00||
    85.114799890|2508676451||arm_cmn_0/hnf_cache_miss/|1001435080|100.00||
    85.114799890|2420361164||arm_cmn_1/hnf_cache_miss/|1001436560|100.00||
    86.115977396|2493306373||arm_cmn_0/hnf_cache_miss/|1001149120|100.00||
    86.115977396|2417245257||arm_cmn_1/hnf_cache_miss/|1001146080|100.00||
    87.117350458|2498534047||arm_cmn_0/hnf_cache_miss/|1001401560|100.00||
    87.117350458|2441709169||arm_cmn_1/hnf_cache_miss/|1001405280|100.00||
    88.118797915|2459000067||arm_cmn_0/hnf_cache_miss/|1001459200|100.00||
    88.118797915|2419800498||arm_cmn_1/hnf_cache_miss/|1001458560|100.00||
    89.119884847|2458460589||arm_cmn_0/hnf_cache_miss/|1001038320|100.00||
    89.119884847|2410439402||arm_cmn_1/hnf_cache_miss/|1001036880|100.00||
    90.121273574|2465859211||arm_cmn_0/hnf_cache_miss/|1001405000|100.00||
    90.121273574|2394752760||arm_cmn_1/hnf_cache_miss/|1001407880|100.00||
    91.122691177|2490403200||arm_cmn_0/hnf_cache_miss/|1001435480|100.00||
    91.122691177|2391210526||arm_cmn_1/hnf_cache_miss/|1001432520|100.00||
    92.123985415|2511707333||arm_cmn_0/hnf_cache_miss/|1001264960|100.00||
    92.123985415|2402569087||arm_cmn_1/hnf_cache_miss/|1001265920|100.00||
    93.125392928|2492946641||arm_cmn_0/hnf_cache_miss/|1001421160|100.00||
    93.125392928|2430159352||arm_cmn_1/hnf_cache_miss/|1001422440|100.00||
    94.126851517|2478639665||arm_cmn_0/hnf_cache_miss/|1001452240|100.00||
    94.126851517|2444678438||arm_cmn_1/hnf_cache_miss/|1001448800|100.00||
    95.128011260|2475400784||arm_cmn_0/hnf_cache_miss/|1001146240|100.00||
    95.128011260|2417483124||arm_cmn_1/hnf_cache_miss/|1001145640|100.00||
    96.129425879|2468255325||arm_cmn_0/hnf_cache_miss/|1001418840|100.00||
    96.129425879|2414866456||arm_cmn_1/hnf_cache_miss/|1001420840|100.00||
    97.130851694|2471901906||arm_cmn_0/hnf_cache_miss/|1001431320|100.00||
    97.130851694|2398081175||arm_cmn_1/hnf_cache_miss/|1001433320|100.00||
    98.131983903|2474368876||arm_cmn_0/hnf_cache_miss/|1001092240|100.00||
    98.131983903|2399350143||arm_cmn_1/hnf_cache_miss/|1001089840|100.00||
    99.133369948|2319451549||arm_cmn_0/hnf_cache_miss/|1001415480|100.00||
    99.133369948|2408668316||arm_cmn_1/hnf_cache_miss/|1001415520|100.00||
   100.134813069|2362610971||arm_cmn_0/hnf_cache_miss/|1001449560|100.00||
   100.134813069|2390171249||arm_cmn_1/hnf_cache_miss/|1001451000|100.00||
   101.136005904|2469555337||arm_cmn_0/hnf_cache_miss/|1001156080|100.00||
   101.136005904|2196282001||arm_cmn_1/hnf_cache_miss/|1001157360|100.00||
   102.137415255|2509141435||arm_cmn_0/hnf_cache_miss/|1001432200|100.00||
   102.137415255|2316024428||arm_cmn_1/hnf_cache_miss/|1001431520|100.00||
   103.138863322|2554378226||arm_cmn_0/hnf_cache_miss/|1001443920|100.00||
   103.138863322|2358600916||arm_cmn_1/hnf_cache_miss/|1001443200|100.00||
   104.139898702|2565080031||arm_cmn_0/hnf_cache_miss/|1000995600|100.00||
   104.139898702|2429723922||arm_cmn_1/hnf_cache_miss/|1000997000|100.00||
   105.141296079|2577421786||arm_cmn_0/hnf_cache_miss/|1001437000|100.00||
   105.141296079|2444006886||arm_cmn_1/hnf_cache_miss/|1001435240|100.00||
   106.142768452|2594610446||arm_cmn_0/hnf_cache_miss/|1001468040|100.00||
   106.142768452|2463320792||arm_cmn_1/hnf_cache_miss/|1001468560|100.00||
   107.143875739|2606452676||arm_cmn_0/hnf_cache_miss/|1001076720|100.00||
   107.143875739|2478100925||arm_cmn_1/hnf_cache_miss/|1001075840|100.00||
   108.145282543|2612935306||arm_cmn_0/hnf_cache_miss/|1001428400|100.00||
   108.145282543|2491739323||arm_cmn_1/hnf_cache_miss/|1001429120|100.00||
   109.146731062|2614140447||arm_cmn_0/hnf_cache_miss/|1001439600|100.00||
   109.146731062|2505919810||arm_cmn_1/hnf_cache_miss/|1001440240|100.00||
   110.148012456|2618409703||arm_cmn_0/hnf_cache_miss/|1001258760|100.00||
   110.148012456|2508689339||arm_cmn_1/hnf_cache_miss/|1001259440|100.00||
   111.149462405|2626386533||arm_cmn_0/hnf_cache_miss/|1001473520|100.00||
   111.149462405|2511848344||arm_cmn_1/hnf_cache_miss/|1001473520|100.00||
   112.150943031|2630482122||arm_cmn_0/hnf_cache_miss/|1001489280|100.00||
   112.150943031|2516871606||arm_cmn_1/hnf_cache_miss/|1001489440|100.00||
   113.152023450|2630653824||arm_cmn_0/hnf_cache_miss/|1001038280|100.00||
   113.152023450|2523494446||arm_cmn_1/hnf_cache_miss/|1001037120|100.00||
   114.153476307|2622884450||arm_cmn_0/hnf_cache_miss/|1001466800|100.00||
   114.153476307|2531006007||arm_cmn_1/hnf_cache_miss/|1001465560|100.00||
   115.154958758|2618206461||arm_cmn_0/hnf_cache_miss/|1001485400|100.00||
   115.154958758|2528224077||arm_cmn_1/hnf_cache_miss/|1001487080|100.00||
   116.155927884|2627594934||arm_cmn_0/hnf_cache_miss/|1000936880|100.00||
   116.155927884|2523987593||arm_cmn_1/hnf_cache_miss/|1000935960|100.00||
   117.157353926|2631650258||arm_cmn_0/hnf_cache_miss/|1001433360|100.00||
   117.157353926|2512080413||arm_cmn_1/hnf_cache_miss/|1001432600|100.00||
   118.158789724|2637685306||arm_cmn_0/hnf_cache_miss/|1001450520|100.00||
   118.158789724|2526610459||arm_cmn_1/hnf_cache_miss/|1001452240|100.00||
   119.159880717|2634207446||arm_cmn_0/hnf_cache_miss/|1001064680|100.00||
   119.159880717|2534793856||arm_cmn_1/hnf_cache_miss/|1001065920|100.00||
   120.161341466|2625242844||arm_cmn_0/hnf_cache_miss/|1001467720|100.00||
   120.161341466|2536731547||arm_cmn_1/hnf_cache_miss/|1001467480|100.00||
   121.162806770|2622766568||arm_cmn_0/hnf_cache_miss/|1001481920|100.00||
   121.162806770|2542799642||arm_cmn_1/hnf_cache_miss/|1001480560|100.00||
   122.163873549|2625844535||arm_cmn_0/hnf_cache_miss/|1001032600|100.00||
   122.163873549|2523414295||arm_cmn_1/hnf_cache_miss/|1001030000|100.00||
   123.165288925|2634765530||arm_cmn_0/hnf_cache_miss/|1001427360|100.00||
   123.165288925|2524820609||arm_cmn_1/hnf_cache_miss/|1001427560|100.00||
   124.166769736|2628629198||arm_cmn_0/hnf_cache_miss/|1001478640|100.00||
   124.166769736|2526783220||arm_cmn_1/hnf_cache_miss/|1001480560|100.00||
   125.167988742|2623525516||arm_cmn_0/hnf_cache_miss/|1001195160|100.00||
   125.167988742|2533623478||arm_cmn_1/hnf_cache_miss/|1001195080|100.00||
   126.169410024|2618977734||arm_cmn_0/hnf_cache_miss/|1001442520|100.00||
   126.169410024|2533913856||arm_cmn_1/hnf_cache_miss/|1001443560|100.00||
   127.170872182|2619911807||arm_cmn_0/hnf_cache_miss/|1001471240|100.00||
   127.170872182|2530380414||arm_cmn_1/hnf_cache_miss/|1001470800|100.00||
   128.171896134|2628852198||arm_cmn_0/hnf_cache_miss/|1000980800|100.00||
   128.171896134|2516825936||arm_cmn_1/hnf_cache_miss/|1000981040|100.00||
   129.173303163|2631498573||arm_cmn_0/hnf_cache_miss/|1001431800|100.00||
   129.173303163|2514872239||arm_cmn_1/hnf_cache_miss/|1001434720|100.00||
   130.174785268|2629882045||arm_cmn_0/hnf_cache_miss/|1001492080|100.00||
   130.174785268|2525577053||arm_cmn_1/hnf_cache_miss/|1001489400|100.00||
   131.176027768|2622967326||arm_cmn_0/hnf_cache_miss/|1001200680|100.00||
   131.176027768|2532050881||arm_cmn_1/hnf_cache_miss/|1001202120|100.00||
   132.177492623|2620860825||arm_cmn_0/hnf_cache_miss/|1001474560|100.00||
   132.177492623|2540172447||arm_cmn_1/hnf_cache_miss/|1001474880|100.00||
   133.178942075|2603429494||arm_cmn_0/hnf_cache_miss/|1001466480|100.00||
   133.178942075|2532157922||arm_cmn_1/hnf_cache_miss/|1001465280|100.00||
   134.179914960|2592629738||arm_cmn_0/hnf_cache_miss/|1000941600|100.00||
   134.179914960|2521728752||arm_cmn_1/hnf_cache_miss/|1000941640|100.00||
   135.181323723|2607514345||arm_cmn_0/hnf_cache_miss/|1001422120|100.00||
   135.181323723|2513768554||arm_cmn_1/hnf_cache_miss/|1001421520|100.00||
   136.182786521|2597092640||arm_cmn_0/hnf_cache_miss/|1001472280|100.00||
   136.182786521|2504395244||arm_cmn_1/hnf_cache_miss/|1001470840|100.00||
   137.183932914|2596467163||arm_cmn_0/hnf_cache_miss/|1001103160|100.00||
   137.183932914|2500104506||arm_cmn_1/hnf_cache_miss/|1001104400|100.00||
   138.185362304|2610395127||arm_cmn_0/hnf_cache_miss/|1001460280|100.00||
   138.185362304|2503825648||arm_cmn_1/hnf_cache_miss/|1001459720|100.00||
   139.186817329|2617281024||arm_cmn_0/hnf_cache_miss/|1001462360|100.00||
   139.186817329|2518700495||arm_cmn_1/hnf_cache_miss/|1001463720|100.00||
   140.187934029|2608488302||arm_cmn_0/hnf_cache_miss/|1001088840|100.00||
   140.187934029|2501051700||arm_cmn_1/hnf_cache_miss/|1001088640|100.00||
   141.189395806|2606952886||arm_cmn_0/hnf_cache_miss/|1001463760|100.00||
   141.189395806|2520131572||arm_cmn_1/hnf_cache_miss/|1001461520|100.00||
   142.190867779|2601544097||arm_cmn_0/hnf_cache_miss/|1001480680|100.00||
   142.190867779|2533176580||arm_cmn_1/hnf_cache_miss/|1001481040|100.00||
   143.191951666|2590818636||arm_cmn_0/hnf_cache_miss/|1001047320|100.00||
   143.191951666|2524836456||arm_cmn_1/hnf_cache_miss/|1001048240|100.00||
   144.193374349|2586329517||arm_cmn_0/hnf_cache_miss/|1001445480|100.00||
   144.193374349|2518551710||arm_cmn_1/hnf_cache_miss/|1001444800|100.00||
   145.194842469|2586137778||arm_cmn_0/hnf_cache_miss/|1001475720|100.00||
   145.194842469|2514142189||arm_cmn_1/hnf_cache_miss/|1001477880|100.00||
   146.195960303|2581658387||arm_cmn_0/hnf_cache_miss/|1001088680|100.00||
   146.195960303|2501614757||arm_cmn_1/hnf_cache_miss/|1001086480|100.00||
   147.197396014|2570499358||arm_cmn_0/hnf_cache_miss/|1001437440|100.00||
   147.197396014|2503487802||arm_cmn_1/hnf_cache_miss/|1001437360|100.00||
   148.198838201|2574438308||arm_cmn_0/hnf_cache_miss/|1001455120|100.00||
   148.198838201|2498332351||arm_cmn_1/hnf_cache_miss/|1001454040|100.00||
   149.200030143|2569154542||arm_cmn_0/hnf_cache_miss/|1001165280|100.00||
   149.200030143|2492186399||arm_cmn_1/hnf_cache_miss/|1001166000|100.00||
   150.201449601|2574322896||arm_cmn_0/hnf_cache_miss/|1001428040|100.00||
   150.201449601|2493092072||arm_cmn_1/hnf_cache_miss/|1001432160|100.00||
   151.202899255|2579775327||arm_cmn_0/hnf_cache_miss/|1001453440|100.00||
   151.202899255|2482731189||arm_cmn_1/hnf_cache_miss/|1001447760|100.00||
   152.203956424|2575073760||arm_cmn_0/hnf_cache_miss/|1001024960|100.00||
   152.203956424|2488951216||arm_cmn_1/hnf_cache_miss/|1001025640|100.00||
   153.205354549|2581764625||arm_cmn_0/hnf_cache_miss/|1001427120|100.00||
   153.205354549|2490682016||arm_cmn_1/hnf_cache_miss/|1001430240|100.00||
   154.206826071|2584238895||arm_cmn_0/hnf_cache_miss/|1001468120|100.00||
   154.206826071|2489346325||arm_cmn_1/hnf_cache_miss/|1001467520|100.00||
   155.207988627|2584917144||arm_cmn_0/hnf_cache_miss/|1001133040|100.00||
   155.207988627|2492058245||arm_cmn_1/hnf_cache_miss/|1001133960|100.00||
   156.209407780|2585253685||arm_cmn_0/hnf_cache_miss/|1001427040|100.00||
   156.209407780|2494157709||arm_cmn_1/hnf_cache_miss/|1001425360|100.00||
   157.210844249|2577176330||arm_cmn_0/hnf_cache_miss/|1001449200|100.00||
   157.210844249|2502471416||arm_cmn_1/hnf_cache_miss/|1001447960|100.00||
   158.211971352|2579551361||arm_cmn_0/hnf_cache_miss/|1001083800|100.00||
   158.211971352|2498591356||arm_cmn_1/hnf_cache_miss/|1001083200|100.00||
   159.213401853|2575449068||arm_cmn_0/hnf_cache_miss/|1001457360|100.00||
   159.213401853|2504785648||arm_cmn_1/hnf_cache_miss/|1001458680|100.00||
   160.214879909|2583777117||arm_cmn_0/hnf_cache_miss/|1001486440|100.00||
   160.214879909|2496503793||arm_cmn_1/hnf_cache_miss/|1001487360|100.00||
   161.215989921|2588374005||arm_cmn_0/hnf_cache_miss/|1001083160|100.00||
   161.215989921|2495366661||arm_cmn_1/hnf_cache_miss/|1001081640|100.00||
   162.217409209|2574739324||arm_cmn_0/hnf_cache_miss/|1001432520|100.00||
   162.217409209|2493777427||arm_cmn_1/hnf_cache_miss/|1001433400|100.00||
   163.218853333|2572927407||arm_cmn_0/hnf_cache_miss/|1001461760|100.00||
   163.218853333|2500831886||arm_cmn_1/hnf_cache_miss/|1001465080|100.00||
   164.220000491|2567626707||arm_cmn_0/hnf_cache_miss/|1001102520|100.00||
   164.220000491|2508383758||arm_cmn_1/hnf_cache_miss/|1001101440|100.00||
   165.221469727|2574046006||arm_cmn_0/hnf_cache_miss/|1001474200|100.00||
   165.221469727|2502754252||arm_cmn_1/hnf_cache_miss/|1001471720|100.00||
   166.222905039|2573596931||arm_cmn_0/hnf_cache_miss/|1001452360|100.00||
   166.222905039|2487506966||arm_cmn_1/hnf_cache_miss/|1001452880|100.00||
   167.223979145|2568170985||arm_cmn_0/hnf_cache_miss/|1001040800|100.00||
   167.223979145|2487930818||arm_cmn_1/hnf_cache_miss/|1001040800|100.00||
   168.225379368|2567094634||arm_cmn_0/hnf_cache_miss/|1001425480|100.00||
   168.225379368|2491978760||arm_cmn_1/hnf_cache_miss/|1001426760|100.00||
   169.226861228|2555782583||arm_cmn_0/hnf_cache_miss/|1001466520|100.00||
   169.226861228|2502653752||arm_cmn_1/hnf_cache_miss/|1001464560|100.00||
   170.228023802|2546768338||arm_cmn_0/hnf_cache_miss/|1001135560|100.00||
   170.228023802|2488426602||arm_cmn_1/hnf_cache_miss/|1001135520|100.00||
   171.229408053|2558998892||arm_cmn_0/hnf_cache_miss/|1001396680|100.00||
   171.229408053|2494193409||arm_cmn_1/hnf_cache_miss/|1001397840|100.00||
   172.230834340|2560220096||arm_cmn_0/hnf_cache_miss/|1001446760|100.00||
   172.230834340|2478289141||arm_cmn_1/hnf_cache_miss/|1001447560|100.00||
   173.232015583|2556106132||arm_cmn_0/hnf_cache_miss/|1001146040|100.00||
   173.232015583|2463557142||arm_cmn_1/hnf_cache_miss/|1001145560|100.00||
   174.233423142|2583116415||arm_cmn_0/hnf_cache_miss/|1001424000|100.00||
   174.233423142|2481585391||arm_cmn_1/hnf_cache_miss/|1001423080|100.00||
   175.235428218|2567566925||arm_cmn_0/hnf_cache_miss/|1002011760|100.00||
   175.235428218|2480517067||arm_cmn_1/hnf_cache_miss/|1002013480|100.00||
   176.236845009|2588257640||arm_cmn_0/hnf_cache_miss/|1001410800|100.00||
   176.236845009|2483418080||arm_cmn_1/hnf_cache_miss/|1001409200|100.00||
   177.238297356|2565639781||arm_cmn_0/hnf_cache_miss/|1001440760|100.00||
   177.238297356|2495951360||arm_cmn_1/hnf_cache_miss/|1001442440|100.00||
   178.239859580|2571371786||arm_cmn_0/hnf_cache_miss/|1001573880|100.00||
   178.239859580|2490208615||arm_cmn_1/hnf_cache_miss/|1001571760|100.00||
   179.241327919|2545536054||arm_cmn_0/hnf_cache_miss/|1001445560|100.00||
   179.241327919|2512122538||arm_cmn_1/hnf_cache_miss/|1001447600|100.00||
   180.242792294|2542312235||arm_cmn_0/hnf_cache_miss/|1001464960|100.00||
   180.242792294|2488487794||arm_cmn_1/hnf_cache_miss/|1001462120|100.00||
   181.243958064|2534877729||arm_cmn_0/hnf_cache_miss/|1001144160|100.00||
   181.243958064|2499408597||arm_cmn_1/hnf_cache_miss/|1001145120|100.00||
   182.245363911|2534792464||arm_cmn_0/hnf_cache_miss/|1001415760|100.00||
   182.245363911|2476466485||arm_cmn_1/hnf_cache_miss/|1001415560|100.00||
   183.246822594|2546877856||arm_cmn_0/hnf_cache_miss/|1001463280|100.00||
   183.246822594|2468781063||arm_cmn_1/hnf_cache_miss/|1001463600|100.00||
   184.247996312|2541700519||arm_cmn_0/hnf_cache_miss/|1001139840|100.00||
   184.247996312|2456515825||arm_cmn_1/hnf_cache_miss/|1001139400|100.00||
   185.249390627|2537485596||arm_cmn_0/hnf_cache_miss/|1001416040|100.00||
   185.249390627|2459359757||arm_cmn_1/hnf_cache_miss/|1001414840|100.00||
   186.250866938|2545383702||arm_cmn_0/hnf_cache_miss/|1001469440|100.00||
   186.250866938|2466455965||arm_cmn_1/hnf_cache_miss/|1001473040|100.00||
   187.252012004|2565534024||arm_cmn_0/hnf_cache_miss/|1001145640|100.00||
   187.252012004|2462371724||arm_cmn_1/hnf_cache_miss/|1001143680|100.00||
   188.253429628|2561306480||arm_cmn_0/hnf_cache_miss/|1001425720|100.00||
   188.253429628|2464714896||arm_cmn_1/hnf_cache_miss/|1001424360|100.00||
   189.254874407|2564412575||arm_cmn_0/hnf_cache_miss/|1001452240|100.00||
   189.254874407|2462746610||arm_cmn_1/hnf_cache_miss/|1001456800|100.00||
   190.256024741|2549706817||arm_cmn_0/hnf_cache_miss/|1001123600|100.00||
   190.256024741|2479323968||arm_cmn_1/hnf_cache_miss/|1001120360|100.00||
   191.257473553|2548214190||arm_cmn_0/hnf_cache_miss/|1001447800|100.00||
   191.257473553|2488980089||arm_cmn_1/hnf_cache_miss/|1001449240|100.00||
   192.258916801|2543301071||arm_cmn_0/hnf_cache_miss/|1001459360|100.00||
   192.258916801|2491708501||arm_cmn_1/hnf_cache_miss/|1001458240|100.00||
   193.259970363|2540865699||arm_cmn_0/hnf_cache_miss/|1001009320|100.00||
   193.259970363|2477797358||arm_cmn_1/hnf_cache_miss/|1001008960|100.00||
   194.261353803|2548597459||arm_cmn_0/hnf_cache_miss/|1001408480|100.00||
   194.261353803|2479785891||arm_cmn_1/hnf_cache_miss/|1001406400|100.00||
   195.262798879|2558609087||arm_cmn_0/hnf_cache_miss/|1001448400|100.00||
   195.262798879|2464936718||arm_cmn_1/hnf_cache_miss/|1001451000|100.00||
   196.263958510|2568104432||arm_cmn_0/hnf_cache_miss/|1001132600|100.00||
   196.263958510|2472235550||arm_cmn_1/hnf_cache_miss/|1001132320|100.00||
   197.265388498|2575092390||arm_cmn_0/hnf_cache_miss/|1001438640|100.00||
   197.265388498|2466184505||arm_cmn_1/hnf_cache_miss/|1001436240|100.00||
   198.266824083|2567056555||arm_cmn_0/hnf_cache_miss/|1001467280|100.00||
   198.266824083|2479412336||arm_cmn_1/hnf_cache_miss/|1001469040|100.00||
   199.267920022|2570767453||arm_cmn_0/hnf_cache_miss/|1001035560|100.00||
   199.267920022|2489247425||arm_cmn_1/hnf_cache_miss/|1001033920|100.00||
   200.269334119|2556760474||arm_cmn_0/hnf_cache_miss/|1001453640|100.00||
   200.269334119|2502795086||arm_cmn_1/hnf_cache_miss/|1001454480|100.00||
   201.270804572|2557314522||arm_cmn_0/hnf_cache_miss/|1001465240|100.00||
   201.270804572|2497579167||arm_cmn_1/hnf_cache_miss/|1001465640|100.00||
   202.271984300|2559783668||arm_cmn_0/hnf_cache_miss/|1001146640|100.00||
   202.271984300|2492230859||arm_cmn_1/hnf_cache_miss/|1001147520|100.00||
   203.273397025|2542209826||arm_cmn_0/hnf_cache_miss/|1001435840|100.00||
   203.273397025|2484858099||arm_cmn_1/hnf_cache_miss/|1001436560|100.00||
   204.274843026|2551219775||arm_cmn_0/hnf_cache_miss/|1001444200|100.00||
   204.274843026|2487730240||arm_cmn_1/hnf_cache_miss/|1001445880|100.00||
   205.276016743|2526483281||arm_cmn_0/hnf_cache_miss/|1001143280|100.00||
   205.276016743|2484580685||arm_cmn_1/hnf_cache_miss/|1001142520|100.00||
   206.277413577|2499666565||arm_cmn_0/hnf_cache_miss/|1001408240|100.00||
   206.277413577|2473376589||arm_cmn_1/hnf_cache_miss/|1001407240|100.00||
   207.278877407|2269107682||arm_cmn_0/hnf_cache_miss/|1001454680|100.00||
   207.278877407|2483730719||arm_cmn_1/hnf_cache_miss/|1001453440|100.00||
   208.280023032|2116480913||arm_cmn_0/hnf_cache_miss/|1001115080|100.00||
   208.280023032|2468496942||arm_cmn_1/hnf_cache_miss/|1001114040|100.00||
   209.281417014|2012210268||arm_cmn_0/hnf_cache_miss/|1001413080|100.00||
   209.281417014|2477726392||arm_cmn_1/hnf_cache_miss/|1001414200|100.00||
   210.282823313|1920924209||arm_cmn_0/hnf_cache_miss/|1001409080|100.00||
   210.282823313|2343078768||arm_cmn_1/hnf_cache_miss/|1001410600|100.00||
   211.283942407|1880158202||arm_cmn_0/hnf_cache_miss/|1001094040|100.00||
   211.283942407|2175874137||arm_cmn_1/hnf_cache_miss/|1001090680|100.00||
   212.285347258|1916870934||arm_cmn_0/hnf_cache_miss/|1001417360|100.00||
   212.285347258|1898177212||arm_cmn_1/hnf_cache_miss/|1001419360|100.00||
   213.286737425|1942133051||arm_cmn_0/hnf_cache_miss/|1001396280|100.00||
   213.286737425|1890807659||arm_cmn_1/hnf_cache_miss/|1001395560|100.00||
   214.287938148|1960773889||arm_cmn_0/hnf_cache_miss/|1001173600|100.00||
   214.287938148|1766386285||arm_cmn_1/hnf_cache_miss/|1001171760|100.00||
   215.289352428|1972288668||arm_cmn_0/hnf_cache_miss/|1001420800|100.00||
   215.289352428|1821328526||arm_cmn_1/hnf_cache_miss/|1001422120|100.00||
   216.290730184|1980640967||arm_cmn_0/hnf_cache_miss/|1001385520|100.00||
   216.290730184|1850395638||arm_cmn_1/hnf_cache_miss/|1001386720|100.00||
   217.291898016|1987124720||arm_cmn_0/hnf_cache_miss/|1001133280|100.00||
   217.291898016|1867809753||arm_cmn_1/hnf_cache_miss/|1001132760|100.00||
   218.293249644|1993910351||arm_cmn_0/hnf_cache_miss/|1001374400|100.00||
   218.293249644|1880521198||arm_cmn_1/hnf_cache_miss/|1001375240|100.00||
   219.294639469|1997467756||arm_cmn_0/hnf_cache_miss/|1001389200|100.00||
   219.294639469|1891504647||arm_cmn_1/hnf_cache_miss/|1001387800|100.00||
   220.296009690|1999192487||arm_cmn_0/hnf_cache_miss/|1001346560|100.00||
   220.296009690|1899544710||arm_cmn_1/hnf_cache_miss/|1001347240|100.00||
   221.297368428|2003573631||arm_cmn_0/hnf_cache_miss/|1001377240|100.00||
   221.297368428|1911251697||arm_cmn_1/hnf_cache_miss/|1001376400|100.00||
   222.298779802|2004609497||arm_cmn_0/hnf_cache_miss/|1001413560|100.00||
   222.298779802|1917121683||arm_cmn_1/hnf_cache_miss/|1001415840|100.00||
   223.299882691|1973013571||arm_cmn_0/hnf_cache_miss/|1001065600|100.00||
   223.299882691|1925765811||arm_cmn_1/hnf_cache_miss/|1001063240|100.00||
   224.301238217|1632834028||arm_cmn_0/hnf_cache_miss/|1001378320|100.00||
   224.301238217|1938510524||arm_cmn_1/hnf_cache_miss/|1001379840|100.00||
   225.302637300|1968266032||arm_cmn_0/hnf_cache_miss/|1001400560|100.00||
   225.302637300|1934378869||arm_cmn_1/hnf_cache_miss/|1001400400|100.00||
   226.303944099|2645286342||arm_cmn_0/hnf_cache_miss/|1001309000|100.00||
   226.303944099|1931896298||arm_cmn_1/hnf_cache_miss/|1001310280|100.00||
   227.305378375|2755621262||arm_cmn_0/hnf_cache_miss/|1001445080|100.00||
   227.305378375|1891702326||arm_cmn_1/hnf_cache_miss/|1001444840|100.00||
   228.306867527|2829123506||arm_cmn_0/hnf_cache_miss/|1001503960|100.00||
   228.306867527|1523272299||arm_cmn_1/hnf_cache_miss/|1001506720|100.00||
   229.307875795|2859664889||arm_cmn_0/hnf_cache_miss/|1001004080|100.00||
   229.307875795|1773530215||arm_cmn_1/hnf_cache_miss/|1001003680|100.00||
   230.309381300|2859688029||arm_cmn_0/hnf_cache_miss/|1001501400|100.00||
   230.309381300|2499795170||arm_cmn_1/hnf_cache_miss/|1001502600|100.00||
   231.310880241|2859580046||arm_cmn_0/hnf_cache_miss/|1001515440|100.00||
   231.310880241|2643756690||arm_cmn_1/hnf_cache_miss/|1001516720|100.00||
   232.311892057|2856335841||arm_cmn_0/hnf_cache_miss/|1000985880|100.00||
   232.311892057|2755229193||arm_cmn_1/hnf_cache_miss/|1000984560|100.00||
   233.313427512|2880409037||arm_cmn_0/hnf_cache_miss/|1001571760|100.00||
   233.313427512|2786261658||arm_cmn_1/hnf_cache_miss/|1001574680|100.00||
   234.315075203|2881966701||arm_cmn_0/hnf_cache_miss/|1001622560|100.00||
   234.315075203|2802411580||arm_cmn_1/hnf_cache_miss/|1001622760|100.00||
   235.316001928|2865768002||arm_cmn_0/hnf_cache_miss/|1000916240|100.00||
   235.316001928|2789621303||arm_cmn_1/hnf_cache_miss/|1000916240|100.00||
   236.317538772|2891504904||arm_cmn_0/hnf_cache_miss/|1001563080|100.00||
   236.317538772|2804283628||arm_cmn_1/hnf_cache_miss/|1001562840|100.00||
   237.319149572|2901345971||arm_cmn_0/hnf_cache_miss/|1001627760|100.00||
   237.319149572|2813410121||arm_cmn_1/hnf_cache_miss/|1001627960|100.00||
   238.320903609|2901336901||arm_cmn_0/hnf_cache_miss/|1001725760|100.00||
   238.320903609|2819310010||arm_cmn_1/hnf_cache_miss/|1001728440|100.00||
   239.322524282|2895688285||arm_cmn_0/hnf_cache_miss/|1001646920|100.00||
   239.322524282|2794154523||arm_cmn_1/hnf_cache_miss/|1001643520|100.00||
   240.323948751|2889322265||arm_cmn_0/hnf_cache_miss/|1001365280|100.00||
   240.323948751|2817026264||arm_cmn_1/hnf_cache_miss/|1001362040|100.00||
   241.325573577|2886573153||arm_cmn_0/hnf_cache_miss/|1001644080|100.00||
   241.325573577|2834581411||arm_cmn_1/hnf_cache_miss/|1001648400|100.00||
   242.327160839|2886807988||arm_cmn_0/hnf_cache_miss/|1001592520|100.00||
   242.327160839|2838412032||arm_cmn_1/hnf_cache_miss/|1001588640|100.00||
   243.327964896|2895160010||arm_cmn_0/hnf_cache_miss/|1000791400|100.00||
   243.327964896|2829246974||arm_cmn_1/hnf_cache_miss/|1000792360|100.00||
   244.329570071|2887802490||arm_cmn_0/hnf_cache_miss/|1001603920|100.00||
   244.329570071|2815360851||arm_cmn_1/hnf_cache_miss/|1001605280|100.00||
   245.331236203|2885621857||arm_cmn_0/hnf_cache_miss/|1001660800|100.00||
   245.331236203|2824405433||arm_cmn_1/hnf_cache_miss/|1001663720|100.00||
   246.332888011|2896235271||arm_cmn_0/hnf_cache_miss/|1001661840|100.00||
   246.332888011|2826931209||arm_cmn_1/hnf_cache_miss/|1001655720|100.00||
   247.334538216|2891811420||arm_cmn_0/hnf_cache_miss/|1001635920|100.00||
   247.334538216|2833253126||arm_cmn_1/hnf_cache_miss/|1001639640|100.00||
   248.335952057|2884867755||arm_cmn_0/hnf_cache_miss/|1001398120|100.00||
   248.335952057|2829695595||arm_cmn_1/hnf_cache_miss/|1001398960|100.00||
   249.337526655|2877920756||arm_cmn_0/hnf_cache_miss/|1001595160|100.00||
   249.337526655|2817139119||arm_cmn_1/hnf_cache_miss/|1001591680|100.00||
   250.339100329|2882467790||arm_cmn_0/hnf_cache_miss/|1001580960|100.00||
   250.339100329|2832855133||arm_cmn_1/hnf_cache_miss/|1001584080|100.00||
   251.339858197|2883137639||arm_cmn_0/hnf_cache_miss/|1000732760|100.00||
   251.339858197|2829253959||arm_cmn_1/hnf_cache_miss/|1000728960|100.00||
   252.341429945|2898560105||arm_cmn_0/hnf_cache_miss/|1001578720|100.00||
   252.341429945|2826331518||arm_cmn_1/hnf_cache_miss/|1001579240|100.00||
   253.342995569|2895317805||arm_cmn_0/hnf_cache_miss/|1001564400|100.00||
   253.342995569|2812030579||arm_cmn_1/hnf_cache_miss/|1001564680|100.00||
   254.343880347|2890901753||arm_cmn_0/hnf_cache_miss/|1000868800|100.00||
   254.343880347|2809597223||arm_cmn_1/hnf_cache_miss/|1000870880|100.00||
   255.345477644|2904260794||arm_cmn_0/hnf_cache_miss/|1001591080|100.00||
   255.345477644|2825164680||arm_cmn_1/hnf_cache_miss/|1001590600|100.00||
   256.347072377|2908957827||arm_cmn_0/hnf_cache_miss/|1001613960|100.00||
   256.347072377|2827655720||arm_cmn_1/hnf_cache_miss/|1001616560|100.00||
   257.347988346|2903571654||arm_cmn_0/hnf_cache_miss/|1000879000|100.00||
   257.347988346|2830064855||arm_cmn_1/hnf_cache_miss/|1000872440|100.00||
   258.349544512|2896249485||arm_cmn_0/hnf_cache_miss/|1001576160|100.00||
   258.349544512|2820110091||arm_cmn_1/hnf_cache_miss/|1001582680|100.00||
   259.351120515|2901380331||arm_cmn_0/hnf_cache_miss/|1001596640|100.00||
   259.351120515|2836580030||arm_cmn_1/hnf_cache_miss/|1001595880|100.00||
   260.351913713|2900603155||arm_cmn_0/hnf_cache_miss/|1000779800|100.00||
   260.351913713|2842028577||arm_cmn_1/hnf_cache_miss/|1000776960|100.00||
   261.353488189|2903791968||arm_cmn_0/hnf_cache_miss/|1001579080|100.00||
   261.353488189|2844285982||arm_cmn_1/hnf_cache_miss/|1001580400|100.00||
   262.355109902|2905846008||arm_cmn_0/hnf_cache_miss/|1001610600|100.00||
   262.355109902|2836661418||arm_cmn_1/hnf_cache_miss/|1001615520|100.00||
   263.356002330|2901107384||arm_cmn_0/hnf_cache_miss/|1000860000|100.00||
   263.356002330|2824263972||arm_cmn_1/hnf_cache_miss/|1000854640|100.00||
   264.357546156|2901223140||arm_cmn_0/hnf_cache_miss/|1001561400|100.00||
   264.357546156|2838670124||arm_cmn_1/hnf_cache_miss/|1001561360|100.00||
   265.359157379|2899376364||arm_cmn_0/hnf_cache_miss/|1001618440|100.00||
   265.359157379|2842396864||arm_cmn_1/hnf_cache_miss/|1001620040|100.00||
   266.359978436|2896924729||arm_cmn_0/hnf_cache_miss/|1000782440|100.00||
   266.359978436|2839804523||arm_cmn_1/hnf_cache_miss/|1000777960|100.00||
   267.361518212|2897164043||arm_cmn_0/hnf_cache_miss/|1001559480|100.00||
   267.361518212|2838436067||arm_cmn_1/hnf_cache_miss/|1001561200|100.00||
   268.363132905|2899302754||arm_cmn_0/hnf_cache_miss/|1001615680|100.00||
   268.363132905|2838597576||arm_cmn_1/hnf_cache_miss/|1001617440|100.00||
   269.364023433|2897700921||arm_cmn_0/hnf_cache_miss/|1000885720|100.00||
   269.364023433|2835068310||arm_cmn_1/hnf_cache_miss/|1000882520|100.00||
   270.365649839|2900696155||arm_cmn_0/hnf_cache_miss/|1001617520|100.00||
   270.365649839|2838121475||arm_cmn_1/hnf_cache_miss/|1001621360|100.00||
   271.367266921|2901550143||arm_cmn_0/hnf_cache_miss/|1001616040|100.00||
   271.367266921|2838242410||arm_cmn_1/hnf_cache_miss/|1001617320|100.00||
   272.368957601|2901488989||arm_cmn_0/hnf_cache_miss/|1001676760|100.00||
   272.368957601|2838043418||arm_cmn_1/hnf_cache_miss/|1001671480|100.00||
   273.370535757|2901334618||arm_cmn_0/hnf_cache_miss/|1001595800|100.00||
   273.370535757|2838983768||arm_cmn_1/hnf_cache_miss/|1001599120|100.00||
   274.371920669|2899297454||arm_cmn_0/hnf_cache_miss/|1001369640|100.00||
   274.371920669|2835787156||arm_cmn_1/hnf_cache_miss/|1001367520|100.00||
   275.373568379|2899662420||arm_cmn_0/hnf_cache_miss/|1001650000|100.00||
   275.373568379|2838426228||arm_cmn_1/hnf_cache_miss/|1001651520|100.00||
   276.375144005|2899273968||arm_cmn_0/hnf_cache_miss/|1001589000|100.00||
   276.375144005|2837315118||arm_cmn_1/hnf_cache_miss/|1001587760|100.00||
   277.375945665|2897506711||arm_cmn_0/hnf_cache_miss/|1000762000|100.00||
   277.375945665|2833899929||arm_cmn_1/hnf_cache_miss/|1000762520|100.00||
   278.377480484|2899079915||arm_cmn_0/hnf_cache_miss/|1001555440|100.00||
   278.377480484|2838265354||arm_cmn_1/hnf_cache_miss/|1001554800|100.00||
   279.379067421|2898587096||arm_cmn_0/hnf_cache_miss/|1001587240|100.00||
   279.379067421|2839057351||arm_cmn_1/hnf_cache_miss/|1001589080|100.00||
   280.379951711|2892937317||arm_cmn_0/hnf_cache_miss/|1000838240|100.00||
   280.379951711|2836192417||arm_cmn_1/hnf_cache_miss/|1000840040|100.00||
   281.381499641|2886853581||arm_cmn_0/hnf_cache_miss/|1001587280|100.00||
   281.381499641|2839186771||arm_cmn_1/hnf_cache_miss/|1001585720|100.00||
   282.383074567|2862657425||arm_cmn_0/hnf_cache_miss/|1001569120|100.00||
   282.383074567|2839893514||arm_cmn_1/hnf_cache_miss/|1001568480|100.00||
   283.383946448|2841799739||arm_cmn_0/hnf_cache_miss/|1000840000|100.00||
   283.383946448|2836075250||arm_cmn_1/hnf_cache_miss/|1000836760|100.00||
   284.385466568|2817795241||arm_cmn_0/hnf_cache_miss/|1001530560|100.00||
   284.385466568|2837799618||arm_cmn_1/hnf_cache_miss/|1001534320|100.00||
   285.387034244|2709391355||arm_cmn_0/hnf_cache_miss/|1001553880|100.00||
   285.387034244|2833692549||arm_cmn_1/hnf_cache_miss/|1001548440|100.00||
   286.387918236|2645661276||arm_cmn_0/hnf_cache_miss/|1000869920|100.00||
   286.387918236|2815971346||arm_cmn_1/hnf_cache_miss/|1000872080|100.00||
   287.389411506|2425199162||arm_cmn_0/hnf_cache_miss/|1001481480|100.00||
   287.389411506|2801669677||arm_cmn_1/hnf_cache_miss/|1001481360|100.00||
   288.390869252|1983269790||arm_cmn_0/hnf_cache_miss/|1001458600|100.00||
   288.390869252|2785573985||arm_cmn_1/hnf_cache_miss/|1001458560|100.00||
   289.391815794|1394335360||arm_cmn_0/hnf_cache_miss/|1000895560|100.00||
   289.391815794|2748418049||arm_cmn_1/hnf_cache_miss/|1000892120|100.00||
   290.393169054|715963488||arm_cmn_0/hnf_cache_miss/|1001373760|100.00||
   290.393169054|2666108739||arm_cmn_1/hnf_cache_miss/|1001375640|100.00||
   291.394554950|674796287||arm_cmn_0/hnf_cache_miss/|1001380520|100.00||
   291.394554950|2535966116||arm_cmn_1/hnf_cache_miss/|1001377880|100.00||
   292.395930524|705033465||arm_cmn_0/hnf_cache_miss/|1001357480|100.00||
   292.395930524|2267442586||arm_cmn_1/hnf_cache_miss/|1001357480|100.00||
   293.397322094|724260174||arm_cmn_0/hnf_cache_miss/|1001397840|100.00||
   293.397322094|1745028784||arm_cmn_1/hnf_cache_miss/|1001398840|100.00||
   294.398718741|724038767||arm_cmn_0/hnf_cache_miss/|1001406000|100.00||
   294.398718741|1036727228||arm_cmn_1/hnf_cache_miss/|1001405440|100.00||
   295.399913184|725996128||arm_cmn_0/hnf_cache_miss/|1001161880|100.00||
   295.399913184|679763538||arm_cmn_1/hnf_cache_miss/|1001162400|100.00||
   296.401226704|712835875||arm_cmn_0/hnf_cache_miss/|1001332560|100.00||
   296.401226704|651305443||arm_cmn_1/hnf_cache_miss/|1001331440|100.00||
   297.402579902|711149593||arm_cmn_0/hnf_cache_miss/|1001347120|100.00||
   297.402579902|677638110||arm_cmn_1/hnf_cache_miss/|1001347360|100.00||
   298.403982096|696260583||arm_cmn_0/hnf_cache_miss/|1001389280|100.00||
   298.403982096|675981950||arm_cmn_1/hnf_cache_miss/|1001389440|100.00||
   299.405316927|692410205||arm_cmn_0/hnf_cache_miss/|1001343480|100.00||
   299.405316927|674428688||arm_cmn_1/hnf_cache_miss/|1001342160|100.00||
   300.406683115|691713555||arm_cmn_0/hnf_cache_miss/|1001367360|100.00||
   300.406683115|674693982||arm_cmn_1/hnf_cache_miss/|1001368960|100.00||
   301.407945939|694929519||arm_cmn_0/hnf_cache_miss/|1001235480|100.00||
   301.407945939|652902980||arm_cmn_1/hnf_cache_miss/|1001234520|100.00||
   302.409289761|684519138||arm_cmn_0/hnf_cache_miss/|1001361000|100.00||
   302.409289761|655153429||arm_cmn_1/hnf_cache_miss/|1001359800|100.00||
   303.410639859|690717828||arm_cmn_0/hnf_cache_miss/|1001350000|100.00||
   303.410639859|645417383||arm_cmn_1/hnf_cache_miss/|1001349520|100.00||
   304.411928955|671768689||arm_cmn_0/hnf_cache_miss/|1001271000|100.00||
   304.411928955|646484781||arm_cmn_1/hnf_cache_miss/|1001271800|100.00||
   305.413281807|669576871||arm_cmn_0/hnf_cache_miss/|1001357040|100.00||
   305.413281807|641466742||arm_cmn_1/hnf_cache_miss/|1001357000|100.00||
   306.414608856|645358552||arm_cmn_0/hnf_cache_miss/|1001325840|100.00||
   306.414608856|647260630||arm_cmn_1/hnf_cache_miss/|1001326320|100.00||
   307.416004982|646047858||arm_cmn_0/hnf_cache_miss/|1001389000|100.00||
   307.416004982|634361868||arm_cmn_1/hnf_cache_miss/|1001390520|100.00||
   308.417352024|637559148||arm_cmn_0/hnf_cache_miss/|1001348840|100.00||
   308.417352024|641588341||arm_cmn_1/hnf_cache_miss/|1001345960|100.00||
   309.418705304|617189015||arm_cmn_0/hnf_cache_miss/|1001359440|100.00||
   309.418705304|620233521||arm_cmn_1/hnf_cache_miss/|1001362400|100.00||
   310.419947541|623030797||arm_cmn_0/hnf_cache_miss/|1001223160|100.00||
   310.419947541|613991930||arm_cmn_1/hnf_cache_miss/|1001221320|100.00||
   311.421285494|610823121||arm_cmn_0/hnf_cache_miss/|1001349720|100.00||
   311.421285494|599418163||arm_cmn_1/hnf_cache_miss/|1001350280|100.00||
   312.422638724|612847669||arm_cmn_0/hnf_cache_miss/|1001346960|100.00||
   312.422638724|594376998||arm_cmn_1/hnf_cache_miss/|1001347560|100.00||
   313.423938752|615130594||arm_cmn_0/hnf_cache_miss/|1001282600|100.00||
   313.423938752|585482300||arm_cmn_1/hnf_cache_miss/|1001282040|100.00||
   314.425242856|604208488||arm_cmn_0/hnf_cache_miss/|1001316480|100.00||
   314.425242856|568795597||arm_cmn_1/hnf_cache_miss/|1001315960|100.00||
   315.426624717|614488819||arm_cmn_0/hnf_cache_miss/|1001384000|100.00||
   315.426624717|581851587||arm_cmn_1/hnf_cache_miss/|1001384640|100.00||
   316.427977015|619537676||arm_cmn_0/hnf_cache_miss/|1001337920|100.00||
   316.427977015|559673027||arm_cmn_1/hnf_cache_miss/|1001337760|100.00||
   317.429318950|619421316||arm_cmn_0/hnf_cache_miss/|1001343040|100.00||
   317.429318950|565950591||arm_cmn_1/hnf_cache_miss/|1001341640|100.00||
   318.430661802|615346232||arm_cmn_0/hnf_cache_miss/|1001348280|100.00||
   318.430661802|570294815||arm_cmn_1/hnf_cache_miss/|1001349080|100.00||
   319.431973691|626542979||arm_cmn_0/hnf_cache_miss/|1001291640|100.00||
   319.431973691|561241526||arm_cmn_1/hnf_cache_miss/|1001294880|100.00||
   320.433337537|626539792||arm_cmn_0/hnf_cache_miss/|1001373960|100.00||
   320.433337537|567218796||arm_cmn_1/hnf_cache_miss/|1001371040|100.00||
   321.434686020|630006910||arm_cmn_0/hnf_cache_miss/|1001355040|100.00||
   321.434686020|570687070||arm_cmn_1/hnf_cache_miss/|1001353880|100.00||
   322.436001980|616701208||arm_cmn_0/hnf_cache_miss/|1001288400|100.00||
   322.436001980|567002262||arm_cmn_1/hnf_cache_miss/|1001292080|100.00||
   323.437352097|620539209||arm_cmn_0/hnf_cache_miss/|1001349040|100.00||
   323.437352097|579083231||arm_cmn_1/hnf_cache_miss/|1001346320|100.00||
   324.438689571|625942105||arm_cmn_0/hnf_cache_miss/|1001354880|100.00||
   324.438689571|566095622||arm_cmn_1/hnf_cache_miss/|1001353280|100.00||
   325.439993481|621568844||arm_cmn_0/hnf_cache_miss/|1001282080|100.00||
   325.439993481|584363849||arm_cmn_1/hnf_cache_miss/|1001283880|100.00||
   326.441331509|614109125||arm_cmn_0/hnf_cache_miss/|1001338840|100.00||
   326.441331509|576410139||arm_cmn_1/hnf_cache_miss/|1001339000|100.00||
   327.442680734|614408223||arm_cmn_0/hnf_cache_miss/|1001345400|100.00||
   327.442680734|585363994||arm_cmn_1/hnf_cache_miss/|1001344920|100.00||
   328.443943836|601130922||arm_cmn_0/hnf_cache_miss/|1001262960|100.00||
   328.443943836|565632806||arm_cmn_1/hnf_cache_miss/|1001263480|100.00||
   329.445276535|610485982||arm_cmn_0/hnf_cache_miss/|1001338760|100.00||
   329.445276535|582571308||arm_cmn_1/hnf_cache_miss/|1001336960|100.00||
   330.446643711|608777821||arm_cmn_0/hnf_cache_miss/|1001377640|100.00||
   330.446643711|572673516||arm_cmn_1/hnf_cache_miss/|1001378480|100.00||
   331.447952923|616678939||arm_cmn_0/hnf_cache_miss/|1001281000|100.00||
   331.447952923|571503532||arm_cmn_1/hnf_cache_miss/|1001281960|100.00||
   332.449284933|618880776||arm_cmn_0/hnf_cache_miss/|1001344800|100.00||
   332.449284933|570401149||arm_cmn_1/hnf_cache_miss/|1001345600|100.00||
   333.450648940|612769519||arm_cmn_0/hnf_cache_miss/|1001356080|100.00||
   333.450648940|559045193||arm_cmn_1/hnf_cache_miss/|1001354800|100.00||
   334.451917784|613304188||arm_cmn_0/hnf_cache_miss/|1001259640|100.00||
   334.451917784|557057278||arm_cmn_1/hnf_cache_miss/|1001259600|100.00||
   335.453248985|614295480||arm_cmn_0/hnf_cache_miss/|1001334800|100.00||
   335.453248985|562621875||arm_cmn_1/hnf_cache_miss/|1001334280|100.00||
   336.454597064|615078724||arm_cmn_0/hnf_cache_miss/|1001348040|100.00||
   336.454597064|564614440||arm_cmn_1/hnf_cache_miss/|1001349720|100.00||
   337.455932739|633292636||arm_cmn_0/hnf_cache_miss/|1001322160|100.00||
   337.455932739|572987121||arm_cmn_1/hnf_cache_miss/|1001321920|100.00||
   338.457290651|623941901||arm_cmn_0/hnf_cache_miss/|1001360160|100.00||
   338.457290651|572381951||arm_cmn_1/hnf_cache_miss/|1001359000|100.00||
   339.458613720|639960038||arm_cmn_0/hnf_cache_miss/|1001335760|100.00||
   339.458613720|563542277||arm_cmn_1/hnf_cache_miss/|1001336680|100.00||
   340.459992387|630211159||arm_cmn_0/hnf_cache_miss/|1001350280|100.00||
   340.459992387|562928231||arm_cmn_1/hnf_cache_miss/|1001350400|100.00||
   341.461307210|638926864||arm_cmn_0/hnf_cache_miss/|1001332160|100.00||
   341.461307210|560412923||arm_cmn_1/hnf_cache_miss/|1001332880|100.00||
   342.462662911|633163251||arm_cmn_0/hnf_cache_miss/|1001344960|100.00||
   342.462662911|568334509||arm_cmn_1/hnf_cache_miss/|1001342880|100.00||
   343.463987849|635699107||arm_cmn_0/hnf_cache_miss/|1001326200|100.00||
   343.463987849|572955695||arm_cmn_1/hnf_cache_miss/|1001327280|100.00||
   344.465349664|625457045||arm_cmn_0/hnf_cache_miss/|1001352240|100.00||
   344.465349664|579267202||arm_cmn_1/hnf_cache_miss/|1001351520|100.00||
   345.466688715|623762684||arm_cmn_0/hnf_cache_miss/|1001343920|100.00||
   345.466688715|588674356||arm_cmn_1/hnf_cache_miss/|1001343640|100.00||
   346.468001924|625170547||arm_cmn_0/hnf_cache_miss/|1001303600|100.00||
   346.468001924|586160033||arm_cmn_1/hnf_cache_miss/|1001305520|100.00||
   347.469355771|633900967||arm_cmn_0/hnf_cache_miss/|1001354160|100.00||
   347.469355771|593047371||arm_cmn_1/hnf_cache_miss/|1001353160|100.00||
   348.470698374|633881195||arm_cmn_0/hnf_cache_miss/|1001350440|100.00||
   348.470698374|582557800||arm_cmn_1/hnf_cache_miss/|1001349760|100.00||
   349.471931934|634879555||arm_cmn_0/hnf_cache_miss/|1001217000|100.00||
   349.471931934|591062560||arm_cmn_1/hnf_cache_miss/|1001217640|100.00||
   350.473265812|625653509||arm_cmn_0/hnf_cache_miss/|1001337240|100.00||
   350.473265812|571527302||arm_cmn_1/hnf_cache_miss/|1001338320|100.00||
   351.474611366|614408585||arm_cmn_0/hnf_cache_miss/|1001341000|100.00||
   351.474611366|575134552||arm_cmn_1/hnf_cache_miss/|1001340600|100.00||
   352.475961078|616392502||arm_cmn_0/hnf_cache_miss/|1001337160|100.00||
   352.475961078|582872066||arm_cmn_1/hnf_cache_miss/|1001336160|100.00||
   353.477303587|616869467||arm_cmn_0/hnf_cache_miss/|1001351880|100.00||
   353.477303587|584565750||arm_cmn_1/hnf_cache_miss/|1001352120|100.00||
   354.478646373|622830199||arm_cmn_0/hnf_cache_miss/|1001349800|100.00||
   354.478646373|583600244||arm_cmn_1/hnf_cache_miss/|1001350680|100.00||
   355.480004597|629114244||arm_cmn_0/hnf_cache_miss/|1001338480|100.00||
   355.480004597|585809450||arm_cmn_1/hnf_cache_miss/|1001339360|100.00||
   356.481351937|622243179||arm_cmn_0/hnf_cache_miss/|1001350840|100.00||
   356.481351937|581098520||arm_cmn_1/hnf_cache_miss/|1001349840|100.00||
   357.482711435|628649802||arm_cmn_0/hnf_cache_miss/|1001366480|100.00||
   357.482711435|563224260||arm_cmn_1/hnf_cache_miss/|1001364960|100.00||
   358.483979009|622951250||arm_cmn_0/hnf_cache_miss/|1001252920|100.00||
   358.483979009|573986364||arm_cmn_1/hnf_cache_miss/|1001253840|100.00||
   359.485298541|625689996||arm_cmn_0/hnf_cache_miss/|1001325520|100.00||
   359.485298541|569168288||arm_cmn_1/hnf_cache_miss/|1001326920|100.00||
   360.486631751|625319885||arm_cmn_0/hnf_cache_miss/|1001341080|100.00||
   360.486631751|572126508||arm_cmn_1/hnf_cache_miss/|1001340800|100.00||
   361.487961797|628615975||arm_cmn_0/hnf_cache_miss/|1001303640|100.00||
   361.487961797|576425878||arm_cmn_1/hnf_cache_miss/|1001301640|100.00||
   362.489290200|627082070||arm_cmn_0/hnf_cache_miss/|1001332280|100.00||
   362.489290200|577757609||arm_cmn_1/hnf_cache_miss/|1001333760|100.00||
   363.490628001|625521136||arm_cmn_0/hnf_cache_miss/|1001344800|100.00||
   363.490628001|575623997||arm_cmn_1/hnf_cache_miss/|1001347520|100.00||
   364.491930759|624191502||arm_cmn_0/hnf_cache_miss/|1001289000|100.00||
   364.491930759|580464084||arm_cmn_1/hnf_cache_miss/|1001283840|100.00||
   365.493249354|624021650||arm_cmn_0/hnf_cache_miss/|1001323960|100.00||
   365.493249354|569084789||arm_cmn_1/hnf_cache_miss/|1001324720|100.00||
   366.494602827|620895362||arm_cmn_0/hnf_cache_miss/|1001354200|100.00||
   366.494602827|581278057||arm_cmn_1/hnf_cache_miss/|1001358080|100.00||
   367.495934777|620646805||arm_cmn_0/hnf_cache_miss/|1001308560|100.00||
   367.495934777|576142845||arm_cmn_1/hnf_cache_miss/|1001304720|100.00||
   368.497235083|631587210||arm_cmn_0/hnf_cache_miss/|1001306960|100.00||
   368.497235083|587249319||arm_cmn_1/hnf_cache_miss/|1001306640|100.00||
   369.498563188|614345957||arm_cmn_0/hnf_cache_miss/|1001338640|100.00||
   369.498563188|574963262||arm_cmn_1/hnf_cache_miss/|1001339840|100.00||
   370.499976209|620466257||arm_cmn_0/hnf_cache_miss/|1001397680|100.00||
   370.499976209|580645161||arm_cmn_1/hnf_cache_miss/|1001396720|100.00||
   371.501297028|613232099||arm_cmn_0/hnf_cache_miss/|1001323440|100.00||
   371.501297028|575586070||arm_cmn_1/hnf_cache_miss/|1001324120|100.00||
   372.502644444|628227388||arm_cmn_0/hnf_cache_miss/|1001354840|100.00||
   372.502644444|570785071||arm_cmn_1/hnf_cache_miss/|1001354720|100.00||
   373.503958417|628951317||arm_cmn_0/hnf_cache_miss/|1001297320|100.00||
   373.503958417|577086387||arm_cmn_1/hnf_cache_miss/|1001297640|100.00||
   374.505284147|628240245||arm_cmn_0/hnf_cache_miss/|1001332680|100.00||
   374.505284147|580311735||arm_cmn_1/hnf_cache_miss/|1001332120|100.00||
   375.506623395|622168773||arm_cmn_0/hnf_cache_miss/|1001345960|100.00||
   375.506623395|570770114||arm_cmn_1/hnf_cache_miss/|1001345680|100.00||
   376.507981680|624455918||arm_cmn_0/hnf_cache_miss/|1001341800|100.00||
   376.507981680|565651368||arm_cmn_1/hnf_cache_miss/|1001343240|100.00||
   377.509323522|621981287||arm_cmn_0/hnf_cache_miss/|1001335920|100.00||
   377.509323522|568155164||arm_cmn_1/hnf_cache_miss/|1001336880|100.00||
   378.510685282|623530813||arm_cmn_0/hnf_cache_miss/|1001367160|100.00||
   378.510685282|573393979||arm_cmn_1/hnf_cache_miss/|1001364920|100.00||
   379.511949439|618800899||arm_cmn_0/hnf_cache_miss/|1001247560|100.00||
   379.511949439|577404626||arm_cmn_1/hnf_cache_miss/|1001248040|100.00||
   380.513294513|612560181||arm_cmn_0/hnf_cache_miss/|1001346720|100.00||
   380.513294513|579306502||arm_cmn_1/hnf_cache_miss/|1001348160|100.00||
   381.514631424|610709357||arm_cmn_0/hnf_cache_miss/|1001349480|100.00||
   381.514631424|577154895||arm_cmn_1/hnf_cache_miss/|1001347960|100.00||
   382.515989533|599064205||arm_cmn_0/hnf_cache_miss/|1001337440|100.00||
   382.515989533|576976410||arm_cmn_1/hnf_cache_miss/|1001337960|100.00||
   383.517297599|600369076||arm_cmn_0/hnf_cache_miss/|1001319120|100.00||
   383.517297599|579922094||arm_cmn_1/hnf_cache_miss/|1001318680|100.00||
   384.518653823|592924156||arm_cmn_0/hnf_cache_miss/|1001357280|100.00||
   384.518653823|572835571||arm_cmn_1/hnf_cache_miss/|1001356720|100.00||
   385.519923603|605312674||arm_cmn_0/hnf_cache_miss/|1001248760|100.00||
   385.519923603|572120338||arm_cmn_1/hnf_cache_miss/|1001250560|100.00||
   386.521244661|608653620||arm_cmn_0/hnf_cache_miss/|1001337120|100.00||
   386.521244661|569360413||arm_cmn_1/hnf_cache_miss/|1001335160|100.00||
   387.522608957|616574574||arm_cmn_0/hnf_cache_miss/|1001365320|100.00||
   387.522608957|561037109||arm_cmn_1/hnf_cache_miss/|1001366040|100.00||
   388.523942930|618237047||arm_cmn_0/hnf_cache_miss/|1001311880|100.00||
   388.523942930|564305801||arm_cmn_1/hnf_cache_miss/|1001313160|100.00||
   389.525276740|614139504||arm_cmn_0/hnf_cache_miss/|1001342400|100.00||
   389.525276740|548139760||arm_cmn_1/hnf_cache_miss/|1001340720|100.00||
   390.526633627|619886750||arm_cmn_0/hnf_cache_miss/|1001360040|100.00||
   390.526633627|549768289||arm_cmn_1/hnf_cache_miss/|1001359720|100.00||
   391.527991512|624216492||arm_cmn_0/hnf_cache_miss/|1001338000|100.00||
   391.527991512|552868776||arm_cmn_1/hnf_cache_miss/|1001338120|100.00||
   392.529317754|621209999||arm_cmn_0/hnf_cache_miss/|1001341040|100.00||
   392.529317754|555197901||arm_cmn_1/hnf_cache_miss/|1001341520|100.00||
   393.530665714|631487712||arm_cmn_0/hnf_cache_miss/|1001355240|100.00||
   393.530665714|559141893||arm_cmn_1/hnf_cache_miss/|1001356680|100.00||
   394.531861190|629475412||arm_cmn_0/hnf_cache_miss/|1001195040|100.00||
   394.531861190|562802741||arm_cmn_1/hnf_cache_miss/|1001196160|100.00||
   395.533223705|631425064||arm_cmn_0/hnf_cache_miss/|1001344200|100.00||
   395.533223705|565626900||arm_cmn_1/hnf_cache_miss/|1001341520|100.00||
   396.534576176|631557921||arm_cmn_0/hnf_cache_miss/|1001352840|100.00||
   396.534576176|562665247||arm_cmn_1/hnf_cache_miss/|1001354640|100.00||
   397.535964926|630263879||arm_cmn_0/hnf_cache_miss/|1001372160|100.00||
   397.535964926|567611116||arm_cmn_1/hnf_cache_miss/|1001370120|100.00||
   398.537321232|625006526||arm_cmn_0/hnf_cache_miss/|1001362640|100.00||
   398.537321232|576991319||arm_cmn_1/hnf_cache_miss/|1001362720|100.00||
   399.538676696|637132745||arm_cmn_0/hnf_cache_miss/|1001357000|100.00||
   399.538676696|576350038||arm_cmn_1/hnf_cache_miss/|1001357160|100.00||
   400.539964597|622112161||arm_cmn_0/hnf_cache_miss/|1001272120|100.00||
   400.539964597|577271396||arm_cmn_1/hnf_cache_miss/|1001274800|100.00||
   401.541282896|628725959||arm_cmn_0/hnf_cache_miss/|1001330120|100.00||
   401.541282896|578946247||arm_cmn_1/hnf_cache_miss/|1001328200|100.00||
   402.542639632|627719303||arm_cmn_0/hnf_cache_miss/|1001351120|100.00||
   402.542639632|580664652||arm_cmn_1/hnf_cache_miss/|1001350640|100.00||
   403.543995765|628111381||arm_cmn_0/hnf_cache_miss/|1001346320|100.00||
   403.543995765|577490087||arm_cmn_1/hnf_cache_miss/|1001345320|100.00||
   404.545331976|626123845||arm_cmn_0/hnf_cache_miss/|1001348160|100.00||
   404.545331976|576493343||arm_cmn_1/hnf_cache_miss/|1001349120|100.00||
   405.546687785|620254008||arm_cmn_0/hnf_cache_miss/|1001363160|100.00||
   405.546687785|586114167||arm_cmn_1/hnf_cache_miss/|1001362840|100.00||
   406.547965350|622925389||arm_cmn_0/hnf_cache_miss/|1001243680|100.00||
   406.547965350|576848977||arm_cmn_1/hnf_cache_miss/|1001244760|100.00||
   407.549282074|612933757||arm_cmn_0/hnf_cache_miss/|1001330200|100.00||
   407.549282074|575190363||arm_cmn_1/hnf_cache_miss/|1001329440|100.00||
   408.550652474|625137793||arm_cmn_0/hnf_cache_miss/|1001365440|100.00||
   408.550652474|577356195||arm_cmn_1/hnf_cache_miss/|1001367000|100.00||
   409.551962992|620876934||arm_cmn_0/hnf_cache_miss/|1001298280|100.00||
   409.551962992|577488087||arm_cmn_1/hnf_cache_miss/|1001296240|100.00||
   410.553300748|621441782||arm_cmn_0/hnf_cache_miss/|1001353800|100.00||
   410.553300748|572933698||arm_cmn_1/hnf_cache_miss/|1001354040|100.00||
   411.554675501|625896867||arm_cmn_0/hnf_cache_miss/|1001370720|100.00||
   411.554675501|568541230||arm_cmn_1/hnf_cache_miss/|1001372280|100.00||
   412.555977051|624489940||arm_cmn_0/hnf_cache_miss/|1001285160|100.00||
   412.555977051|572504055||arm_cmn_1/hnf_cache_miss/|1001286400|100.00||
   413.557324039|625838079||arm_cmn_0/hnf_cache_miss/|1001359200|100.00||
   413.557324039|575140534||arm_cmn_1/hnf_cache_miss/|1001357040|100.00||
   414.558698705|631791937||arm_cmn_0/hnf_cache_miss/|1001356960|100.00||
   414.558698705|569928591||arm_cmn_1/hnf_cache_miss/|1001357080|100.00||
   415.560028408|661371287||arm_cmn_0/hnf_cache_miss/|1001328360|100.00||
   415.560028408|571859083||arm_cmn_1/hnf_cache_miss/|1001329200|100.00||
   416.561345628|679482101||arm_cmn_0/hnf_cache_miss/|1001329800|100.00||
   416.561345628|573606032||arm_cmn_1/hnf_cache_miss/|1001328280|100.00||
   417.562706486|698557533||arm_cmn_0/hnf_cache_miss/|1001351440|100.00||
   417.562706486|580132882||arm_cmn_1/hnf_cache_miss/|1001352480|100.00||
   418.563903581|676806406||arm_cmn_0/hnf_cache_miss/|1001190640|100.00||
   418.563903581|577376772||arm_cmn_1/hnf_cache_miss/|1001190160|100.00||
   419.565208954|663844293||arm_cmn_0/hnf_cache_miss/|1001313320|100.00||
   419.565208954|575898129||arm_cmn_1/hnf_cache_miss/|1001313360|100.00||
   420.566560924|675457905||arm_cmn_0/hnf_cache_miss/|1001351000|100.00||
   420.566560924|576530332||arm_cmn_1/hnf_cache_miss/|1001352360|100.00||
   421.567982932|640428490||arm_cmn_0/hnf_cache_miss/|1001404240|100.00||
   421.567982932|591459694||arm_cmn_1/hnf_cache_miss/|1001403360|100.00||
   422.569283298|642976564||arm_cmn_0/hnf_cache_miss/|1001302240|100.00||
   422.569283298|597794554||arm_cmn_1/hnf_cache_miss/|1001300280|100.00||
   423.570622541|645463824||arm_cmn_0/hnf_cache_miss/|1001356200|100.00||
   423.570622541|621445227||arm_cmn_1/hnf_cache_miss/|1001356760|100.00||
   424.571872381|642468763||arm_cmn_0/hnf_cache_miss/|1001223920|100.00||
   424.571872381|640038494||arm_cmn_1/hnf_cache_miss/|1001223800|100.00||
   425.573208739|641434844||arm_cmn_0/hnf_cache_miss/|1001351120|100.00||
   425.573208739|628653881||arm_cmn_1/hnf_cache_miss/|1001351400|100.00||
   426.574565014|638586939||arm_cmn_0/hnf_cache_miss/|1001350400|100.00||
   426.574565014|615159130||arm_cmn_1/hnf_cache_miss/|1001352560|100.00||
   427.575940528|637472285||arm_cmn_0/hnf_cache_miss/|1001358000|100.00||
   427.575940528|617116862||arm_cmn_1/hnf_cache_miss/|1001357040|100.00||
   428.577286918|635227162||arm_cmn_0/hnf_cache_miss/|1001354680|100.00||
   428.577286918|613798994||arm_cmn_1/hnf_cache_miss/|1001354320|100.00||
   429.578652386|635336602||arm_cmn_0/hnf_cache_miss/|1001361760|100.00||
   429.578652386|603390867||arm_cmn_1/hnf_cache_miss/|1001363640|100.00||
   430.579902012|631978611||arm_cmn_0/hnf_cache_miss/|1001272840|100.00||
   430.579902012|593714843||arm_cmn_1/hnf_cache_miss/|1001271800|100.00||
   431.581269955|635941272||arm_cmn_0/hnf_cache_miss/|1001343320|100.00||
   431.581269955|595742309||arm_cmn_1/hnf_cache_miss/|1001343040|100.00||
   432.582639736|627783844||arm_cmn_0/hnf_cache_miss/|1001370680|100.00||
   432.582639736|587845316||arm_cmn_1/hnf_cache_miss/|1001369160|100.00||
   433.583984194|630059164||arm_cmn_0/hnf_cache_miss/|1001322960|100.00||
   433.583984194|587211192||arm_cmn_1/hnf_cache_miss/|1001323760|100.00||
   434.585300850|629514083||arm_cmn_0/hnf_cache_miss/|1001328600|100.00||
   434.585300850|583690466||arm_cmn_1/hnf_cache_miss/|1001327000|100.00||
   435.586643224|633974019||arm_cmn_0/hnf_cache_miss/|1001346360|100.00||
   435.586643224|582258725||arm_cmn_1/hnf_cache_miss/|1001347920|100.00||
   436.587983315|629887389||arm_cmn_0/hnf_cache_miss/|1001315040|100.00||
   436.587983315|590623813||arm_cmn_1/hnf_cache_miss/|1001314760|100.00||
   437.589294723|638733857||arm_cmn_0/hnf_cache_miss/|1001331200|100.00||
   437.589294723|578256710||arm_cmn_1/hnf_cache_miss/|1001332000|100.00||
   438.590649770|637757112||arm_cmn_0/hnf_cache_miss/|1001361120|100.00||
   438.590649770|584080357||arm_cmn_1/hnf_cache_miss/|1001360640|100.00||
   439.591988654|637983226||arm_cmn_0/hnf_cache_miss/|1001311200|100.00||
   439.591988654|573720442||arm_cmn_1/hnf_cache_miss/|1001312080|100.00||
   440.593335575|636328613||arm_cmn_0/hnf_cache_miss/|1001354280|100.00||
   440.593335575|579795994||arm_cmn_1/hnf_cache_miss/|1001353400|100.00||
   441.594680134|639513239||arm_cmn_0/hnf_cache_miss/|1001351320|100.00||
   441.594680134|573961051||arm_cmn_1/hnf_cache_miss/|1001353360|100.00||
   442.595992851|636288547||arm_cmn_0/hnf_cache_miss/|1001292840|100.00||
   442.595992851|576275704||arm_cmn_1/hnf_cache_miss/|1001290120|100.00||
   443.597356085|638028302||arm_cmn_0/hnf_cache_miss/|1001375640|100.00||
   443.597356085|585295291||arm_cmn_1/hnf_cache_miss/|1001376240|100.00||
   444.598712477|633047436||arm_cmn_0/hnf_cache_miss/|1001356120|100.00||
   444.598712477|581307103||arm_cmn_1/hnf_cache_miss/|1001356600|100.00||
   445.599975346|628539404||arm_cmn_0/hnf_cache_miss/|1001247960|100.00||
   445.599975346|584479491||arm_cmn_1/hnf_cache_miss/|1001247200|100.00||
   446.601299573|628279600||arm_cmn_0/hnf_cache_miss/|1001335080|100.00||
   446.601299573|589102435||arm_cmn_1/hnf_cache_miss/|1001334160|100.00||
   447.602648038|633024812||arm_cmn_0/hnf_cache_miss/|1001350920|100.00||
   447.602648038|582906424||arm_cmn_1/hnf_cache_miss/|1001352440|100.00||
   448.603971861|632638792||arm_cmn_0/hnf_cache_miss/|1001298120|100.00||
   448.603971861|584939103||arm_cmn_1/hnf_cache_miss/|1001298640|100.00||
   449.605262961|639581881||arm_cmn_0/hnf_cache_miss/|1001300400|100.00||
   449.605262961|582142102||arm_cmn_1/hnf_cache_miss/|1001300520|100.00||
   450.606612658|649502128||arm_cmn_0/hnf_cache_miss/|1001363000|100.00||
   450.606612658|583170473||arm_cmn_1/hnf_cache_miss/|1001361680|100.00||
   451.607933474|647058010||arm_cmn_0/hnf_cache_miss/|1001289520|100.00||
   451.607933474|583212992||arm_cmn_1/hnf_cache_miss/|1001289040|100.00||
   452.609241166|642830548||arm_cmn_0/hnf_cache_miss/|1001319200|100.00||
   452.609241166|579973673||arm_cmn_1/hnf_cache_miss/|1001320000|100.00||
   453.610599137|648059395||arm_cmn_0/hnf_cache_miss/|1001367840|100.00||
   453.610599137|579063976||arm_cmn_1/hnf_cache_miss/|1001370640|100.00||
   454.611986506|641473324||arm_cmn_0/hnf_cache_miss/|1001364840|100.00||
   454.611986506|575731442||arm_cmn_1/hnf_cache_miss/|1001361960|100.00||
   455.613318272|645522163||arm_cmn_0/hnf_cache_miss/|1001340600|100.00||
   455.613318272|580024955||arm_cmn_1/hnf_cache_miss/|1001340320|100.00||
   456.614654435|639953863||arm_cmn_0/hnf_cache_miss/|1001344280|100.00||
   456.614654435|580610608||arm_cmn_1/hnf_cache_miss/|1001344480|100.00||
   457.615983877|643144430||arm_cmn_0/hnf_cache_miss/|1001307640|100.00||
   457.615983877|585527284||arm_cmn_1/hnf_cache_miss/|1001306800|100.00||
   458.617315036|643195110||arm_cmn_0/hnf_cache_miss/|1001331080|100.00||
   458.617315036|591535594||arm_cmn_1/hnf_cache_miss/|1001333160|100.00||
   459.618635392|645117870||arm_cmn_0/hnf_cache_miss/|1001331720|100.00||
   459.618635392|592286081||arm_cmn_1/hnf_cache_miss/|1001332120|100.00||
   460.619981427|644049438||arm_cmn_0/hnf_cache_miss/|1001329480|100.00||
   460.619981427|591248206||arm_cmn_1/hnf_cache_miss/|1001326720|100.00||
   461.621315339|638748699||arm_cmn_0/hnf_cache_miss/|1001341000|100.00||
   461.621315339|595441187||arm_cmn_1/hnf_cache_miss/|1001342840|100.00||
   462.622647809|653979170||arm_cmn_0/hnf_cache_miss/|1001326080|100.00||
   462.622647809|593892186||arm_cmn_1/hnf_cache_miss/|1001325600|100.00||
   463.623982476|639269653||arm_cmn_0/hnf_cache_miss/|1001327000|100.00||
   463.623982476|589123442||arm_cmn_1/hnf_cache_miss/|1001328600|100.00||
   464.625310941|637688180||arm_cmn_0/hnf_cache_miss/|1001329640|100.00||
   464.625310941|591667372||arm_cmn_1/hnf_cache_miss/|1001327440|100.00||
   465.626657244|648714683||arm_cmn_0/hnf_cache_miss/|1001355320|100.00||
   465.626657244|589166619||arm_cmn_1/hnf_cache_miss/|1001355880|100.00||
   466.627982665|645984994||arm_cmn_0/hnf_cache_miss/|1001300560|100.00||
   466.627982665|590025385||arm_cmn_1/hnf_cache_miss/|1001299640|100.00||
   467.629307443|648328135||arm_cmn_0/hnf_cache_miss/|1001331560|100.00||
   467.629307443|600800986||arm_cmn_1/hnf_cache_miss/|1001331960|100.00||
   468.630662899|646912511||arm_cmn_0/hnf_cache_miss/|1001362680|100.00||
   468.630662899|591642404||arm_cmn_1/hnf_cache_miss/|1001364680|100.00||
   469.631901833|644798001||arm_cmn_0/hnf_cache_miss/|1001219080|100.00||
   469.631901833|588434418||arm_cmn_1/hnf_cache_miss/|1001217480|100.00||
   470.633211204|641345069||arm_cmn_0/hnf_cache_miss/|1001320160|100.00||
   470.633211204|587711582||arm_cmn_1/hnf_cache_miss/|1001320160|100.00||
   471.634566494|639078282||arm_cmn_0/hnf_cache_miss/|1001352400|100.00||
   471.634566494|586968612||arm_cmn_1/hnf_cache_miss/|1001352400|100.00||
   472.635982581|635152579||arm_cmn_0/hnf_cache_miss/|1001401840|100.00||
   472.635982581|587735578||arm_cmn_1/hnf_cache_miss/|1001403200|100.00||
   473.637293626|634958369||arm_cmn_0/hnf_cache_miss/|1001316800|100.00||
   473.637293626|592938260||arm_cmn_1/hnf_cache_miss/|1001315120|100.00||
   474.638622948|633382979||arm_cmn_0/hnf_cache_miss/|1001338520|100.00||
   474.638622948|593059963||arm_cmn_1/hnf_cache_miss/|1001337440|100.00||
   475.639935508|634994319||arm_cmn_0/hnf_cache_miss/|1001294360|100.00||
   475.639935508|593139156||arm_cmn_1/hnf_cache_miss/|1001298320|100.00||
   476.641255346|634991365||arm_cmn_0/hnf_cache_miss/|1001338400|100.00||
   476.641255346|596363467||arm_cmn_1/hnf_cache_miss/|1001337640|100.00||
   477.642644582|636414630||arm_cmn_0/hnf_cache_miss/|1001378240|100.00||
   477.642644582|594974221||arm_cmn_1/hnf_cache_miss/|1001376640|100.00||
   478.643936296|640423925||arm_cmn_0/hnf_cache_miss/|1001276680|100.00||
   478.643936296|584703967||arm_cmn_1/hnf_cache_miss/|1001277120|100.00||
   479.645261087|640715215||arm_cmn_0/hnf_cache_miss/|1001336040|100.00||
   479.645261087|590065934||arm_cmn_1/hnf_cache_miss/|1001337360|100.00||
   480.646615316|645267115||arm_cmn_0/hnf_cache_miss/|1001353160|100.00||
   480.646615316|585137004||arm_cmn_1/hnf_cache_miss/|1001351680|100.00||
   481.647955743|645492499||arm_cmn_0/hnf_cache_miss/|1001321440|100.00||
   481.647955743|585431781||arm_cmn_1/hnf_cache_miss/|1001321520|100.00||
   482.649267168|635272803||arm_cmn_0/hnf_cache_miss/|1001326080|100.00||
   482.649267168|583960895||arm_cmn_1/hnf_cache_miss/|1001325680|100.00||
   483.650632471|636752964||arm_cmn_0/hnf_cache_miss/|1001367480|100.00||
   483.650632471|582924102||arm_cmn_1/hnf_cache_miss/|1001367280|100.00||
   484.651979811|641335058||arm_cmn_0/hnf_cache_miss/|1001330360|100.00||
   484.651979811|580126095||arm_cmn_1/hnf_cache_miss/|1001330240|100.00||
   485.653328789|640181962||arm_cmn_0/hnf_cache_miss/|1001352720|100.00||
   485.653328789|580636593||arm_cmn_1/hnf_cache_miss/|1001353720|100.00||
   486.654673805|642202742||arm_cmn_0/hnf_cache_miss/|1001351400|100.00||
   486.654673805|583698199||arm_cmn_1/hnf_cache_miss/|1001352080|100.00||
   487.655947739|641134236||arm_cmn_0/hnf_cache_miss/|1001253200|100.00||
   487.655947739|586995268||arm_cmn_1/hnf_cache_miss/|1001251040|100.00||
   488.657277750|640404732||arm_cmn_0/hnf_cache_miss/|1001335640|100.00||
   488.657277750|585295129||arm_cmn_1/hnf_cache_miss/|1001337200|100.00||
   489.658623359|645656895||arm_cmn_0/hnf_cache_miss/|1001357480|100.00||
   489.658623359|591465609||arm_cmn_1/hnf_cache_miss/|1001356720|100.00||
   490.659979927|643292982||arm_cmn_0/hnf_cache_miss/|1001336440|100.00||
   490.659979927|592694725||arm_cmn_1/hnf_cache_miss/|1001336600|100.00||
   491.661305652|645714892||arm_cmn_0/hnf_cache_miss/|1001333960|100.00||
   491.661305652|584143773||arm_cmn_1/hnf_cache_miss/|1001333760|100.00||
   492.662673495|649024344||arm_cmn_0/hnf_cache_miss/|1001367920|100.00||
   492.662673495|589626808||arm_cmn_1/hnf_cache_miss/|1001367400|100.00||
   493.663941455|663075405||arm_cmn_0/hnf_cache_miss/|1001254040|100.00||
   493.663941455|590053054||arm_cmn_1/hnf_cache_miss/|1001254440|100.00||
   494.665300654|651586047||arm_cmn_0/hnf_cache_miss/|1001352120|100.00||
   494.665300654|589472382||arm_cmn_1/hnf_cache_miss/|1001351760|100.00||
   495.666644610|651447829||arm_cmn_0/hnf_cache_miss/|1001360280|100.00||
   495.666644610|592057378||arm_cmn_1/hnf_cache_miss/|1001361160|100.00||
   496.668003524|646816778||arm_cmn_0/hnf_cache_miss/|1001335000|100.00||
   496.668003524|588723886||arm_cmn_1/hnf_cache_miss/|1001334800|100.00||
   497.669321876|645810486||arm_cmn_0/hnf_cache_miss/|1001333680|100.00||
   497.669321876|590584493||arm_cmn_1/hnf_cache_miss/|1001333760|100.00||
   498.670679506|640668222||arm_cmn_0/hnf_cache_miss/|1001363920|100.00||
   498.670679506|602442067||arm_cmn_1/hnf_cache_miss/|1001364480|100.00||
   499.671967134|637262948||arm_cmn_0/hnf_cache_miss/|1001261760|100.00||
   499.671967134|595400066||arm_cmn_1/hnf_cache_miss/|1001260160|100.00||
   500.673310080|637401604||arm_cmn_0/hnf_cache_miss/|1001350360|100.00||
   500.673310080|596686073||arm_cmn_1/hnf_cache_miss/|1001351000|100.00||
   501.674654063|641544912||arm_cmn_0/hnf_cache_miss/|1001349920|100.00||
   501.674654063|600769176||arm_cmn_1/hnf_cache_miss/|1001349400|100.00||
   502.675978525|636431353||arm_cmn_0/hnf_cache_miss/|1001309480|100.00||
   502.675978525|604219243||arm_cmn_1/hnf_cache_miss/|1001309280|100.00||
   503.677315864|636982096||arm_cmn_0/hnf_cache_miss/|1001347560|100.00||
   503.677315864|602015219||arm_cmn_1/hnf_cache_miss/|1001349120|100.00||
   504.678690161|639073360||arm_cmn_0/hnf_cache_miss/|1001391760|100.00||
   504.678690161|599577292||arm_cmn_1/hnf_cache_miss/|1001390600|100.00||
   505.679987936|642217974||arm_cmn_0/hnf_cache_miss/|1001256360|100.00||
   505.679987936|599436555||arm_cmn_1/hnf_cache_miss/|1001257920|100.00||
   506.681312069|635920783||arm_cmn_0/hnf_cache_miss/|1001335800|100.00||
   506.681312069|597693736||arm_cmn_1/hnf_cache_miss/|1001333720|100.00||
   507.682655000|638620693||arm_cmn_0/hnf_cache_miss/|1001349280|100.00||
   507.682655000|596739811||arm_cmn_1/hnf_cache_miss/|1001349560|100.00||
   508.683973448|640785656||arm_cmn_0/hnf_cache_miss/|1001296080|100.00||
   508.683973448|592532995||arm_cmn_1/hnf_cache_miss/|1001296120|100.00||
   509.685300335|641546292||arm_cmn_0/hnf_cache_miss/|1001345120|100.00||
   509.685300335|592025406||arm_cmn_1/hnf_cache_miss/|1001345960|100.00||
   510.686690340|641227927||arm_cmn_0/hnf_cache_miss/|1001377200|100.00||
   510.686690340|593924220||arm_cmn_1/hnf_cache_miss/|1001376760|100.00||
   511.688004862|646556388||arm_cmn_0/hnf_cache_miss/|1001295680|100.00||
   511.688004862|590993703||arm_cmn_1/hnf_cache_miss/|1001296000|100.00||
   512.689323982|645300627||arm_cmn_0/hnf_cache_miss/|1001331760|100.00||
   512.689323982|589350882||arm_cmn_1/hnf_cache_miss/|1001330600|100.00||
   513.690668621|644966462||arm_cmn_0/hnf_cache_miss/|1001359840|100.00||
   513.690668621|592003980||arm_cmn_1/hnf_cache_miss/|1001361040|100.00||
   514.691941297|638157884||arm_cmn_0/hnf_cache_miss/|1001245560|100.00||
   514.691941297|591331693||arm_cmn_1/hnf_cache_miss/|1001244120|100.00||
   515.693300291|640491920||arm_cmn_0/hnf_cache_miss/|1001365640|100.00||
   515.693300291|590642463||arm_cmn_1/hnf_cache_miss/|1001365840|100.00||
   516.694647083|641519423||arm_cmn_0/hnf_cache_miss/|1001359280|100.00||
   516.694647083|590132047||arm_cmn_1/hnf_cache_miss/|1001359560|100.00||
   517.695990633|636460058||arm_cmn_0/hnf_cache_miss/|1001315720|100.00||
   517.695990633|594522053||arm_cmn_1/hnf_cache_miss/|1001317840|100.00||
   518.697326261|638581199||arm_cmn_0/hnf_cache_miss/|1001352280|100.00||
   518.697326261|598586285||arm_cmn_1/hnf_cache_miss/|1001350160|100.00||
   519.698672047|638107655||arm_cmn_0/hnf_cache_miss/|1001348160|100.00||
   519.698672047|592252745||arm_cmn_1/hnf_cache_miss/|1001349280|100.00||
   520.700003150|634443843||arm_cmn_0/hnf_cache_miss/|1001306080|100.00||
   520.700003150|597976617||arm_cmn_1/hnf_cache_miss/|1001304720|100.00||
   521.701326452|635130504||arm_cmn_0/hnf_cache_miss/|1001339560|100.00||
   521.701326452|596838859||arm_cmn_1/hnf_cache_miss/|1001340040|100.00||
   522.702691032|634473519||arm_cmn_0/hnf_cache_miss/|1001367160|100.00||
   522.702691032|593441648||arm_cmn_1/hnf_cache_miss/|1001366680|100.00||
   523.703991050|634004288||arm_cmn_0/hnf_cache_miss/|1001280400|100.00||
   523.703991050|596722467||arm_cmn_1/hnf_cache_miss/|1001282640|100.00||
   524.705329625|644625392||arm_cmn_0/hnf_cache_miss/|1001351600|100.00||
   524.705329625|594735158||arm_cmn_1/hnf_cache_miss/|1001350760|100.00||
   525.706711959|636120154||arm_cmn_0/hnf_cache_miss/|1001372440|100.00||
   525.706711959|595524800||arm_cmn_1/hnf_cache_miss/|1001373720|100.00||
   526.707947170|643258473||arm_cmn_0/hnf_cache_miss/|1001217920|100.00||
   526.707947170|593239290||arm_cmn_1/hnf_cache_miss/|1001215960|100.00||
   527.709271780|645660824||arm_cmn_0/hnf_cache_miss/|1001335840|100.00||
   527.709271780|587754043||arm_cmn_1/hnf_cache_miss/|1001336840|100.00||
   528.710616987|652228908||arm_cmn_0/hnf_cache_miss/|1001360240|100.00||
   528.710616987|592362167||arm_cmn_1/hnf_cache_miss/|1001359720|100.00||
   529.711944393|689359999||arm_cmn_0/hnf_cache_miss/|1001295560|100.00||
   529.711944393|598022216||arm_cmn_1/hnf_cache_miss/|1001293760|100.00||
   530.713271276|631193026||arm_cmn_0/hnf_cache_miss/|1001341000|100.00||
   530.713271276|586057751||arm_cmn_1/hnf_cache_miss/|1001342680|100.00||
   531.714619998|708019856||arm_cmn_0/hnf_cache_miss/|1001355240|100.00||
   531.714619998|585771067||arm_cmn_1/hnf_cache_miss/|1001356240|100.00||
   532.324863985|369280215||arm_cmn_0/hnf_cache_miss/|610224280|100.00||
   532.324863985|361097048||arm_cmn_1/hnf_cache_miss/|610224160|100.00||
