     1.001128896|1050985606||arm_cmn_0/hnf_cache_miss/|1005374920|100.00||
     1.001128896|880598884||arm_cmn_1/hnf_cache_miss/|1005378520|100.00||
     2.002775272|887837796||arm_cmn_0/hnf_cache_miss/|1001633800|100.00||
     2.002775272|848664897||arm_cmn_1/hnf_cache_miss/|1001628640|100.00||
     3.003964288|1096372314||arm_cmn_0/hnf_cache_miss/|1001133040|100.00||
     3.003964288|1114960958||arm_cmn_1/hnf_cache_miss/|1001128920|100.00||
     4.005336344|1167188508||arm_cmn_0/hnf_cache_miss/|1001386400|100.00||
     4.005336344|1149849702||arm_cmn_1/hnf_cache_miss/|1001387440|100.00||
     5.006794200|1138229041||arm_cmn_0/hnf_cache_miss/|1001480920|100.00||
     5.006794200|1083108464||arm_cmn_1/hnf_cache_miss/|1001482720|100.00||
     6.008036176|1146001194||arm_cmn_0/hnf_cache_miss/|1001221880|100.00||
     6.008036176|1185562549||arm_cmn_1/hnf_cache_miss/|1001220480|100.00||
     7.009427592|2127791659||arm_cmn_0/hnf_cache_miss/|1001421240|100.00||
     7.009427592|2005706306||arm_cmn_1/hnf_cache_miss/|1001420320|100.00||
     8.010887488|1697012248||arm_cmn_0/hnf_cache_miss/|1001472200|100.00||
     8.010887488|1733592221||arm_cmn_1/hnf_cache_miss/|1001474280|100.00||
     9.012013144|1504541091||arm_cmn_0/hnf_cache_miss/|1001095520|100.00||
     9.012013144|1450291183||arm_cmn_1/hnf_cache_miss/|1001095840|100.00||
    10.013430080|1116648087||arm_cmn_0/hnf_cache_miss/|1001383400|100.00||
    10.013430080|1210614390||arm_cmn_1/hnf_cache_miss/|1001380440|100.00||
    11.014833617|862092381||arm_cmn_0/hnf_cache_miss/|1001476840|100.00||
    11.014833617|745974045||arm_cmn_1/hnf_cache_miss/|1001484680|100.00||
    12.016022552|1277950667||arm_cmn_0/hnf_cache_miss/|1001106800|100.00||
    12.016022552|1367901625||arm_cmn_1/hnf_cache_miss/|1001097560|100.00||
    13.017385049|832905558||arm_cmn_0/hnf_cache_miss/|1001377440|100.00||
    13.017385049|813084141||arm_cmn_1/hnf_cache_miss/|1001378000|100.00||
    14.018757345|1072350379||arm_cmn_0/hnf_cache_miss/|1001384080|100.00||
    14.018757345|1056379122||arm_cmn_1/hnf_cache_miss/|1001383560|100.00||
    15.020013121|970680820||arm_cmn_0/hnf_cache_miss/|1001238080|100.00||
    15.020013121|855397986||arm_cmn_1/hnf_cache_miss/|1001239360|100.00||
    16.021403577|800141938||arm_cmn_0/hnf_cache_miss/|1001393760|100.00||
    16.021403577|790363836||arm_cmn_1/hnf_cache_miss/|1001394000|100.00||
    17.022777513|877357475||arm_cmn_0/hnf_cache_miss/|1001377840|100.00||
    17.022777513|896810070||arm_cmn_1/hnf_cache_miss/|1001376880|100.00||
    18.023981129|1054540272||arm_cmn_0/hnf_cache_miss/|1001183400|100.00||
    18.023981129|979229773||arm_cmn_1/hnf_cache_miss/|1001184160|100.00||
    19.025330345|814107905||arm_cmn_0/hnf_cache_miss/|1001357120|100.00||
    19.025330345|869451812||arm_cmn_1/hnf_cache_miss/|1001356400|100.00||
    20.026725201|828017115||arm_cmn_0/hnf_cache_miss/|1001396200|100.00||
    20.026725201|755022912||arm_cmn_1/hnf_cache_miss/|1001395880|100.00||
    21.027910297|905726624||arm_cmn_0/hnf_cache_miss/|1001172240|100.00||
    21.027910297|825967271||arm_cmn_1/hnf_cache_miss/|1001173080|100.00||
    22.029245273|916164811||arm_cmn_0/hnf_cache_miss/|1001340720|100.00||
    22.029245273|854956656||arm_cmn_1/hnf_cache_miss/|1001340200|100.00||
    23.030619769|864343821||arm_cmn_0/hnf_cache_miss/|1001385680|100.00||
    23.030619769|929440322||arm_cmn_1/hnf_cache_miss/|1001385480|100.00||
    24.031886945|781459544||arm_cmn_0/hnf_cache_miss/|1001246200|100.00||
    24.031886945|761573023||arm_cmn_1/hnf_cache_miss/|1001245920|100.00||
    25.033230161|813135227||arm_cmn_0/hnf_cache_miss/|1001355280|100.00||
    25.033230161|777418935||arm_cmn_1/hnf_cache_miss/|1001355880|100.00||
    26.034599617|944705156||arm_cmn_0/hnf_cache_miss/|1001368520|100.00||
    26.034599617|845035947||arm_cmn_1/hnf_cache_miss/|1001368600|100.00||
    27.035893673|886636117||arm_cmn_0/hnf_cache_miss/|1001280680|100.00||
    27.035893673|838876397||arm_cmn_1/hnf_cache_miss/|1001280480|100.00||
    28.037271809|940434951||arm_cmn_0/hnf_cache_miss/|1001387280|100.00||
    28.037271809|971413401||arm_cmn_1/hnf_cache_miss/|1001386960|100.00||
    29.038667625|810343465||arm_cmn_0/hnf_cache_miss/|1001401520|100.00||
    29.038667625|759169195||arm_cmn_1/hnf_cache_miss/|1001401480|100.00||
    30.039995962|953890765||arm_cmn_0/hnf_cache_miss/|1001308880|100.00||
    30.039995962|826997437||arm_cmn_1/hnf_cache_miss/|1001309200|100.00||
    31.041336898|851149464||arm_cmn_0/hnf_cache_miss/|1001345280|100.00||
    31.041336898|943782716||arm_cmn_1/hnf_cache_miss/|1001345960|100.00||
    32.042721794|1134326275||arm_cmn_0/hnf_cache_miss/|1001389960|100.00||
    32.042721794|1017479852||arm_cmn_1/hnf_cache_miss/|1001389640|100.00||
    33.043942410|1039016523||arm_cmn_0/hnf_cache_miss/|1001209160|100.00||
    33.043942410|977134413||arm_cmn_1/hnf_cache_miss/|1001209240|100.00||
    34.045282266|768781049||arm_cmn_0/hnf_cache_miss/|1001342920|100.00||
    34.045282266|912868201||arm_cmn_1/hnf_cache_miss/|1001342440|100.00||
    35.046644802|1252003796||arm_cmn_0/hnf_cache_miss/|1001424000|100.00||
    35.046644802|776813673||arm_cmn_1/hnf_cache_miss/|1001429880|100.00||
    36.048002778|2701694099||arm_cmn_0/hnf_cache_miss/|1001391520|100.00||
    36.048002778|2239988551||arm_cmn_1/hnf_cache_miss/|1001397360|100.00||
    37.049626434|2527044052||arm_cmn_0/hnf_cache_miss/|1001564560|100.00||
    37.049626434|2640688758||arm_cmn_1/hnf_cache_miss/|1001557120|100.00||
    38.051113490|1848083160||arm_cmn_0/hnf_cache_miss/|1001477640|100.00||
    38.051113490|2207305022||arm_cmn_1/hnf_cache_miss/|1001473560|100.00||
    39.051993146|1448269080||arm_cmn_0/hnf_cache_miss/|1000848080|100.00||
    39.051993146|1441732952||arm_cmn_1/hnf_cache_miss/|1000848560|100.00||
    40.053364922|1833177966||arm_cmn_0/hnf_cache_miss/|1001388640|100.00||
    40.053364922|1673949347||arm_cmn_1/hnf_cache_miss/|1001389360|100.00||
    41.054801978|2305164448||arm_cmn_0/hnf_cache_miss/|1001506920|100.00||
    41.054801978|1975090006||arm_cmn_1/hnf_cache_miss/|1001515520|100.00||
    42.056006794|2725131232||arm_cmn_0/hnf_cache_miss/|1001219560|100.00||
    42.056006794|2567904065||arm_cmn_1/hnf_cache_miss/|1001223000|100.00||
    43.057696611|2712497013||arm_cmn_0/hnf_cache_miss/|1001746440|100.00||
    43.057696611|2661089058||arm_cmn_1/hnf_cache_miss/|1001746040|100.00||
    44.059532267|2717736259||arm_cmn_0/hnf_cache_miss/|1002057880|100.00||
    44.059532267|2676047380||arm_cmn_1/hnf_cache_miss/|1002060880|100.00||
    45.061578084|2718595192||arm_cmn_0/hnf_cache_miss/|1001804120|100.00||
    45.061578084|2668708973||arm_cmn_1/hnf_cache_miss/|1001813080|100.00||
    46.063373181|2714623581||arm_cmn_0/hnf_cache_miss/|1001784680|100.00||
    46.063373181|2676250586||arm_cmn_1/hnf_cache_miss/|1001779120|100.00||
    47.065140797|2720698317||arm_cmn_0/hnf_cache_miss/|1001786680|100.00||
    47.065140797|2670053490||arm_cmn_1/hnf_cache_miss/|1001782800|100.00||
    48.067011574|2716895894||arm_cmn_0/hnf_cache_miss/|1001854440|100.00||
    48.067011574|2677281354||arm_cmn_1/hnf_cache_miss/|1001854920|100.00||
    49.068032110|2722971597||arm_cmn_0/hnf_cache_miss/|1000979400|100.00||
    49.068032110|2669378522||arm_cmn_1/hnf_cache_miss/|1000976840|100.00||
    50.069711086|2664786816||arm_cmn_0/hnf_cache_miss/|1001642040|100.00||
    50.069711086|2674777399||arm_cmn_1/hnf_cache_miss/|1001633600|100.00||
    51.071278182|2372776742||arm_cmn_0/hnf_cache_miss/|1001564880|100.00||
    51.071278182|2594100067||arm_cmn_1/hnf_cache_miss/|1001566040|100.00||
    52.072019718|2522077788||arm_cmn_0/hnf_cache_miss/|1000737840|100.00||
    52.072019718|2364217423||arm_cmn_1/hnf_cache_miss/|1000739040|100.00||
    53.073568814|2718312871||arm_cmn_0/hnf_cache_miss/|1001591840|100.00||
    53.073568814|2575462569||arm_cmn_1/hnf_cache_miss/|1001594920|100.00||
    54.075244230|2716232346||arm_cmn_0/hnf_cache_miss/|1001743520|100.00||
    54.075244230|2657466186||arm_cmn_1/hnf_cache_miss/|1001746840|100.00||
    55.077046487|2714413492||arm_cmn_0/hnf_cache_miss/|1001750240|100.00||
    55.077046487|2670785486||arm_cmn_1/hnf_cache_miss/|1001748280|100.00||
    56.078788023|2230583248||arm_cmn_0/hnf_cache_miss/|1001649120|100.00||
    56.078788023|2648273068||arm_cmn_1/hnf_cache_miss/|1001639000|100.00||
    57.079958399|864432649||arm_cmn_0/hnf_cache_miss/|1001139760|100.00||
    57.079958399|1566127393||arm_cmn_1/hnf_cache_miss/|1001138280|100.00||
    58.081320895|1048579812||arm_cmn_0/hnf_cache_miss/|1001355200|100.00||
    58.081320895|980869616||arm_cmn_1/hnf_cache_miss/|1001356720|100.00||
    59.082682752|493740187||arm_cmn_0/hnf_cache_miss/|1001379200|100.00||
    59.082682752|745902635||arm_cmn_1/hnf_cache_miss/|1001378360|100.00||
    60.083971048|1401773941||arm_cmn_0/hnf_cache_miss/|1001275920|100.00||
    60.083971048|799274639||arm_cmn_1/hnf_cache_miss/|1001276120|100.00||
    61.085373904|2521743690||arm_cmn_0/hnf_cache_miss/|1001424280|100.00||
    61.085373904|1845054548||arm_cmn_1/hnf_cache_miss/|1001425480|100.00||
    62.086837720|1564714451||arm_cmn_0/hnf_cache_miss/|1001466520|100.00||
    62.086837720|2278338894||arm_cmn_1/hnf_cache_miss/|1001464920|100.00||
    63.087996216|1204743111||arm_cmn_0/hnf_cache_miss/|1001131920|100.00||
    63.087996216|1330036290||arm_cmn_1/hnf_cache_miss/|1001131760|100.00||
    64.089385232|1041404966||arm_cmn_0/hnf_cache_miss/|1001393400|100.00||
    64.089385232|1219827592||arm_cmn_1/hnf_cache_miss/|1001392840|100.00||
    65.090773448|1181416882||arm_cmn_0/hnf_cache_miss/|1001385600|100.00||
    65.090773448|1030169509||arm_cmn_1/hnf_cache_miss/|1001385760|100.00||
    66.092001184|1119974072||arm_cmn_0/hnf_cache_miss/|1001207640|100.00||
    66.092001184|1115488638||arm_cmn_1/hnf_cache_miss/|1001206960|100.00||
    67.093352280|1209855847||arm_cmn_0/hnf_cache_miss/|1001368520|100.00||
    67.093352280|1187890898||arm_cmn_1/hnf_cache_miss/|1001369080|100.00||
    68.094718456|1541594222||arm_cmn_0/hnf_cache_miss/|1001371840|100.00||
    68.094718456|1171534947||arm_cmn_1/hnf_cache_miss/|1001372560|100.00||
    69.095872312|1789308872||arm_cmn_0/hnf_cache_miss/|1001154360|100.00||
    69.095872312|1685180879||arm_cmn_1/hnf_cache_miss/|1001157320|100.00||
    70.097287968|2634255253||arm_cmn_0/hnf_cache_miss/|1001484440|100.00||
    70.097287968|1993123696||arm_cmn_1/hnf_cache_miss/|1001487960|100.00||
    71.098889505|2613909686||arm_cmn_0/hnf_cache_miss/|1001580120|100.00||
    71.098889505|2589870424||arm_cmn_1/hnf_cache_miss/|1001578280|100.00||
    72.099978160|2123824068||arm_cmn_0/hnf_cache_miss/|1001028160|100.00||
    72.099978160|2515721697||arm_cmn_1/hnf_cache_miss/|1001023800|100.00||
    73.101354896|921947507||arm_cmn_0/hnf_cache_miss/|1001373800|100.00||
    73.101354896|1813201613||arm_cmn_1/hnf_cache_miss/|1001374160|100.00||
    74.102715993|393420758||arm_cmn_0/hnf_cache_miss/|1001363760|100.00||
    74.102715993|675683978||arm_cmn_1/hnf_cache_miss/|1001362720|100.00||
    75.103914088|380970383||arm_cmn_0/hnf_cache_miss/|1001179680|100.00||
    75.103914088|349070078||arm_cmn_1/hnf_cache_miss/|1001179560|100.00||
    76.105285025|382634230||arm_cmn_0/hnf_cache_miss/|1001373880|100.00||
    76.105285025|374282334||arm_cmn_1/hnf_cache_miss/|1001372840|100.00||
    77.106629161|367365901||arm_cmn_0/hnf_cache_miss/|1001356920|100.00||
    77.106629161|333927080||arm_cmn_1/hnf_cache_miss/|1001357760|100.00||
    78.107974057|967872385||arm_cmn_0/hnf_cache_miss/|1001329480|100.00||
    78.107974057|463821425||arm_cmn_1/hnf_cache_miss/|1001331160|100.00||
    79.109356593|1871555639||arm_cmn_0/hnf_cache_miss/|1001392200|100.00||
    79.109356593|1188212576||arm_cmn_1/hnf_cache_miss/|1001391000|100.00||
    80.110726249|561762922||arm_cmn_0/hnf_cache_miss/|1001366040|100.00||
    80.110726249|1530737602||arm_cmn_1/hnf_cache_miss/|1001365160|100.00||
    81.111977425|390894300||arm_cmn_0/hnf_cache_miss/|1001241960|100.00||
    81.111977425|512486802||arm_cmn_1/hnf_cache_miss/|1001242000|100.00||
    82.113325081|431557081||arm_cmn_0/hnf_cache_miss/|1001350720|100.00||
    82.113325081|427690046||arm_cmn_1/hnf_cache_miss/|1001353280|100.00||
    83.114701777|498471993||arm_cmn_0/hnf_cache_miss/|1001374400|100.00||
    83.114701777|482006093||arm_cmn_1/hnf_cache_miss/|1001372760|100.00||
    84.115963593|365474122||arm_cmn_0/hnf_cache_miss/|1001257960|100.00||
    84.115963593|439636731||arm_cmn_1/hnf_cache_miss/|1001258760|100.00||
    85.117298489|371489957||arm_cmn_0/hnf_cache_miss/|1001334760|100.00||
    85.117298489|361748243||arm_cmn_1/hnf_cache_miss/|1001334360|100.00||
    86.118661225|522590573||arm_cmn_0/hnf_cache_miss/|1001366240|100.00||
    86.118661225|406034415||arm_cmn_1/hnf_cache_miss/|1001365440|100.00||
    87.119952201|1107862557||arm_cmn_0/hnf_cache_miss/|1001284480|100.00||
    87.119952201|552053399||arm_cmn_1/hnf_cache_miss/|1001284680|100.00||
    88.121303657|1215223070||arm_cmn_0/hnf_cache_miss/|1001362360|100.00||
    88.121303657|1132340182||arm_cmn_1/hnf_cache_miss/|1001362200|100.00||
    89.122670513|641335301||arm_cmn_0/hnf_cache_miss/|1001366720|100.00||
    89.122670513|1046671196||arm_cmn_1/hnf_cache_miss/|1001366800|100.00||
    90.123971489|1304444986||arm_cmn_0/hnf_cache_miss/|1001306480|100.00||
    90.123971489|807950083||arm_cmn_1/hnf_cache_miss/|1001307360|100.00||
    91.125365866|2110364407||arm_cmn_0/hnf_cache_miss/|1001402400|100.00||
    91.125365866|1317491090||arm_cmn_1/hnf_cache_miss/|1001404280|100.00||
    92.126782402|2023436921||arm_cmn_0/hnf_cache_miss/|1001400520|100.00||
    92.126782402|2095523184||arm_cmn_1/hnf_cache_miss/|1001401240|100.00||
    93.127983778|1333491807||arm_cmn_0/hnf_cache_miss/|1001192560|100.00||
    93.127983778|1915026465||arm_cmn_1/hnf_cache_miss/|1001190360|100.00||
    94.129357754|1418602541||arm_cmn_0/hnf_cache_miss/|1001385360|100.00||
    94.129357754|1387543083||arm_cmn_1/hnf_cache_miss/|1001383680|100.00||
    95.130791810|1993924112||arm_cmn_0/hnf_cache_miss/|1001454360|100.00||
    95.130791810|1404712531||arm_cmn_1/hnf_cache_miss/|1001456080|100.00||
    96.132006986|2476620940||arm_cmn_0/hnf_cache_miss/|1001216200|100.00||
    96.132006986|2013234711||arm_cmn_1/hnf_cache_miss/|1001217640|100.00||
    97.133463282|1313753194||arm_cmn_0/hnf_cache_miss/|1001435720|100.00||
    97.133463282|2344845278||arm_cmn_1/hnf_cache_miss/|1001433440|100.00||
    98.134850418|627750959||arm_cmn_0/hnf_cache_miss/|1001373240|100.00||
    98.134850418|1221931215||arm_cmn_1/hnf_cache_miss/|1001372160|100.00||
    99.135910514|657631476||arm_cmn_0/hnf_cache_miss/|1001045680|100.00||
    99.135910514|618682865||arm_cmn_1/hnf_cache_miss/|1001046040|100.00||
   100.137236170|750210807||arm_cmn_0/hnf_cache_miss/|1001335920|100.00||
   100.137236170|651262091||arm_cmn_1/hnf_cache_miss/|1001337400|100.00||
   101.138593346|735126993||arm_cmn_0/hnf_cache_miss/|1001358280|100.00||
   101.138593346|731162836||arm_cmn_1/hnf_cache_miss/|1001357000|100.00||
   102.139947682|746300815||arm_cmn_0/hnf_cache_miss/|1001347880|100.00||
   102.139947682|701825863||arm_cmn_1/hnf_cache_miss/|1001347240|100.00||
   103.141292018|605267640||arm_cmn_0/hnf_cache_miss/|1001338760|100.00||
   103.141292018|673087295||arm_cmn_1/hnf_cache_miss/|1001337960|100.00||
   104.142608994|438970510||arm_cmn_0/hnf_cache_miss/|1001323840|100.00||
   104.142608994|563079044||arm_cmn_1/hnf_cache_miss/|1001325600|100.00||
   105.143947930|584500854||arm_cmn_0/hnf_cache_miss/|1001320800|100.00||
   105.143947930|461665881||arm_cmn_1/hnf_cache_miss/|1001319840|100.00||
   106.145283266|626022763||arm_cmn_0/hnf_cache_miss/|1001351240|100.00||
   106.145283266|558331990||arm_cmn_1/hnf_cache_miss/|1001351240|100.00||
   107.146625722|569136995||arm_cmn_0/hnf_cache_miss/|1001330680|100.00||
   107.146625722|666246112||arm_cmn_1/hnf_cache_miss/|1001331560|100.00||
   108.148017179|641447933||arm_cmn_0/hnf_cache_miss/|1001392760|100.00||
   108.148017179|586948788||arm_cmn_1/hnf_cache_miss/|1001392640|100.00||
   109.149390715|846851212||arm_cmn_0/hnf_cache_miss/|1001385160|100.00||
   109.149390715|635535293||arm_cmn_1/hnf_cache_miss/|1001384160|100.00||
   110.150744011|996536371||arm_cmn_0/hnf_cache_miss/|1001367840|100.00||
   110.150744011|833288590||arm_cmn_1/hnf_cache_miss/|1001368600|100.00||
   111.152014027|730523364||arm_cmn_0/hnf_cache_miss/|1001236360|100.00||
   111.152014027|959682095||arm_cmn_1/hnf_cache_miss/|1001235760|100.00||
   112.153351243|720725805||arm_cmn_0/hnf_cache_miss/|1001361200|100.00||
   112.153351243|786615395||arm_cmn_1/hnf_cache_miss/|1001361000|100.00||
   113.154766459|779954054||arm_cmn_0/hnf_cache_miss/|1001404000|100.00||
   113.154766459|705681956||arm_cmn_1/hnf_cache_miss/|1001404720|100.00||
   114.155911715|848709609||arm_cmn_0/hnf_cache_miss/|1001138880|100.00||
   114.155911715|730857109||arm_cmn_1/hnf_cache_miss/|1001138680|100.00||
   115.157245371|640659472||arm_cmn_0/hnf_cache_miss/|1001324840|100.00||
   115.157245371|845030473||arm_cmn_1/hnf_cache_miss/|1001326040|100.00||
   116.158581227|507089090||arm_cmn_0/hnf_cache_miss/|1001345720|100.00||
   116.158581227|628703028||arm_cmn_1/hnf_cache_miss/|1001344680|100.00||
   117.159937883|540373747||arm_cmn_0/hnf_cache_miss/|1001350920|100.00||
   117.159937883|483321445||arm_cmn_1/hnf_cache_miss/|1001350440|100.00||
   118.161565859|531044123||arm_cmn_0/hnf_cache_miss/|1001622680|100.00||
   118.161565859|527806511||arm_cmn_1/hnf_cache_miss/|1001623440|100.00||
   119.162899035|579242907||arm_cmn_0/hnf_cache_miss/|1001341840|100.00||
   119.162899035|539364751||arm_cmn_1/hnf_cache_miss/|1001341080|100.00||
   120.163911251|626115399||arm_cmn_0/hnf_cache_miss/|1000995840|100.00||
   120.163911251|537948080||arm_cmn_1/hnf_cache_miss/|1000996880|100.00||
   121.165241467|563458885||arm_cmn_0/hnf_cache_miss/|1001326760|100.00||
   121.165241467|594597681||arm_cmn_1/hnf_cache_miss/|1001325680|100.00||
   122.166554923|473264521||arm_cmn_0/hnf_cache_miss/|1001320200|100.00||
   122.166554923|553228648||arm_cmn_1/hnf_cache_miss/|1001320880|100.00||
   123.167995419|379505898||arm_cmn_0/hnf_cache_miss/|1001440960|100.00||
   123.167995419|493682778||arm_cmn_1/hnf_cache_miss/|1001441240|100.00||
   124.169326756|443970601||arm_cmn_0/hnf_cache_miss/|1001333440|100.00||
   124.169326756|393303503||arm_cmn_1/hnf_cache_miss/|1001335280|100.00||
   125.170694052|658548069||arm_cmn_0/hnf_cache_miss/|1001373920|100.00||
   125.170694052|411613543||arm_cmn_1/hnf_cache_miss/|1001373320|100.00||
   126.171928788|706811969||arm_cmn_0/hnf_cache_miss/|1001220720|100.00||
   126.171928788|602078145||arm_cmn_1/hnf_cache_miss/|1001218400|100.00||
   127.173282764|624735787||arm_cmn_0/hnf_cache_miss/|1001361280|100.00||
   127.173282764|695790285||arm_cmn_1/hnf_cache_miss/|1001361560|100.00||
   128.174813620|645827657||arm_cmn_0/hnf_cache_miss/|1001537760|100.00||
   128.174813620|624207644||arm_cmn_1/hnf_cache_miss/|1001538280|100.00||
   129.176001956|702453568||arm_cmn_0/hnf_cache_miss/|1001162920|100.00||
   129.176001956|621659093||arm_cmn_1/hnf_cache_miss/|1001162840|100.00||
   130.177315092|896956996||arm_cmn_0/hnf_cache_miss/|1001325920|100.00||
   130.177315092|668046489||arm_cmn_1/hnf_cache_miss/|1001325880|100.00||
   131.178665868|682850849||arm_cmn_0/hnf_cache_miss/|1001357800|100.00||
   131.178665868|821996613||arm_cmn_1/hnf_cache_miss/|1001358680|100.00||
   132.179963244|677466160||arm_cmn_0/hnf_cache_miss/|1001283000|100.00||
   132.179963244|737945066||arm_cmn_1/hnf_cache_miss/|1001282000|100.00||
   133.181485500|660373352||arm_cmn_0/hnf_cache_miss/|1001536240|100.00||
   133.181485500|627947524||arm_cmn_1/hnf_cache_miss/|1001537120|100.00||
   134.182853556|732080236||arm_cmn_0/hnf_cache_miss/|1001371920|100.00||
   134.182853556|651222044||arm_cmn_1/hnf_cache_miss/|1001370760|100.00||
   135.183991532|707736930||arm_cmn_0/hnf_cache_miss/|1001119320|100.00||
   135.183991532|691407542||arm_cmn_1/hnf_cache_miss/|1001119840|100.00||
   136.185329868|650211946||arm_cmn_0/hnf_cache_miss/|1001335720|100.00||
   136.185329868|686381031||arm_cmn_1/hnf_cache_miss/|1001335880|100.00||
   137.186668844|508105238||arm_cmn_0/hnf_cache_miss/|1001339920|100.00||
   137.186668844|646364671||arm_cmn_1/hnf_cache_miss/|1001340480|100.00||
   138.187982940|509728882||arm_cmn_0/hnf_cache_miss/|1001318320|100.00||
   138.187982940|529321087||arm_cmn_1/hnf_cache_miss/|1001317240|100.00||
   139.189349756|640883858||arm_cmn_0/hnf_cache_miss/|1001376680|100.00||
   139.189349756|458365270||arm_cmn_1/hnf_cache_miss/|1001375960|100.00||
   140.190702333|658410670||arm_cmn_0/hnf_cache_miss/|1001338280|100.00||
   140.190702333|597661938||arm_cmn_1/hnf_cache_miss/|1001339320|100.00||
   141.192004509|644104691||arm_cmn_0/hnf_cache_miss/|1001300760|100.00||
   141.192004509|665107839||arm_cmn_1/hnf_cache_miss/|1001300200|100.00||
   142.193336125|609685873||arm_cmn_0/hnf_cache_miss/|1001335120|100.00||
   142.193336125|610227709||arm_cmn_1/hnf_cache_miss/|1001335960|100.00||
   143.195066541|515376573||arm_cmn_0/hnf_cache_miss/|1001730360|100.00||
   143.195066541|584805976||arm_cmn_1/hnf_cache_miss/|1001730760|100.00||
   144.195972317|462163651||arm_cmn_0/hnf_cache_miss/|1000894400|100.00||
   144.195972317|556212078||arm_cmn_1/hnf_cache_miss/|1000892960|100.00||
   145.197291493|510050995||arm_cmn_0/hnf_cache_miss/|1001314480|100.00||
   145.197291493|451347015||arm_cmn_1/hnf_cache_miss/|1001315200|100.00||
   146.198629469|433854145||arm_cmn_0/hnf_cache_miss/|1001342720|100.00||
   146.198629469|466615283||arm_cmn_1/hnf_cache_miss/|1001342920|100.00||
   147.199947085|453386399||arm_cmn_0/hnf_cache_miss/|1001312120|100.00||
   147.199947085|452920189||arm_cmn_1/hnf_cache_miss/|1001312240|100.00||
   148.201543461|479308732||arm_cmn_0/hnf_cache_miss/|1001601080|100.00||
   148.201543461|450267432||arm_cmn_1/hnf_cache_miss/|1001600280|100.00||
   149.202911237|584574344||arm_cmn_0/hnf_cache_miss/|1001377800|100.00||
   149.202911237|445773143||arm_cmn_1/hnf_cache_miss/|1001377880|100.00||
   150.203888333|687505702||arm_cmn_0/hnf_cache_miss/|1000998720|100.00||
   150.203888333|481288778||arm_cmn_1/hnf_cache_miss/|1000997960|100.00||
   151.205265829|755419695||arm_cmn_0/hnf_cache_miss/|1001347920|100.00||
   151.205265829|662009017||arm_cmn_1/hnf_cache_miss/|1001348880|100.00||
   152.206644565|754563099||arm_cmn_0/hnf_cache_miss/|1001382640|100.00||
   152.206644565|708045691||arm_cmn_1/hnf_cache_miss/|1001383280|100.00||
   153.207998181|618026428||arm_cmn_0/hnf_cache_miss/|1001336520|100.00||
   153.207998181|735217107||arm_cmn_1/hnf_cache_miss/|1001336520|100.00||
   154.209329717|593725414||arm_cmn_0/hnf_cache_miss/|1001339440|100.00||
   154.209329717|710216669||arm_cmn_1/hnf_cache_miss/|1001339120|100.00||
   155.210683053|639409751||arm_cmn_0/hnf_cache_miss/|1001362760|100.00||
   155.210683053|555469743||arm_cmn_1/hnf_cache_miss/|1001362120|100.00||
   156.211889309|769653620||arm_cmn_0/hnf_cache_miss/|1001193000|100.00||
   156.211889309|551122274||arm_cmn_1/hnf_cache_miss/|1001194160|100.00||
   157.213223645|676359874||arm_cmn_0/hnf_cache_miss/|1001328600|100.00||
   157.213223645|708341311||arm_cmn_1/hnf_cache_miss/|1001328480|100.00||
   158.214841662|572177317||arm_cmn_0/hnf_cache_miss/|1001632080|100.00||
   158.214841662|698776812||arm_cmn_1/hnf_cache_miss/|1001632200|100.00||
   159.215891118|508962290||arm_cmn_0/hnf_cache_miss/|1001032000|100.00||
   159.215891118|596462157||arm_cmn_1/hnf_cache_miss/|1001031800|100.00||
   160.217220094|472634011||arm_cmn_0/hnf_cache_miss/|1001330960|100.00||
   160.217220094|528097414||arm_cmn_1/hnf_cache_miss/|1001330840|100.00||
   161.218576910|563524516||arm_cmn_0/hnf_cache_miss/|1001363640|100.00||
   161.218576910|464014916||arm_cmn_1/hnf_cache_miss/|1001363600|100.00||
   162.219996166|663553456||arm_cmn_0/hnf_cache_miss/|1001406760|100.00||
   162.219996166|495255281||arm_cmn_1/hnf_cache_miss/|1001406480|100.00||
   163.221512742|712380645||arm_cmn_0/hnf_cache_miss/|1001530840|100.00||
   163.221512742|596157432||arm_cmn_1/hnf_cache_miss/|1001532040|100.00||
   164.222881358|727550184||arm_cmn_0/hnf_cache_miss/|1001361200|100.00||
   164.222881358|668328017||arm_cmn_1/hnf_cache_miss/|1001360400|100.00||
   165.224016014|719413576||arm_cmn_0/hnf_cache_miss/|1001123840|100.00||
   165.224016014|706808527||arm_cmn_1/hnf_cache_miss/|1001123800|100.00||
   166.225343870|667779311||arm_cmn_0/hnf_cache_miss/|1001336960|100.00||
   166.225343870|713933911||arm_cmn_1/hnf_cache_miss/|1001336600|100.00||
   167.226719446|619974266||arm_cmn_0/hnf_cache_miss/|1001382040|100.00||
   167.226719446|676288258||arm_cmn_1/hnf_cache_miss/|1001381440|100.00||
   168.227995022|653202652||arm_cmn_0/hnf_cache_miss/|1001263440|100.00||
   168.227995022|635568714||arm_cmn_1/hnf_cache_miss/|1001263920|100.00||
   169.229326918|699705743||arm_cmn_0/hnf_cache_miss/|1001338920|100.00||
   169.229326918|605480652||arm_cmn_1/hnf_cache_miss/|1001338960|100.00||
   170.230687574|774359981||arm_cmn_0/hnf_cache_miss/|1001368240|100.00||
   170.230687574|650992046||arm_cmn_1/hnf_cache_miss/|1001369040|100.00||
   171.231971350|764409400||arm_cmn_0/hnf_cache_miss/|1001262800|100.00||
   171.231971350|698893577||arm_cmn_1/hnf_cache_miss/|1001262200|100.00||
   172.233300206|739224395||arm_cmn_0/hnf_cache_miss/|1001328800|100.00||
   172.233300206|741301138||arm_cmn_1/hnf_cache_miss/|1001328680|100.00||
   173.234948423|644887409||arm_cmn_0/hnf_cache_miss/|1001653400|100.00||
   173.234948423|720094425||arm_cmn_1/hnf_cache_miss/|1001654040|100.00||
   174.235987999|610172812||arm_cmn_0/hnf_cache_miss/|1001024520|100.00||
   174.235987999|696409391||arm_cmn_1/hnf_cache_miss/|1001023400|100.00||
   175.237323615|576122816||arm_cmn_0/hnf_cache_miss/|1001337720|100.00||
   175.237323615|606084888||arm_cmn_1/hnf_cache_miss/|1001338480|100.00||
   176.238694391|644279259||arm_cmn_0/hnf_cache_miss/|1001387840|100.00||
   176.238694391|571785784||arm_cmn_1/hnf_cache_miss/|1001388640|100.00||
   177.239968167|634589726||arm_cmn_0/hnf_cache_miss/|1001258440|100.00||
   177.239968167|571214849||arm_cmn_1/hnf_cache_miss/|1001256600|100.00||
   178.241461103|650184052||arm_cmn_0/hnf_cache_miss/|1001493320|100.00||
   178.241461103|605722850||arm_cmn_1/hnf_cache_miss/|1001494320|100.00||
   179.242791599|598681407||arm_cmn_0/hnf_cache_miss/|1001343600|100.00||
   179.242791599|631660752||arm_cmn_1/hnf_cache_miss/|1001343920|100.00||
   180.243951135|615514938||arm_cmn_0/hnf_cache_miss/|1001134480|100.00||
   180.243951135|626198244||arm_cmn_1/hnf_cache_miss/|1001135400|100.00||
   181.245276431|730681767||arm_cmn_0/hnf_cache_miss/|1001348440|100.00||
   181.245276431|587849159||arm_cmn_1/hnf_cache_miss/|1001346960|100.00||
   182.246638687|756417861||arm_cmn_0/hnf_cache_miss/|1001360160|100.00||
   182.246638687|596476482||arm_cmn_1/hnf_cache_miss/|1001360800|100.00||
   183.247974503|725042738||arm_cmn_0/hnf_cache_miss/|1001321720|100.00||
   183.247974503|698256729||arm_cmn_1/hnf_cache_miss/|1001320800|100.00||
   184.249300119|516670278||arm_cmn_0/hnf_cache_miss/|1001323280|100.00||
   184.249300119|738782942||arm_cmn_1/hnf_cache_miss/|1001323480|100.00||
   185.250622095|437127822||arm_cmn_0/hnf_cache_miss/|1001330480|100.00||
   185.250622095|674200162||arm_cmn_1/hnf_cache_miss/|1001332320|100.00||
   186.251910871|449343933||arm_cmn_0/hnf_cache_miss/|1001269640|100.00||
   186.251910871|497033518||arm_cmn_1/hnf_cache_miss/|1001269120|100.00||
   187.253228567|524416395||arm_cmn_0/hnf_cache_miss/|1001325960|100.00||
   187.253228567|425896937||arm_cmn_1/hnf_cache_miss/|1001325040|100.00||
   188.254721784|612388329||arm_cmn_0/hnf_cache_miss/|1001502760|100.00||
   188.254721784|444662290||arm_cmn_1/hnf_cache_miss/|1001503360|100.00||
   189.256003800|660468163||arm_cmn_0/hnf_cache_miss/|1001264040|100.00||
   189.256003800|499417302||arm_cmn_1/hnf_cache_miss/|1001263680|100.00||
   190.257334616|725163564||arm_cmn_0/hnf_cache_miss/|1001344600|100.00||
   190.257334616|599777120||arm_cmn_1/hnf_cache_miss/|1001343600|100.00||
   191.258680992|787826756||arm_cmn_0/hnf_cache_miss/|1001360080|100.00||
   191.258680992|673667935||arm_cmn_1/hnf_cache_miss/|1001361400|100.00||
   192.259995528|813102911||arm_cmn_0/hnf_cache_miss/|1001282440|100.00||
   192.259995528|708355943||arm_cmn_1/hnf_cache_miss/|1001282280|100.00||
   193.261591944|852001537||arm_cmn_0/hnf_cache_miss/|1001621920|100.00||
   193.261591944|755283261||arm_cmn_1/hnf_cache_miss/|1001622920|100.00||
   194.262994720|849856190||arm_cmn_0/hnf_cache_miss/|1001395160|100.00||
   194.262994720|791451700||arm_cmn_1/hnf_cache_miss/|1001394280|100.00||
   195.263938696|749627112||arm_cmn_0/hnf_cache_miss/|1000927360|100.00||
   195.263938696|838450208||arm_cmn_1/hnf_cache_miss/|1000926920|100.00||
   196.265255472|608902859||arm_cmn_0/hnf_cache_miss/|1001307600|100.00||
   196.265255472|825547889||arm_cmn_1/hnf_cache_miss/|1001306640|100.00||
   197.266561048|492834376||arm_cmn_0/hnf_cache_miss/|1001326560|100.00||
   197.266561048|733243280||arm_cmn_1/hnf_cache_miss/|1001328080|100.00||
   198.267887024|482548271||arm_cmn_0/hnf_cache_miss/|1001312920|100.00||
   198.267887024|613189722||arm_cmn_1/hnf_cache_miss/|1001312360|100.00||
   199.269218280|564885855||arm_cmn_0/hnf_cache_miss/|1001328200|100.00||
   199.269218280|465718285||arm_cmn_1/hnf_cache_miss/|1001328280|100.00||
   200.270553816|627700914||arm_cmn_0/hnf_cache_miss/|1001345080|100.00||
   200.270553816|468625196||arm_cmn_1/hnf_cache_miss/|1001344240|100.00||
   201.271883912|642765031||arm_cmn_0/hnf_cache_miss/|1001321680|100.00||
   201.271883912|512726484||arm_cmn_1/hnf_cache_miss/|1001321840|100.00||
   202.273208768|652292102||arm_cmn_0/hnf_cache_miss/|1001317200|100.00||
   202.273208768|616803926||arm_cmn_1/hnf_cache_miss/|1001317760|100.00||
   203.274742065|656724597||arm_cmn_0/hnf_cache_miss/|1001555000|100.00||
   203.274742065|651325488||arm_cmn_1/hnf_cache_miss/|1001554400|100.00||
   204.276009761|698116790||arm_cmn_0/hnf_cache_miss/|1001245200|100.00||
   204.276009761|630398155||arm_cmn_1/hnf_cache_miss/|1001245480|100.00||
   205.277334897|715142476||arm_cmn_0/hnf_cache_miss/|1001337840|100.00||
   205.277334897|633794675||arm_cmn_1/hnf_cache_miss/|1001337280|100.00||
   206.278701673|696358797||arm_cmn_0/hnf_cache_miss/|1001368000|100.00||
   206.278701673|660588596||arm_cmn_1/hnf_cache_miss/|1001368880|100.00||
   207.279933769|664265922||arm_cmn_0/hnf_cache_miss/|1001214280|100.00||
   207.279933769|694806649||arm_cmn_1/hnf_cache_miss/|1001214480|100.00||
   208.281462145|645286344||arm_cmn_0/hnf_cache_miss/|1001537080|100.00||
   208.281462145|691016452||arm_cmn_1/hnf_cache_miss/|1001537400|100.00||
   209.282808161|661273442||arm_cmn_0/hnf_cache_miss/|1001358480|100.00||
   209.282808161|642379804||arm_cmn_1/hnf_cache_miss/|1001357640|100.00||
   210.283949417|672320337||arm_cmn_0/hnf_cache_miss/|1001117800|100.00||
   210.283949417|628917878||arm_cmn_1/hnf_cache_miss/|1001118120|100.00||
   211.285273713|744621695||arm_cmn_0/hnf_cache_miss/|1001336920|100.00||
   211.285273713|632401142||arm_cmn_1/hnf_cache_miss/|1001336400|100.00||
   212.286657729|758712273||arm_cmn_0/hnf_cache_miss/|1001381920|100.00||
   212.286657729|669063383||arm_cmn_1/hnf_cache_miss/|1001382440|100.00||
   213.287932545|812876401||arm_cmn_0/hnf_cache_miss/|1001270440|100.00||
   213.287932545|687638487||arm_cmn_1/hnf_cache_miss/|1001270680|100.00||
   214.289287761|756853994||arm_cmn_0/hnf_cache_miss/|1001349400|100.00||
   214.289287761|734743463||arm_cmn_1/hnf_cache_miss/|1001349400|100.00||
   215.290644697|704532249||arm_cmn_0/hnf_cache_miss/|1001374920|100.00||
   215.290644697|773598415||arm_cmn_1/hnf_cache_miss/|1001375640|100.00||
   216.291932193|730996247||arm_cmn_0/hnf_cache_miss/|1001263400|100.00||
   216.291932193|749025452||arm_cmn_1/hnf_cache_miss/|1001261080|100.00||
   217.293273689|714342741||arm_cmn_0/hnf_cache_miss/|1001351520|100.00||
   217.293273689|708035343||arm_cmn_1/hnf_cache_miss/|1001352400|100.00||
   218.294789305|739880037||arm_cmn_0/hnf_cache_miss/|1001520400|100.00||
   218.294789305|686538817||arm_cmn_1/hnf_cache_miss/|1001520880|100.00||
   219.296008761|711034358||arm_cmn_0/hnf_cache_miss/|1001206800|100.00||
   219.296008761|700530382||arm_cmn_1/hnf_cache_miss/|1001205800|100.00||
   220.297342217|671938144||arm_cmn_0/hnf_cache_miss/|1001332680|100.00||
   220.297342217|709826880||arm_cmn_1/hnf_cache_miss/|1001332760|100.00||
   221.298669354|588036385||arm_cmn_0/hnf_cache_miss/|1001339160|100.00||
   221.298669354|689085541||arm_cmn_1/hnf_cache_miss/|1001340320|100.00||
   222.299943370|571167139||arm_cmn_0/hnf_cache_miss/|1001250880|100.00||
   222.299943370|681983088||arm_cmn_1/hnf_cache_miss/|1001249760|100.00||
   223.301485826|509262637||arm_cmn_0/hnf_cache_miss/|1001552280|100.00||
   223.301485826|576133947||arm_cmn_1/hnf_cache_miss/|1001552960|100.00||
   224.302834802|459773559||arm_cmn_0/hnf_cache_miss/|1001353720|100.00||
   224.302834802|540737758||arm_cmn_1/hnf_cache_miss/|1001352680|100.00||
   225.303970858|455656012||arm_cmn_0/hnf_cache_miss/|1001122320|100.00||
   225.303970858|514679755||arm_cmn_1/hnf_cache_miss/|1001123640|100.00||
   226.305283194|419913286||arm_cmn_0/hnf_cache_miss/|1001316240|100.00||
   226.305283194|442746150||arm_cmn_1/hnf_cache_miss/|1001316360|100.00||
   227.306628490|403735115||arm_cmn_0/hnf_cache_miss/|1001346120|100.00||
   227.306628490|438252105||arm_cmn_1/hnf_cache_miss/|1001345880|100.00||
   228.308035346|442647582||arm_cmn_0/hnf_cache_miss/|1001400200|100.00||
   228.308035346|401765198||arm_cmn_1/hnf_cache_miss/|1001400240|100.00||
   229.309360762|454899659||arm_cmn_0/hnf_cache_miss/|1001330280|100.00||
   229.309360762|398193028||arm_cmn_1/hnf_cache_miss/|1001330280|100.00||
   230.310728738|536556576||arm_cmn_0/hnf_cache_miss/|1001373280|100.00||
   230.310728738|421270808||arm_cmn_1/hnf_cache_miss/|1001372360|100.00||
   231.311996354|576021528||arm_cmn_0/hnf_cache_miss/|1001255720|100.00||
   231.311996354|418467176||arm_cmn_1/hnf_cache_miss/|1001256000|100.00||
   232.313317010|599787934||arm_cmn_0/hnf_cache_miss/|1001319960|100.00||
   232.313317010|479050205||arm_cmn_1/hnf_cache_miss/|1001320480|100.00||
   233.314814426|636485115||arm_cmn_0/hnf_cache_miss/|1001517200|100.00||
   233.314814426|558320094||arm_cmn_1/hnf_cache_miss/|1001516360|100.00||
   234.315972162|616977833||arm_cmn_0/hnf_cache_miss/|1001137440|100.00||
   234.315972162|566127345||arm_cmn_1/hnf_cache_miss/|1001138080|100.00||
   235.317290418|480727359||arm_cmn_0/hnf_cache_miss/|1001318000|100.00||
   235.317290418|605898140||arm_cmn_1/hnf_cache_miss/|1001317720|100.00||
   236.318623714|470857438||arm_cmn_0/hnf_cache_miss/|1001338480|100.00||
   236.318623714|597203861||arm_cmn_1/hnf_cache_miss/|1001338960|100.00||
   237.320000451|486158739||arm_cmn_0/hnf_cache_miss/|1001365560|100.00||
   237.320000451|571263248||arm_cmn_1/hnf_cache_miss/|1001364960|100.00||
   238.321488507|521977636||arm_cmn_0/hnf_cache_miss/|1001499840|100.00||
   238.321488507|449328090||arm_cmn_1/hnf_cache_miss/|1001500600|100.00||
   239.322838083|593863225||arm_cmn_0/hnf_cache_miss/|1001358480|100.00||
   239.322838083|456191553||arm_cmn_1/hnf_cache_miss/|1001358080|100.00||
   240.323983659|701830061||arm_cmn_0/hnf_cache_miss/|1001121640|100.00||
   240.323983659|475028347||arm_cmn_1/hnf_cache_miss/|1001121880|100.00||
   241.325330355|738688774||arm_cmn_0/hnf_cache_miss/|1001358360|100.00||
   241.325330355|535854274||arm_cmn_1/hnf_cache_miss/|1001358080|100.00||
   242.326698851|728591655||arm_cmn_0/hnf_cache_miss/|1001369720|100.00||
   242.326698851|622798242||arm_cmn_1/hnf_cache_miss/|1001371040|100.00||
   243.327961147|737120393||arm_cmn_0/hnf_cache_miss/|1001242960|100.00||
   243.327961147|703921350||arm_cmn_1/hnf_cache_miss/|1001242360|100.00||
   244.329309883|767358355||arm_cmn_0/hnf_cache_miss/|1001359040|100.00||
   244.329309883|732493534||arm_cmn_1/hnf_cache_miss/|1001357520|100.00||
   245.330665619|765716331||arm_cmn_0/hnf_cache_miss/|1001367760|100.00||
   245.330665619|716376860||arm_cmn_1/hnf_cache_miss/|1001369000|100.00||
   246.331987355|671795746||arm_cmn_0/hnf_cache_miss/|1001295280|100.00||
   246.331987355|718546500||arm_cmn_1/hnf_cache_miss/|1001294920|100.00||
   247.333314691|676517853||arm_cmn_0/hnf_cache_miss/|1001347120|100.00||
   247.333314691|711811613||arm_cmn_1/hnf_cache_miss/|1001346720|100.00||
   248.334813067|637175993||arm_cmn_0/hnf_cache_miss/|1001497000|100.00||
   248.334813067|733218774||arm_cmn_1/hnf_cache_miss/|1001499840|100.00||
   249.335999683|604954677||arm_cmn_0/hnf_cache_miss/|1001168080|100.00||
   249.335999683|665642883||arm_cmn_1/hnf_cache_miss/|1001165080|100.00||
   250.337357659|624342876||arm_cmn_0/hnf_cache_miss/|1001362040|100.00||
   250.337357659|656834981||arm_cmn_1/hnf_cache_miss/|1001362520|100.00||
   251.338708675|622979991||arm_cmn_0/hnf_cache_miss/|1001359720|100.00||
   251.338708675|604876384||arm_cmn_1/hnf_cache_miss/|1001359760|100.00||
   252.339875811|625825067||arm_cmn_0/hnf_cache_miss/|1001149640|100.00||
   252.339875811|589183437||arm_cmn_1/hnf_cache_miss/|1001149640|100.00||
   253.341349708|679971338||arm_cmn_0/hnf_cache_miss/|1001485120|100.00||
   253.341349708|601803825||arm_cmn_1/hnf_cache_miss/|1001484360|100.00||
   254.342725684|682528197||arm_cmn_0/hnf_cache_miss/|1001372320|100.00||
   254.342725684|592226171||arm_cmn_1/hnf_cache_miss/|1001373040|100.00||
   255.343997940|622720532||arm_cmn_0/hnf_cache_miss/|1001261360|100.00||
   255.343997940|608282845||arm_cmn_1/hnf_cache_miss/|1001260040|100.00||
   256.345322796|595722281||arm_cmn_0/hnf_cache_miss/|1001327960|100.00||
   256.345322796|630886661||arm_cmn_1/hnf_cache_miss/|1001329280|100.00||
   257.346653812|579561037||arm_cmn_0/hnf_cache_miss/|1001343240|100.00||
   257.346653812|636840500||arm_cmn_1/hnf_cache_miss/|1001343280|100.00||
   258.348007268|544949528||arm_cmn_0/hnf_cache_miss/|1001334280|100.00||
   258.348007268|624279146||arm_cmn_1/hnf_cache_miss/|1001333920|100.00||
   259.349322884|509365117||arm_cmn_0/hnf_cache_miss/|1001323280|100.00||
   259.349322884|598359371||arm_cmn_1/hnf_cache_miss/|1001323120|100.00||
   260.350657420|503782892||arm_cmn_0/hnf_cache_miss/|1001337760|100.00||
   260.350657420|538272727||arm_cmn_1/hnf_cache_miss/|1001337600|100.00||
   261.352048356|457914494||arm_cmn_0/hnf_cache_miss/|1001378560|100.00||
   261.352048356|513628851||arm_cmn_1/hnf_cache_miss/|1001378920|100.00||
   262.353366652|462493097||arm_cmn_0/hnf_cache_miss/|1001320560|100.00||
   262.353366652|491275618||arm_cmn_1/hnf_cache_miss/|1001321200|100.00||
   263.354843148|467062029||arm_cmn_0/hnf_cache_miss/|1001490320|100.00||
   263.354843148|458257463||arm_cmn_1/hnf_cache_miss/|1001490520|100.00||
   264.355994604|524021518||arm_cmn_0/hnf_cache_miss/|1001144960|100.00||
   264.355994604|448053496||arm_cmn_1/hnf_cache_miss/|1001144520|100.00||
   265.357353540|590338791||arm_cmn_0/hnf_cache_miss/|1001350680|100.00||
   265.357353540|451994396||arm_cmn_1/hnf_cache_miss/|1001351560|100.00||
   266.358705676|591543651||arm_cmn_0/hnf_cache_miss/|1001372920|100.00||
   266.358705676|471508205||arm_cmn_1/hnf_cache_miss/|1001371440|100.00||
   267.360066212|623574882||arm_cmn_0/hnf_cache_miss/|1001346200|100.00||
   267.360066212|503698260||arm_cmn_1/hnf_cache_miss/|1001347360|100.00||
   268.361687429|619990537||arm_cmn_0/hnf_cache_miss/|1001615280|100.00||
   268.361687429|551310162||arm_cmn_1/hnf_cache_miss/|1001614720|100.00||
   269.363051365|653920202||arm_cmn_0/hnf_cache_miss/|1001356680|100.00||
   269.363051365|582776876||arm_cmn_1/hnf_cache_miss/|1001357240|100.00||
   270.363987581|648658816||arm_cmn_0/hnf_cache_miss/|1000926960|100.00||
   270.363987581|614622758||arm_cmn_1/hnf_cache_miss/|1000926320|100.00||
   271.365306957|589811120||arm_cmn_0/hnf_cache_miss/|1001323400|100.00||
   271.365306957|615794187||arm_cmn_1/hnf_cache_miss/|1001322920|100.00||
   272.366645853|580093501||arm_cmn_0/hnf_cache_miss/|1001348640|100.00||
   272.366645853|601517770||arm_cmn_1/hnf_cache_miss/|1001348880|100.00||
   273.367898949|468870827||arm_cmn_0/hnf_cache_miss/|1001243040|100.00||
   273.367898949|619912399||arm_cmn_1/hnf_cache_miss/|1001243440|100.00||
   274.369222165|518887090||arm_cmn_0/hnf_cache_miss/|1001325840|100.00||
   274.369222165|579696644||arm_cmn_1/hnf_cache_miss/|1001325520|100.00||
   275.370579381|615917932||arm_cmn_0/hnf_cache_miss/|1001361800|100.00||
   275.370579381|552942848||arm_cmn_1/hnf_cache_miss/|1001362440|100.00||
   276.372000957|641615694||arm_cmn_0/hnf_cache_miss/|1001411320|100.00||
   276.372000957|510699357||arm_cmn_1/hnf_cache_miss/|1001410600|100.00||
   277.373381373|743447918||arm_cmn_0/hnf_cache_miss/|1001396080|100.00||
   277.373381373|496278045||arm_cmn_1/hnf_cache_miss/|1001396560|100.00||
   278.374947469|765060506||arm_cmn_0/hnf_cache_miss/|1001563280|100.00||
   278.374947469|567560271||arm_cmn_1/hnf_cache_miss/|1001563240|100.00||
   279.376049045|744346539||arm_cmn_0/hnf_cache_miss/|1001086200|100.00||
   279.376049045|618972943||arm_cmn_1/hnf_cache_miss/|1001085440|100.00||
   280.377398381|747765580||arm_cmn_0/hnf_cache_miss/|1001362040|100.00||
   280.377398381|700115057||arm_cmn_1/hnf_cache_miss/|1001363760|100.00||
   281.378806357|725992362||arm_cmn_0/hnf_cache_miss/|1001409960|100.00||
   281.378806357|765763727||arm_cmn_1/hnf_cache_miss/|1001407960|100.00||
   282.379972133|655885324||arm_cmn_0/hnf_cache_miss/|1001145120|100.00||
   282.379972133|734029322||arm_cmn_1/hnf_cache_miss/|1001146760|100.00||
   283.381482110|727306451||arm_cmn_0/hnf_cache_miss/|1001527480|100.00||
   283.381482110|742869981||arm_cmn_1/hnf_cache_miss/|1001526680|100.00||
   284.382845566|736152350||arm_cmn_0/hnf_cache_miss/|1001369040|100.00||
   284.382845566|701009929||arm_cmn_1/hnf_cache_miss/|1001369440|100.00||
   285.383966901|746271630||arm_cmn_0/hnf_cache_miss/|1001098600|100.00||
   285.383966901|680184013||arm_cmn_1/hnf_cache_miss/|1001097760|100.00||
   286.385303678|741622343||arm_cmn_0/hnf_cache_miss/|1001351440|100.00||
   286.385303678|670726173||arm_cmn_1/hnf_cache_miss/|1001351240|100.00||
   287.386687214|744790183||arm_cmn_0/hnf_cache_miss/|1001389160|100.00||
   287.386687214|708534995||arm_cmn_1/hnf_cache_miss/|1001390440|100.00||
   288.387963230|743633797||arm_cmn_0/hnf_cache_miss/|1001260400|100.00||
   288.387963230|702576767||arm_cmn_1/hnf_cache_miss/|1001260320|100.00||
   289.389333806|673937273||arm_cmn_0/hnf_cache_miss/|1001375240|100.00||
   289.389333806|734939366||arm_cmn_1/hnf_cache_miss/|1001374800|100.00||
   290.390713982|657766725||arm_cmn_0/hnf_cache_miss/|1001382680|100.00||
   290.390713982|717948371||arm_cmn_1/hnf_cache_miss/|1001382320|100.00||
   291.391900598|667313828||arm_cmn_0/hnf_cache_miss/|1001163040|100.00||
   291.391900598|713113048||arm_cmn_1/hnf_cache_miss/|1001163360|100.00||
   292.393252654|606860421||arm_cmn_0/hnf_cache_miss/|1001366680|100.00||
   292.393252654|671561713||arm_cmn_1/hnf_cache_miss/|1001366520|100.00||
   293.394953990|615711843||arm_cmn_0/hnf_cache_miss/|1001708400|100.00||
   293.394953990|647451598||arm_cmn_1/hnf_cache_miss/|1001707400|100.00||
   294.395942846|611784684||arm_cmn_0/hnf_cache_miss/|1000968640|100.00||
   294.395942846|618914213||arm_cmn_1/hnf_cache_miss/|1000969840|100.00||
   295.397319662|600571020||arm_cmn_0/hnf_cache_miss/|1001376360|100.00||
   295.397319662|607423419||arm_cmn_1/hnf_cache_miss/|1001376440|100.00||
   296.398661998|607842862||arm_cmn_0/hnf_cache_miss/|1001355920|100.00||
   296.398661998|597250937||arm_cmn_1/hnf_cache_miss/|1001356120|100.00||
   297.400013414|618496454||arm_cmn_0/hnf_cache_miss/|1001333080|100.00||
   297.400013414|598337169||arm_cmn_1/hnf_cache_miss/|1001334000|100.00||
   298.401746231|606584423||arm_cmn_0/hnf_cache_miss/|1001752280|100.00||
   298.401746231|579365202||arm_cmn_1/hnf_cache_miss/|1001750720|100.00||
   299.403129487|559774969||arm_cmn_0/hnf_cache_miss/|1001374320|100.00||
   299.403129487|574024503||arm_cmn_1/hnf_cache_miss/|1001374800|100.00||
   300.403974662|600691976||arm_cmn_0/hnf_cache_miss/|1000836600|100.00||
   300.403974662|578479148||arm_cmn_1/hnf_cache_miss/|1000836120|100.00||
   301.405315678|665231508||arm_cmn_0/hnf_cache_miss/|1001350920|100.00||
   301.405315678|573949861||arm_cmn_1/hnf_cache_miss/|1001351600|100.00||
   302.406703774|674171377||arm_cmn_0/hnf_cache_miss/|1001382520|100.00||
   302.406703774|583635318||arm_cmn_1/hnf_cache_miss/|1001381760|100.00||
   303.407976350|711765636||arm_cmn_0/hnf_cache_miss/|1001258600|100.00||
   303.407976350|574648856||arm_cmn_1/hnf_cache_miss/|1001259400|100.00||
   304.409307046|668704948||arm_cmn_0/hnf_cache_miss/|1001341840|100.00||
   304.409307046|604944960||arm_cmn_1/hnf_cache_miss/|1001341320|100.00||
   305.410694503|607190945||arm_cmn_0/hnf_cache_miss/|1001374680|100.00||
   305.410694503|637330196||arm_cmn_1/hnf_cache_miss/|1001374600|100.00||
   306.411997919|656614386||arm_cmn_0/hnf_cache_miss/|1001322320|100.00||
   306.411997919|666097288||arm_cmn_1/hnf_cache_miss/|1001321800|100.00||
   307.413336855|572270769||arm_cmn_0/hnf_cache_miss/|1001326280|100.00||
   307.413336855|673619148||arm_cmn_1/hnf_cache_miss/|1001327080|100.00||
   308.414957471|473349712||arm_cmn_0/hnf_cache_miss/|1001618040|100.00||
   308.414957471|645673258||arm_cmn_1/hnf_cache_miss/|1001617640|100.00||
   309.415971207|530071514||arm_cmn_0/hnf_cache_miss/|1001012520|100.00||
   309.415971207|580013064||arm_cmn_1/hnf_cache_miss/|1001013040|100.00||
   310.417301343|600540914||arm_cmn_0/hnf_cache_miss/|1001322400|100.00||
   310.417301343|591578460||arm_cmn_1/hnf_cache_miss/|1001322000|100.00||
   311.418640479|577541567||arm_cmn_0/hnf_cache_miss/|1001337640|100.00||
   311.418640479|548778076||arm_cmn_1/hnf_cache_miss/|1001337880|100.00||
   312.420010335|640968795||arm_cmn_0/hnf_cache_miss/|1001382280|100.00||
   312.420010335|510150282||arm_cmn_1/hnf_cache_miss/|1001381680|100.00||
   313.421556751|598511910||arm_cmn_0/hnf_cache_miss/|1001539200|100.00||
   313.421556751|509424869||arm_cmn_1/hnf_cache_miss/|1001539440|100.00||
   314.422919807|598632865||arm_cmn_0/hnf_cache_miss/|1001365440|100.00||
   314.422919807|571651961||arm_cmn_1/hnf_cache_miss/|1001365400|100.00||
   315.423966743|650992592||arm_cmn_0/hnf_cache_miss/|1001035960|100.00||
   315.423966743|549694150||arm_cmn_1/hnf_cache_miss/|1001036120|100.00||
   316.425297359|633439469||arm_cmn_0/hnf_cache_miss/|1001342640|100.00||
   316.425297359|621639228||arm_cmn_1/hnf_cache_miss/|1001342560|100.00||
   317.426653895|622096267||arm_cmn_0/hnf_cache_miss/|1001364320|100.00||
   317.426653895|599792474||arm_cmn_1/hnf_cache_miss/|1001364760|100.00||
   318.427965271|629401792||arm_cmn_0/hnf_cache_miss/|1001289840|100.00||
   318.427965271|594850241||arm_cmn_1/hnf_cache_miss/|1001289840|100.00||
   319.429305087|677748576||arm_cmn_0/hnf_cache_miss/|1001351400|100.00||
   319.429305087|631195083||arm_cmn_1/hnf_cache_miss/|1001351320|100.00||
   320.430689263|653667689||arm_cmn_0/hnf_cache_miss/|1001393480|100.00||
   320.430689263|605277103||arm_cmn_1/hnf_cache_miss/|1001392920|100.00||
   321.431991119|657840080||arm_cmn_0/hnf_cache_miss/|1001276120|100.00||
   321.431991119|624321902||arm_cmn_1/hnf_cache_miss/|1001276640|100.00||
   322.433330456|612336386||arm_cmn_0/hnf_cache_miss/|1001346600|100.00||
   322.433330456|625898778||arm_cmn_1/hnf_cache_miss/|1001347000|100.00||
   323.434912512|583171587||arm_cmn_0/hnf_cache_miss/|1001589680|100.00||
   323.434912512|634662746||arm_cmn_1/hnf_cache_miss/|1001589640|100.00||
   324.435963448|615441817||arm_cmn_0/hnf_cache_miss/|1001035600|100.00||
   324.435963448|614967167||arm_cmn_1/hnf_cache_miss/|1001035480|100.00||
   325.437300944|596362580||arm_cmn_0/hnf_cache_miss/|1001350720|100.00||
   325.437300944|633936563||arm_cmn_1/hnf_cache_miss/|1001351160|100.00||
   326.438689000|585945503||arm_cmn_0/hnf_cache_miss/|1001387640|100.00||
   326.438689000|594032145||arm_cmn_1/hnf_cache_miss/|1001386800|100.00||
   327.440007976|586353885||arm_cmn_0/hnf_cache_miss/|1001301360|100.00||
   327.440007976|568609985||arm_cmn_1/hnf_cache_miss/|1001301920|100.00||
   328.441604832|671649518||arm_cmn_0/hnf_cache_miss/|1001610120|100.00||
   328.441604832|568393846||arm_cmn_1/hnf_cache_miss/|1001609560|100.00||
   329.442983128|662423302||arm_cmn_0/hnf_cache_miss/|1001382040|100.00||
   329.442983128|575076354||arm_cmn_1/hnf_cache_miss/|1001382840|100.00||
   330.443980784|669210313||arm_cmn_0/hnf_cache_miss/|1000970280|100.00||
   330.443980784|579726137||arm_cmn_1/hnf_cache_miss/|1000969760|100.00||
   331.445315200|732285050||arm_cmn_0/hnf_cache_miss/|1001358960|100.00||
   331.445315200|587546121||arm_cmn_1/hnf_cache_miss/|1001358920|100.00||
   332.446709896|713972342||arm_cmn_0/hnf_cache_miss/|1001384600|100.00||
   332.446709896|614690334||arm_cmn_1/hnf_cache_miss/|1001384280|100.00||
   333.448000552|645400532||arm_cmn_0/hnf_cache_miss/|1001282240|100.00||
   333.448000552|654682813||arm_cmn_1/hnf_cache_miss/|1001282000|100.00||
   334.449340768|682061332||arm_cmn_0/hnf_cache_miss/|1001349200|100.00||
   334.449340768|659235606||arm_cmn_1/hnf_cache_miss/|1001350040|100.00||
   335.450700864|652138792||arm_cmn_0/hnf_cache_miss/|1001366760|100.00||
   335.450700864|690467224||arm_cmn_1/hnf_cache_miss/|1001368360|100.00||
   336.451991480|536911988||arm_cmn_0/hnf_cache_miss/|1001267240|100.00||
   336.451991480|671111055||arm_cmn_1/hnf_cache_miss/|1001264760|100.00||
   337.453338737|601196447||arm_cmn_0/hnf_cache_miss/|1001367360|100.00||
   337.453338737|640689508||arm_cmn_1/hnf_cache_miss/|1001368280|100.00||
   338.454906913|655036724||arm_cmn_0/hnf_cache_miss/|1001567680|100.00||
   338.454906913|643135395||arm_cmn_1/hnf_cache_miss/|1001565680|100.00||
   339.455987049|568779876||arm_cmn_0/hnf_cache_miss/|1001061960|100.00||
   339.455987049|634376393||arm_cmn_1/hnf_cache_miss/|1001063920|100.00||
   340.457326265|473555374||arm_cmn_0/hnf_cache_miss/|1001344200|100.00||
   340.457326265|563964081||arm_cmn_1/hnf_cache_miss/|1001343800|100.00||
   341.458662281|596242567||arm_cmn_0/hnf_cache_miss/|1001347120|100.00||
   341.458662281|554169775||arm_cmn_1/hnf_cache_miss/|1001346520|100.00||
   342.459892977|630645582||arm_cmn_0/hnf_cache_miss/|1001217120|100.00||
   342.459892977|599297832||arm_cmn_1/hnf_cache_miss/|1001217720|100.00||
   343.461458433|552152346||arm_cmn_0/hnf_cache_miss/|1001574000|100.00||
   343.461458433|577097850||arm_cmn_1/hnf_cache_miss/|1001573320|100.00||
   344.462833809|525662394||arm_cmn_0/hnf_cache_miss/|1001364640|100.00||
   344.462833809|513252556||arm_cmn_1/hnf_cache_miss/|1001364880|100.00||
   345.463996425|631830688||arm_cmn_0/hnf_cache_miss/|1001159240|100.00||
   345.463996425|523753497||arm_cmn_1/hnf_cache_miss/|1001160080|100.00||
   346.465361641|647388207||arm_cmn_0/hnf_cache_miss/|1001367720|100.00||
   346.465361641|586263813||arm_cmn_1/hnf_cache_miss/|1001368160|100.00||
   347.466726177|614671298||arm_cmn_0/hnf_cache_miss/|1001369360|100.00||
   347.466726177|549753735||arm_cmn_1/hnf_cache_miss/|1001368480|100.00||
   348.467929273|586831457||arm_cmn_0/hnf_cache_miss/|1001193960|100.00||
   348.467929273|541294822||arm_cmn_1/hnf_cache_miss/|1001193800|100.00||
   349.469261129|628846480||arm_cmn_0/hnf_cache_miss/|1001337120|100.00||
   349.469261129|589738886||arm_cmn_1/hnf_cache_miss/|1001336680|100.00||
   350.470627345|605803098||arm_cmn_0/hnf_cache_miss/|1001374480|100.00||
   350.470627345|616527752||arm_cmn_1/hnf_cache_miss/|1001375120|100.00||
   351.471974001|598909346||arm_cmn_0/hnf_cache_miss/|1001320520|100.00||
   351.471974001|586263871||arm_cmn_1/hnf_cache_miss/|1001320400|100.00||
   352.473315777|644860854||arm_cmn_0/hnf_cache_miss/|1001349800|100.00||
   352.473315777|602140351||arm_cmn_1/hnf_cache_miss/|1001349320|100.00||
   353.474843474|606485815||arm_cmn_0/hnf_cache_miss/|1001540760|100.00||
   353.474843474|583473584||arm_cmn_1/hnf_cache_miss/|1001540800|100.00||
   354.475973690|604140102||arm_cmn_0/hnf_cache_miss/|1001116680|100.00||
   354.475973690|611492790||arm_cmn_1/hnf_cache_miss/|1001118360|100.00||
   355.478860707|619796887||arm_cmn_0/hnf_cache_miss/|1002898840|100.00||
   355.478860707|571919480||arm_cmn_1/hnf_cache_miss/|1002897880|100.00||
   356.479974203|641610038||arm_cmn_0/hnf_cache_miss/|1001095120|100.00||
   356.479974203|593451333||arm_cmn_1/hnf_cache_miss/|1001095520|100.00||
   357.481319139|672435340||arm_cmn_0/hnf_cache_miss/|1001355920|100.00||
   357.481319139|623055697||arm_cmn_1/hnf_cache_miss/|1001355240|100.00||
   358.482874515|601859371||arm_cmn_0/hnf_cache_miss/|1001551360|100.00||
   358.482874515|598175764||arm_cmn_1/hnf_cache_miss/|1001551520|100.00||
   359.484008331|567329813||arm_cmn_0/hnf_cache_miss/|1001118920|100.00||
   359.484008331|608288468||arm_cmn_1/hnf_cache_miss/|1001118560|100.00||
   360.485379307|598124964||arm_cmn_0/hnf_cache_miss/|1001380520|100.00||
   360.485379307|602782315||arm_cmn_1/hnf_cache_miss/|1001380960|100.00||
   361.486764443|544650446||arm_cmn_0/hnf_cache_miss/|1001392520|100.00||
   361.486764443|608154381||arm_cmn_1/hnf_cache_miss/|1001392080|100.00||
   362.487990499|492700323||arm_cmn_0/hnf_cache_miss/|1001210760|100.00||
   362.487990499|621858878||arm_cmn_1/hnf_cache_miss/|1001210280|100.00||
   363.489531276|495563945||arm_cmn_0/hnf_cache_miss/|1001545480|100.00||
   363.489531276|545605507||arm_cmn_1/hnf_cache_miss/|1001546800|100.00||
   364.490878772|520190003||arm_cmn_0/hnf_cache_miss/|1001367440|100.00||
   364.490878772|541733234||arm_cmn_1/hnf_cache_miss/|1001367080|100.00||
   365.491978028|519744542||arm_cmn_0/hnf_cache_miss/|1001071760|100.00||
   365.491978028|553899104||arm_cmn_1/hnf_cache_miss/|1001071840|100.00||
   366.493328844|526823054||arm_cmn_0/hnf_cache_miss/|1001361800|100.00||
   366.493328844|503134488||arm_cmn_1/hnf_cache_miss/|1001361480|100.00||
   367.494699620|541981957||arm_cmn_0/hnf_cache_miss/|1001380760|100.00||
   367.494699620|473292561||arm_cmn_1/hnf_cache_miss/|1001383000|100.00||
   368.495993436|503188093||arm_cmn_0/hnf_cache_miss/|1001282560|100.00||
   368.495993436|513230385||arm_cmn_1/hnf_cache_miss/|1001281160|100.00||
   369.497350252|465982761||arm_cmn_0/hnf_cache_miss/|1001349760|100.00||
   369.497350252|491644590||arm_cmn_1/hnf_cache_miss/|1001348640|100.00||
   370.498711028|491365071||arm_cmn_0/hnf_cache_miss/|1001371720|100.00||
   370.498711028|473030829||arm_cmn_1/hnf_cache_miss/|1001371600|100.00||
   371.500001764|512300031||arm_cmn_0/hnf_cache_miss/|1001273840|100.00||
   371.500001764|511578015||arm_cmn_1/hnf_cache_miss/|1001274480|100.00||
   372.501355500|459052111||arm_cmn_0/hnf_cache_miss/|1001350040|100.00||
   372.501355500|492533761||arm_cmn_1/hnf_cache_miss/|1001350600|100.00||
   373.502878876|463837563||arm_cmn_0/hnf_cache_miss/|1001523720|100.00||
   373.502878876|486258062||arm_cmn_1/hnf_cache_miss/|1001522200|100.00||
   374.503955852|525124317||arm_cmn_0/hnf_cache_miss/|1001075120|100.00||
   374.503955852|452551111||arm_cmn_1/hnf_cache_miss/|1001075560|100.00||
   375.505300388|491545524||arm_cmn_0/hnf_cache_miss/|1001351320|100.00||
   375.505300388|466656735||arm_cmn_1/hnf_cache_miss/|1001351080|100.00||
   376.506659324|497731946||arm_cmn_0/hnf_cache_miss/|1001358120|100.00||
   376.506659324|493276016||arm_cmn_1/hnf_cache_miss/|1001359360|100.00||
   377.507994140|527157756||arm_cmn_0/hnf_cache_miss/|1001323160|100.00||
   377.507994140|443576635||arm_cmn_1/hnf_cache_miss/|1001322320|100.00||
   378.509502837|485993927||arm_cmn_0/hnf_cache_miss/|1001512160|100.00||
   378.509502837|461411900||arm_cmn_1/hnf_cache_miss/|1001511360|100.00||
   379.510882693|487454300||arm_cmn_0/hnf_cache_miss/|1001392000|100.00||
   379.510882693|500673254||arm_cmn_1/hnf_cache_miss/|1001393040|100.00||
   380.511972429|542874842||arm_cmn_0/hnf_cache_miss/|1001077040|100.00||
   380.511972429|464803047||arm_cmn_1/hnf_cache_miss/|1001076520|100.00||
   381.513312485|551812447||arm_cmn_0/hnf_cache_miss/|1001350600|100.00||
   381.513312485|484357635||arm_cmn_1/hnf_cache_miss/|1001352040|100.00||
   382.514678861|500830733||arm_cmn_0/hnf_cache_miss/|1001357160|100.00||
   382.514678861|517400863||arm_cmn_1/hnf_cache_miss/|1001355840|100.00||
   383.515985077|572540687||arm_cmn_0/hnf_cache_miss/|1001287480|100.00||
   383.515985077|485462452||arm_cmn_1/hnf_cache_miss/|1001287120|100.00||
   384.517304533|545764921||arm_cmn_0/hnf_cache_miss/|1001332720|100.00||
   384.517304533|466928467||arm_cmn_1/hnf_cache_miss/|1001333720|100.00||
   385.518667469|584921289||arm_cmn_0/hnf_cache_miss/|1001378120|100.00||
   385.518667469|523798079||arm_cmn_1/hnf_cache_miss/|1001379960|100.00||
   386.520006685|619469708||arm_cmn_0/hnf_cache_miss/|1001313720|100.00||
   386.520006685|540671890||arm_cmn_1/hnf_cache_miss/|1001311400|100.00||
   387.521345061|606254564||arm_cmn_0/hnf_cache_miss/|1001352840|100.00||
   387.521345061|489561744||arm_cmn_1/hnf_cache_miss/|1001352480|100.00||
   388.522886677|621823904||arm_cmn_0/hnf_cache_miss/|1001540200|100.00||
   388.522886677|552003279||arm_cmn_1/hnf_cache_miss/|1001540000|100.00||
   389.523984493|649388931||arm_cmn_0/hnf_cache_miss/|1001085800|100.00||
   389.523984493|573635882||arm_cmn_1/hnf_cache_miss/|1001086640|100.00||
   390.525328229|626777075||arm_cmn_0/hnf_cache_miss/|1001339280|100.00||
   390.525328229|567267119||arm_cmn_1/hnf_cache_miss/|1001339080|100.00||
   391.526687925|562945497||arm_cmn_0/hnf_cache_miss/|1001360400|100.00||
   391.526687925|602236215||arm_cmn_1/hnf_cache_miss/|1001360240|100.00||
   392.527990421|507335607||arm_cmn_0/hnf_cache_miss/|1001295440|100.00||
   392.527990421|601071426||arm_cmn_1/hnf_cache_miss/|1001295120|100.00||
   393.529846718|471322897||arm_cmn_0/hnf_cache_miss/|1001881320|100.00||
   393.529846718|593502366||arm_cmn_1/hnf_cache_miss/|1001883640|100.00||
   394.531255574|444846473||arm_cmn_0/hnf_cache_miss/|1001396480|100.00||
   394.531255574|602765559||arm_cmn_1/hnf_cache_miss/|1001395000|100.00||
   395.383829273|310297391||arm_cmn_0/hnf_cache_miss/|852620920|100.00||
   395.383829273|523611034||arm_cmn_1/hnf_cache_miss/|852624400|100.00||
