     1.001053576|105583802||arm_cmn_0/hnf_cache_miss/|1001291880|100.00||
     1.001053576|99437082||arm_cmn_1/hnf_cache_miss/|1001281760|100.00||
     2.002463992|37789397||arm_cmn_0/hnf_cache_miss/|1001392280|100.00||
     2.002463992|34739224||arm_cmn_1/hnf_cache_miss/|1001389560|100.00||
     3.003768568|38713151||arm_cmn_0/hnf_cache_miss/|1001510000|100.00||
     3.003768568|36111661||arm_cmn_1/hnf_cache_miss/|1001509480|100.00||
     4.005276985|37813238||arm_cmn_0/hnf_cache_miss/|1001308720|100.00||
     4.005276985|35460882||arm_cmn_1/hnf_cache_miss/|1001310560|100.00||
     5.006594161|37339968||arm_cmn_0/hnf_cache_miss/|1001315640|100.00||
     5.006594161|35444566||arm_cmn_1/hnf_cache_miss/|1001315720|100.00||
     6.007927617|38304047||arm_cmn_0/hnf_cache_miss/|1001336640|100.00||
     6.007927617|36291068||arm_cmn_1/hnf_cache_miss/|1001335960|100.00||
     7.009253473|39367873||arm_cmn_0/hnf_cache_miss/|1001323000|100.00||
     7.009253473|36667078||arm_cmn_1/hnf_cache_miss/|1001323280|100.00||
     8.010575489|39369984||arm_cmn_0/hnf_cache_miss/|1001323840|100.00||
     8.010575489|36712326||arm_cmn_1/hnf_cache_miss/|1001324600|100.00||
     9.011987985|38903725||arm_cmn_0/hnf_cache_miss/|1001407000|100.00||
     9.011987985|36520672||arm_cmn_1/hnf_cache_miss/|1001406120|100.00||
    10.013313001|38903904||arm_cmn_0/hnf_cache_miss/|1001327840|100.00||
    10.013313001|36371856||arm_cmn_1/hnf_cache_miss/|1001327840|100.00||
    11.014661817|38984728||arm_cmn_0/hnf_cache_miss/|1001349840|100.00||
    11.014661817|36483522||arm_cmn_1/hnf_cache_miss/|1001350600|100.00||
    12.015935833|38889483||arm_cmn_0/hnf_cache_miss/|1001269440|100.00||
    12.015935833|36518503||arm_cmn_1/hnf_cache_miss/|1001269520|100.00||
    13.017258249|38945588||arm_cmn_0/hnf_cache_miss/|1001316240|100.00||
    13.017258249|36474758||arm_cmn_1/hnf_cache_miss/|1001314480|100.00||
    14.018567105|38934844||arm_cmn_0/hnf_cache_miss/|1001309880|100.00||
    14.018567105|36439248||arm_cmn_1/hnf_cache_miss/|1001311400|100.00||
    15.019886761|38927686||arm_cmn_0/hnf_cache_miss/|1001351160|100.00||
    15.019886761|36258741||arm_cmn_1/hnf_cache_miss/|1001351000|100.00||
    16.021231017|38787133||arm_cmn_0/hnf_cache_miss/|1001311840|100.00||
    16.021231017|36405138||arm_cmn_1/hnf_cache_miss/|1001310440|100.00||
    17.022551193|38884698||arm_cmn_0/hnf_cache_miss/|1001322880|100.00||
    17.022551193|36560684||arm_cmn_1/hnf_cache_miss/|1001324000|100.00||
    18.023927209|38831341||arm_cmn_0/hnf_cache_miss/|1001370520|100.00||
    18.023927209|36520444||arm_cmn_1/hnf_cache_miss/|1001370080|100.00||
    19.025245505|38961323||arm_cmn_0/hnf_cache_miss/|1001320000|100.00||
    19.025245505|36579887||arm_cmn_1/hnf_cache_miss/|1001320480|100.00||
    20.026573282|38675977||arm_cmn_0/hnf_cache_miss/|1001327160|100.00||
    20.026573282|36464483||arm_cmn_1/hnf_cache_miss/|1001327160|100.00||
    21.027877178|38931414||arm_cmn_0/hnf_cache_miss/|1001294880|100.00||
    21.027877178|36582765||arm_cmn_1/hnf_cache_miss/|1001294240|100.00||
    22.029220074|38937946||arm_cmn_0/hnf_cache_miss/|1001351760|100.00||
    22.029220074|36441057||arm_cmn_1/hnf_cache_miss/|1001351560|100.00||
    23.030555170|39201070||arm_cmn_0/hnf_cache_miss/|1001334280|100.00||
    23.030555170|36576088||arm_cmn_1/hnf_cache_miss/|1001335320|100.00||
    24.031992426|38789924||arm_cmn_0/hnf_cache_miss/|1001446440|100.00||
    24.031992426|36308713||arm_cmn_1/hnf_cache_miss/|1001445720|100.00||
    25.033368402|39060157||arm_cmn_0/hnf_cache_miss/|1001365680|100.00||
    25.033368402|36477914||arm_cmn_1/hnf_cache_miss/|1001365920|100.00||
    26.034697658|38720943||arm_cmn_0/hnf_cache_miss/|1001327640|100.00||
    26.034697658|36477097||arm_cmn_1/hnf_cache_miss/|1001327800|100.00||
    27.035999114|38927212||arm_cmn_0/hnf_cache_miss/|1001297440|100.00||
    27.035999114|36337670||arm_cmn_1/hnf_cache_miss/|1001298280|100.00||
    28.037325090|38923263||arm_cmn_0/hnf_cache_miss/|1001324640|100.00||
    28.037325090|36443935||arm_cmn_1/hnf_cache_miss/|1001325520|100.00||
    29.038653306|39020116||arm_cmn_0/hnf_cache_miss/|1001335000|100.00||
    29.038653306|36489391||arm_cmn_1/hnf_cache_miss/|1001333400|100.00||
    30.039979762|38843524||arm_cmn_0/hnf_cache_miss/|1001321240|100.00||
    30.039979762|36360135||arm_cmn_1/hnf_cache_miss/|1001322160|100.00||
    31.041299378|39033508||arm_cmn_0/hnf_cache_miss/|1001315160|100.00||
    31.041299378|36443748||arm_cmn_1/hnf_cache_miss/|1001314640|100.00||
    32.042620674|38976124||arm_cmn_0/hnf_cache_miss/|1001321800|100.00||
    32.042620674|36425366||arm_cmn_1/hnf_cache_miss/|1001320480|100.00||
    33.043948810|38768111||arm_cmn_0/hnf_cache_miss/|1001317560|100.00||
    33.043948810|36374581||arm_cmn_1/hnf_cache_miss/|1001317440|100.00||
    34.045295346|38773194||arm_cmn_0/hnf_cache_miss/|1001352960|100.00||
    34.045295346|36347981||arm_cmn_1/hnf_cache_miss/|1001353360|100.00||
    35.046634003|38951828||arm_cmn_0/hnf_cache_miss/|1001336240|100.00||
    35.046634003|36283930||arm_cmn_1/hnf_cache_miss/|1001337160|100.00||
    36.047961339|38826803||arm_cmn_0/hnf_cache_miss/|1001326000|100.00||
    36.047961339|36360947||arm_cmn_1/hnf_cache_miss/|1001325320|100.00||
    37.049292755|39066816||arm_cmn_0/hnf_cache_miss/|1001332400|100.00||
    37.049292755|36419508||arm_cmn_1/hnf_cache_miss/|1001332440|100.00||
    38.050637291|38865158||arm_cmn_0/hnf_cache_miss/|1001351800|100.00||
    38.050637291|36168480||arm_cmn_1/hnf_cache_miss/|1001351480|100.00||
    39.051989907|38868608||arm_cmn_0/hnf_cache_miss/|1001343960|100.00||
    39.051989907|36380673||arm_cmn_1/hnf_cache_miss/|1001344240|100.00||
    40.053364923|38811106||arm_cmn_0/hnf_cache_miss/|1001368360|100.00||
    40.053364923|36358196||arm_cmn_1/hnf_cache_miss/|1001368480|100.00||
    41.054690419|39092418||arm_cmn_0/hnf_cache_miss/|1001335760|100.00||
    41.054690419|36519680||arm_cmn_1/hnf_cache_miss/|1001334840|100.00||
    42.055917355|38840801||arm_cmn_0/hnf_cache_miss/|1001221200|100.00||
    42.055917355|36462627||arm_cmn_1/hnf_cache_miss/|1001223400|100.00||
    43.057288811|38933068||arm_cmn_0/hnf_cache_miss/|1001369760|100.00||
    43.057288811|36449059||arm_cmn_1/hnf_cache_miss/|1001369000|100.00||
    44.058614827|38747331||arm_cmn_0/hnf_cache_miss/|1001325960|100.00||
    44.058614827|36268229||arm_cmn_1/hnf_cache_miss/|1001327560|100.00||
    45.059973523|38895800||arm_cmn_0/hnf_cache_miss/|1001354920|100.00||
    45.059973523|36351805||arm_cmn_1/hnf_cache_miss/|1001353320|100.00||
    46.061300179|38875743||arm_cmn_0/hnf_cache_miss/|1001323200|100.00||
    46.061300179|36383774||arm_cmn_1/hnf_cache_miss/|1001322840|100.00||
    47.062621115|38668290||arm_cmn_0/hnf_cache_miss/|1001321640|100.00||
    47.062621115|36326957||arm_cmn_1/hnf_cache_miss/|1001321840|100.00||
    48.063982691|38752501||arm_cmn_0/hnf_cache_miss/|1001354640|100.00||
    48.063982691|36358591||arm_cmn_1/hnf_cache_miss/|1001355720|100.00||
    49.065314067|39105131||arm_cmn_0/hnf_cache_miss/|1001331760|100.00||
    49.065314067|36374986||arm_cmn_1/hnf_cache_miss/|1001331080|100.00||
    50.066635403|38720133||arm_cmn_0/hnf_cache_miss/|1001316080|100.00||
    50.066635403|36240116||arm_cmn_1/hnf_cache_miss/|1001315240|100.00||
    51.067986300|38827319||arm_cmn_0/hnf_cache_miss/|1001355920|100.00||
    51.067986300|36368756||arm_cmn_1/hnf_cache_miss/|1001355880|100.00||
    52.069299836|38989027||arm_cmn_0/hnf_cache_miss/|1001314760|100.00||
    52.069299836|36291772||arm_cmn_1/hnf_cache_miss/|1001316640|100.00||
    53.070626572|38848621||arm_cmn_0/hnf_cache_miss/|1001328640|100.00||
    53.070626572|36224332||arm_cmn_1/hnf_cache_miss/|1001327640|100.00||
    54.071952508|38799583||arm_cmn_0/hnf_cache_miss/|1001315880|100.00||
    54.071952508|36379754||arm_cmn_1/hnf_cache_miss/|1001315720|100.00||
    55.073264364|38666086||arm_cmn_0/hnf_cache_miss/|1001310000|100.00||
    55.073264364|36152066||arm_cmn_1/hnf_cache_miss/|1001309840|100.00||
    56.074569020|38636807||arm_cmn_0/hnf_cache_miss/|1001297280|100.00||
    56.074569020|36177381||arm_cmn_1/hnf_cache_miss/|1001297680|100.00||
    57.075909076|39074143||arm_cmn_0/hnf_cache_miss/|1001349280|100.00||
    57.075909076|36299504||arm_cmn_1/hnf_cache_miss/|1001349360|100.00||
    58.077288972|38812831||arm_cmn_0/hnf_cache_miss/|1001379520|100.00||
    58.077288972|36053021||arm_cmn_1/hnf_cache_miss/|1001378200|100.00||
    59.078621668|38865206||arm_cmn_0/hnf_cache_miss/|1001326360|100.00||
    59.078621668|35997106||arm_cmn_1/hnf_cache_miss/|1001327680|100.00||
    60.079965964|38724517||arm_cmn_0/hnf_cache_miss/|1001344360|100.00||
    60.079965964|35932281||arm_cmn_1/hnf_cache_miss/|1001343400|100.00||
    61.081276860|38775016||arm_cmn_0/hnf_cache_miss/|1001308760|100.00||
    61.081276860|36097062||arm_cmn_1/hnf_cache_miss/|1001308880|100.00||
    62.082644036|38668634||arm_cmn_0/hnf_cache_miss/|1001368000|100.00||
    62.082644036|36021036||arm_cmn_1/hnf_cache_miss/|1001367360|100.00||
    63.083897612|38657201||arm_cmn_0/hnf_cache_miss/|1001251880|100.00||
    63.083897612|35990261||arm_cmn_1/hnf_cache_miss/|1001252520|100.00||
    64.085201908|38533590||arm_cmn_0/hnf_cache_miss/|1001306400|100.00||
    64.085201908|36002530||arm_cmn_1/hnf_cache_miss/|1001307560|100.00||
    65.086512964|38337646||arm_cmn_0/hnf_cache_miss/|1001311000|100.00||
    65.086512964|35957208||arm_cmn_1/hnf_cache_miss/|1001310400|100.00||
    66.087911780|38302982||arm_cmn_0/hnf_cache_miss/|1001393080|100.00||
    66.087911780|36277343||arm_cmn_1/hnf_cache_miss/|1001394360|100.00||
    67.089217356|38348595||arm_cmn_0/hnf_cache_miss/|1001303440|100.00||
    67.089217356|36457336||arm_cmn_1/hnf_cache_miss/|1001302320|100.00||
    68.090529932|41211484||arm_cmn_0/hnf_cache_miss/|1001312520|100.00||
    68.090529932|35644475||arm_cmn_1/hnf_cache_miss/|1001312040|100.00||
    69.091846509|336659235||arm_cmn_0/hnf_cache_miss/|1001339640|100.00||
    69.091846509|51651635||arm_cmn_1/hnf_cache_miss/|1001339840|100.00||
    70.093391725|1275013874||arm_cmn_0/hnf_cache_miss/|1001546640|100.00||
    70.093391725|1062474978||arm_cmn_1/hnf_cache_miss/|1001548120|100.00||
    71.094807101|1274597079||arm_cmn_0/hnf_cache_miss/|1001416560|100.00||
    71.094807101|1301190726||arm_cmn_1/hnf_cache_miss/|1001416240|100.00||
    72.095942117|331501298||arm_cmn_0/hnf_cache_miss/|1001111760|100.00||
    72.095942117|887463733||arm_cmn_1/hnf_cache_miss/|1001109800|100.00||
    73.097256213|108156542||arm_cmn_0/hnf_cache_miss/|1001308200|100.00||
    73.097256213|97846990||arm_cmn_1/hnf_cache_miss/|1001308320|100.00||
    74.098567869|110334152||arm_cmn_0/hnf_cache_miss/|1001314320|100.00||
    74.098567869|107079793||arm_cmn_1/hnf_cache_miss/|1001316440|100.00||
    75.099982325|110276777||arm_cmn_0/hnf_cache_miss/|1001412320|100.00||
    75.099982325|107244969||arm_cmn_1/hnf_cache_miss/|1001410000|100.00||
    76.101297701|110628733||arm_cmn_0/hnf_cache_miss/|1001313960|100.00||
    76.101297701|107384375||arm_cmn_1/hnf_cache_miss/|1001313680|100.00||
    77.102612237|110261342||arm_cmn_0/hnf_cache_miss/|1001311320|100.00||
    77.102612237|106936132||arm_cmn_1/hnf_cache_miss/|1001312600|100.00||
    78.103927413|110554623||arm_cmn_0/hnf_cache_miss/|1001310280|100.00||
    78.103927413|106130830||arm_cmn_1/hnf_cache_miss/|1001309840|100.00||
    79.105235749|110440079||arm_cmn_0/hnf_cache_miss/|1001319760|100.00||
    79.105235749|107150818||arm_cmn_1/hnf_cache_miss/|1001321120|100.00||
    80.106715125|110505585||arm_cmn_0/hnf_cache_miss/|1001483880|100.00||
    80.106715125|107382823||arm_cmn_1/hnf_cache_miss/|1001482960|100.00||
    81.108018381|110415859||arm_cmn_0/hnf_cache_miss/|1001287880|100.00||
    81.108018381|108996840||arm_cmn_1/hnf_cache_miss/|1001287120|100.00||
    82.109356597|110880162||arm_cmn_0/hnf_cache_miss/|1001335280|100.00||
    82.109356597|119604993||arm_cmn_1/hnf_cache_miss/|1001334200|100.00||
    83.110679854|110641253||arm_cmn_0/hnf_cache_miss/|1001328520|100.00||
    83.110679854|115548696||arm_cmn_1/hnf_cache_miss/|1001330120|100.00||
    84.111979030|110279003||arm_cmn_0/hnf_cache_miss/|1001292240|100.00||
    84.111979030|107507212||arm_cmn_1/hnf_cache_miss/|1001290920|100.00||
    85.113483926|110445893||arm_cmn_0/hnf_cache_miss/|1001513800|100.00||
    85.113483926|107778337||arm_cmn_1/hnf_cache_miss/|1001514760|100.00||
    86.114807822|110285760||arm_cmn_0/hnf_cache_miss/|1001314560|100.00||
    86.114807822|107779354||arm_cmn_1/hnf_cache_miss/|1001314080|100.00||
    87.116005398|110331432||arm_cmn_0/hnf_cache_miss/|1001205960|100.00||
    87.116005398|107958275||arm_cmn_1/hnf_cache_miss/|1001206760|100.00||
    88.117339454|110549226||arm_cmn_0/hnf_cache_miss/|1001322320|100.00||
    88.117339454|107351182||arm_cmn_1/hnf_cache_miss/|1001321480|100.00||
    89.118669150|110452358||arm_cmn_0/hnf_cache_miss/|1001337520|100.00||
    89.118669150|107979435||arm_cmn_1/hnf_cache_miss/|1001338040|100.00||
    90.120022366|110365279||arm_cmn_0/hnf_cache_miss/|1001351360|100.00||
    90.120022366|108223972||arm_cmn_1/hnf_cache_miss/|1001351480|100.00||
    91.121336782|110421577||arm_cmn_0/hnf_cache_miss/|1001312040|100.00||
    91.121336782|107665736||arm_cmn_1/hnf_cache_miss/|1001311720|100.00||
    92.122650278|110704092||arm_cmn_0/hnf_cache_miss/|1001311800|100.00||
    92.122650278|108412020||arm_cmn_1/hnf_cache_miss/|1001312560|100.00||
    93.123971014|110429953||arm_cmn_0/hnf_cache_miss/|1001313760|100.00||
    93.123971014|107583208||arm_cmn_1/hnf_cache_miss/|1001312680|100.00||
    94.125280630|110187810||arm_cmn_0/hnf_cache_miss/|1001315440|100.00||
    94.125280630|107872224||arm_cmn_1/hnf_cache_miss/|1001316320|100.00||
    95.126776366|110606723||arm_cmn_0/hnf_cache_miss/|1001495040|100.00||
    95.126776366|107879991||arm_cmn_1/hnf_cache_miss/|1001493560|100.00||
    96.127972422|110535698||arm_cmn_0/hnf_cache_miss/|1001192720|100.00||
    96.127972422|107750648||arm_cmn_1/hnf_cache_miss/|1001194440|100.00||
    97.129290558|110459854||arm_cmn_0/hnf_cache_miss/|1001320440|100.00||
    97.129290558|107837416||arm_cmn_1/hnf_cache_miss/|1001320360|100.00||
    98.130615854|110492392||arm_cmn_0/hnf_cache_miss/|1001322480|100.00||
    98.130615854|107410953||arm_cmn_1/hnf_cache_miss/|1001321840|100.00||
    99.132018231|110505062||arm_cmn_0/hnf_cache_miss/|1001395920|100.00||
    99.132018231|108079278||arm_cmn_1/hnf_cache_miss/|1001396840|100.00||
   100.133486287|110670323||arm_cmn_0/hnf_cache_miss/|1001473480|100.00||
   100.133486287|106798809||arm_cmn_1/hnf_cache_miss/|1001472120|100.00||
   101.134824103|110693326||arm_cmn_0/hnf_cache_miss/|1001327600|100.00||
   101.134824103|107231217||arm_cmn_1/hnf_cache_miss/|1001329600|100.00||
   102.135944439|110134718||arm_cmn_0/hnf_cache_miss/|1001120600|100.00||
   102.135944439|107132397||arm_cmn_1/hnf_cache_miss/|1001119920|100.00||
   103.137253495|110579729||arm_cmn_0/hnf_cache_miss/|1001315760|100.00||
   103.137253495|106282673||arm_cmn_1/hnf_cache_miss/|1001315280|100.00||
   104.138576391|110831282||arm_cmn_0/hnf_cache_miss/|1001322360|100.00||
   104.138576391|106587785||arm_cmn_1/hnf_cache_miss/|1001322280|100.00||
   105.139890207|110224147||arm_cmn_0/hnf_cache_miss/|1001313720|100.00||
   105.139890207|106805921||arm_cmn_1/hnf_cache_miss/|1001313760|100.00||
   106.141210303|110282559||arm_cmn_0/hnf_cache_miss/|1001313840|100.00||
   106.141210303|107253875||arm_cmn_1/hnf_cache_miss/|1001313000|100.00||
   107.142525319|110599898||arm_cmn_0/hnf_cache_miss/|1001312680|100.00||
   107.142525319|106329043||arm_cmn_1/hnf_cache_miss/|1001313400|100.00||
   108.143965695|109845818||arm_cmn_0/hnf_cache_miss/|1001442640|100.00||
   108.143965695|106995536||arm_cmn_1/hnf_cache_miss/|1001443000|100.00||
   109.145278751|110264756||arm_cmn_0/hnf_cache_miss/|1001315520|100.00||
   109.145278751|106941284||arm_cmn_1/hnf_cache_miss/|1001314240|100.00||
   110.146780567|110088109||arm_cmn_0/hnf_cache_miss/|1001496520|100.00||
   110.146780567|107382705||arm_cmn_1/hnf_cache_miss/|1001497040|100.00||
   111.147989663|109329547||arm_cmn_0/hnf_cache_miss/|1001210360|100.00||
   111.147989663|107978462||arm_cmn_1/hnf_cache_miss/|1001209800|100.00||
   112.149310399|109099577||arm_cmn_0/hnf_cache_miss/|1001316400|100.00||
   112.149310399|107720505||arm_cmn_1/hnf_cache_miss/|1001318640|100.00||
   113.150669415|108872364||arm_cmn_0/hnf_cache_miss/|1001355560|100.00||
   113.150669415|108108652||arm_cmn_1/hnf_cache_miss/|1001353840|100.00||
   114.151948951|109872976||arm_cmn_0/hnf_cache_miss/|1001277560|100.00||
   114.151948951|107855478||arm_cmn_1/hnf_cache_miss/|1001277360|100.00||
   115.153519928|109289731||arm_cmn_0/hnf_cache_miss/|1001573920|100.00||
   115.153519928|108216893||arm_cmn_1/hnf_cache_miss/|1001574920|100.00||
   116.154844184|109652330||arm_cmn_0/hnf_cache_miss/|1001320840|100.00||
   116.154844184|107729607||arm_cmn_1/hnf_cache_miss/|1001320760|100.00||
   117.155974800|108582379||arm_cmn_0/hnf_cache_miss/|1001129840|100.00||
   117.155974800|107497724||arm_cmn_1/hnf_cache_miss/|1001130200|100.00||
   118.157291776|110618987||arm_cmn_0/hnf_cache_miss/|1001315480|100.00||
   118.157291776|108355529||arm_cmn_1/hnf_cache_miss/|1001315520|100.00||
   119.158611472|109931421||arm_cmn_0/hnf_cache_miss/|1001322680|100.00||
   119.158611472|107774847||arm_cmn_1/hnf_cache_miss/|1001323080|100.00||
   120.160016288|110106040||arm_cmn_0/hnf_cache_miss/|1001403200|100.00||
   120.160016288|108017187||arm_cmn_1/hnf_cache_miss/|1001401920|100.00||
   121.161344544|109776258||arm_cmn_0/hnf_cache_miss/|1001324920|100.00||
   121.161344544|107750586||arm_cmn_1/hnf_cache_miss/|1001326320|100.00||
   122.162659960|109771879||arm_cmn_0/hnf_cache_miss/|1001318840|100.00||
   122.162659960|107990635||arm_cmn_1/hnf_cache_miss/|1001318120|100.00||
   123.163945256|110565245||arm_cmn_0/hnf_cache_miss/|1001281440|100.00||
   123.163945256|108240994||arm_cmn_1/hnf_cache_miss/|1001281440|100.00||
   124.165262592|110531251||arm_cmn_0/hnf_cache_miss/|1001315040|100.00||
   124.165262592|107560969||arm_cmn_1/hnf_cache_miss/|1001315160|100.00||
   125.166738328|109689228||arm_cmn_0/hnf_cache_miss/|1001484080|100.00||
   125.166738328|107656010||arm_cmn_1/hnf_cache_miss/|1001483360|100.00||
   126.167962744|110316416||arm_cmn_0/hnf_cache_miss/|1001218240|100.00||
   126.167962744|108136404||arm_cmn_1/hnf_cache_miss/|1001217800|100.00||
   127.169315440|110342247||arm_cmn_0/hnf_cache_miss/|1001347880|100.00||
   127.169315440|108034868||arm_cmn_1/hnf_cache_miss/|1001348640|100.00||
   128.170632696|111046058||arm_cmn_0/hnf_cache_miss/|1001320800|100.00||
   128.170632696|108310181||arm_cmn_1/hnf_cache_miss/|1001320640|100.00||
   129.171917352|110280683||arm_cmn_0/hnf_cache_miss/|1001278200|100.00||
   129.171917352|107882900||arm_cmn_1/hnf_cache_miss/|1001277200|100.00||
   130.173389408|110479284||arm_cmn_0/hnf_cache_miss/|1001484200|100.00||
   130.173389408|107615882||arm_cmn_1/hnf_cache_miss/|1001485800|100.00||
   131.174740105|110696243||arm_cmn_0/hnf_cache_miss/|1001337040|100.00||
   131.174740105|108449575||arm_cmn_1/hnf_cache_miss/|1001336280|100.00||
   132.175971641|110563353||arm_cmn_0/hnf_cache_miss/|1001235920|100.00||
   132.175971641|107628722||arm_cmn_1/hnf_cache_miss/|1001235520|100.00||
   133.177303057|110605124||arm_cmn_0/hnf_cache_miss/|1001330120|100.00||
   133.177303057|107667529||arm_cmn_1/hnf_cache_miss/|1001330360|100.00||
   134.178652233|110656822||arm_cmn_0/hnf_cache_miss/|1001351600|100.00||
   134.178652233|107558395||arm_cmn_1/hnf_cache_miss/|1001351320|100.00||
   135.179976649|110450982||arm_cmn_0/hnf_cache_miss/|1001317200|100.00||
   135.179976649|108120428||arm_cmn_1/hnf_cache_miss/|1001318640|100.00||
   136.181302665|110532800||arm_cmn_0/hnf_cache_miss/|1001325080|100.00||
   136.181302665|108035614||arm_cmn_1/hnf_cache_miss/|1001324520|100.00||
   137.182636561|110913588||arm_cmn_0/hnf_cache_miss/|1001326320|100.00||
   137.182636561|108328563||arm_cmn_1/hnf_cache_miss/|1001325520|100.00||
   138.183946217|110250880||arm_cmn_0/hnf_cache_miss/|1001311040|100.00||
   138.183946217|108301977||arm_cmn_1/hnf_cache_miss/|1001312240|100.00||
   139.185259633|110282411||arm_cmn_0/hnf_cache_miss/|1001314480|100.00||
   139.185259633|107774855||arm_cmn_1/hnf_cache_miss/|1001313040|100.00||
   140.186738889|110997890||arm_cmn_0/hnf_cache_miss/|1001486560|100.00||
   140.186738889|108085260||arm_cmn_1/hnf_cache_miss/|1001486200|100.00||
   141.187965745|110345544||arm_cmn_0/hnf_cache_miss/|1001218720|100.00||
   141.187965745|107647845||arm_cmn_1/hnf_cache_miss/|1001218920|100.00||
   142.189282961|110844001||arm_cmn_0/hnf_cache_miss/|1001317640|100.00||
   142.189282961|107922474||arm_cmn_1/hnf_cache_miss/|1001317840|100.00||
   143.190605337|110494467||arm_cmn_0/hnf_cache_miss/|1001319680|100.00||
   143.190605337|107721699||arm_cmn_1/hnf_cache_miss/|1001320200|100.00||
   144.191913353|110780080||arm_cmn_0/hnf_cache_miss/|1001310680|100.00||
   144.191913353|108041982||arm_cmn_1/hnf_cache_miss/|1001311520|100.00||
   145.193412449|110128169||arm_cmn_0/hnf_cache_miss/|1001491560|100.00||
   145.193412449|107885109||arm_cmn_1/hnf_cache_miss/|1001490360|100.00||
   146.194739666|110664750||arm_cmn_0/hnf_cache_miss/|1001328640|100.00||
   146.194739666|108350290||arm_cmn_1/hnf_cache_miss/|1001329360|100.00||
   147.195898241|110748236||arm_cmn_0/hnf_cache_miss/|1001182360|100.00||
   147.195898241|107800897||arm_cmn_1/hnf_cache_miss/|1001181920|100.00||
   148.197252697|110670721||arm_cmn_0/hnf_cache_miss/|1001326520|100.00||
   148.197252697|108264429||arm_cmn_1/hnf_cache_miss/|1001326920|100.00||
   149.198579754|110347183||arm_cmn_0/hnf_cache_miss/|1001328600|100.00||
   149.198579754|107646263||arm_cmn_1/hnf_cache_miss/|1001327760|100.00||
   150.199988730|110348175||arm_cmn_0/hnf_cache_miss/|1001415320|100.00||
   150.199988730|108034184||arm_cmn_1/hnf_cache_miss/|1001414920|100.00||
   151.201312626|110392422||arm_cmn_0/hnf_cache_miss/|1001313160|100.00||
   151.201312626|107706096||arm_cmn_1/hnf_cache_miss/|1001315800|100.00||
   152.202647002|111022621||arm_cmn_0/hnf_cache_miss/|1001329360|100.00||
   152.202647002|106948917||arm_cmn_1/hnf_cache_miss/|1001327280|100.00||
   153.203959258|110001357||arm_cmn_0/hnf_cache_miss/|1001309120|100.00||
   153.203959258|107905345||arm_cmn_1/hnf_cache_miss/|1001309840|100.00||
   154.205290274|110611539||arm_cmn_0/hnf_cache_miss/|1001337600|100.00||
   154.205290274|107555137||arm_cmn_1/hnf_cache_miss/|1001337880|100.00||
   155.206777130|110536739||arm_cmn_0/hnf_cache_miss/|1001493120|100.00||
   155.206777130|107798956||arm_cmn_1/hnf_cache_miss/|1001492080|100.00||
   156.208000346|110598162||arm_cmn_0/hnf_cache_miss/|1001209360|100.00||
   156.208000346|107422327||arm_cmn_1/hnf_cache_miss/|1001209640|100.00||
   157.209315922|110407472||arm_cmn_0/hnf_cache_miss/|1001317960|100.00||
   157.209315922|107172309||arm_cmn_1/hnf_cache_miss/|1001318640|100.00||
   158.210633458|110378355||arm_cmn_0/hnf_cache_miss/|1001315720|100.00||
   158.210633458|106574562||arm_cmn_1/hnf_cache_miss/|1001314920|100.00||
   159.211921154|110572843||arm_cmn_0/hnf_cache_miss/|1001281720|100.00||
   159.211921154|107019319||arm_cmn_1/hnf_cache_miss/|1001282480|100.00||
   160.213419090|110555831||arm_cmn_0/hnf_cache_miss/|1001516640|100.00||
   160.213419090|106377167||arm_cmn_1/hnf_cache_miss/|1001516360|100.00||
   161.214770466|110543616||arm_cmn_0/hnf_cache_miss/|1001340000|100.00||
   161.214770466|106803760||arm_cmn_1/hnf_cache_miss/|1001339320|100.00||
   162.216001562|110369788||arm_cmn_0/hnf_cache_miss/|1001261360|100.00||
   162.216001562|107370242||arm_cmn_1/hnf_cache_miss/|1001267280|100.00||
   163.217401379|110624005||arm_cmn_0/hnf_cache_miss/|1001372200|100.00||
   163.217401379|107009085||arm_cmn_1/hnf_cache_miss/|1001366800|100.00||
   164.218742955|110703195||arm_cmn_0/hnf_cache_miss/|1001327400|100.00||
   164.218742955|106956305||arm_cmn_1/hnf_cache_miss/|1001328600|100.00||
   165.219922251|110553718||arm_cmn_0/hnf_cache_miss/|1001186000|100.00||
   165.219922251|106788268||arm_cmn_1/hnf_cache_miss/|1001184960|100.00||
   166.221285787|110000656||arm_cmn_0/hnf_cache_miss/|1001360160|100.00||
   166.221285787|108116856||arm_cmn_1/hnf_cache_miss/|1001359240|100.00||
   167.222604643|110160183||arm_cmn_0/hnf_cache_miss/|1001319840|100.00||
   167.222604643|107665760||arm_cmn_1/hnf_cache_miss/|1001320160|100.00||
   168.223989899|110124216||arm_cmn_0/hnf_cache_miss/|1001384360|100.00||
   168.223989899|107727643||arm_cmn_1/hnf_cache_miss/|1001384120|100.00||
   169.225304315|110277589||arm_cmn_0/hnf_cache_miss/|1001318280|100.00||
   169.225304315|108012391||arm_cmn_1/hnf_cache_miss/|1001319160|100.00||
   170.226799291|110105416||arm_cmn_0/hnf_cache_miss/|1001494720|100.00||
   170.226799291|108201676||arm_cmn_1/hnf_cache_miss/|1001495160|100.00||
   171.227972467|109745158||arm_cmn_0/hnf_cache_miss/|1001169040|100.00||
   171.227972467|107868917||arm_cmn_1/hnf_cache_miss/|1001169200|100.00||
   172.229300763|110525201||arm_cmn_0/hnf_cache_miss/|1001323520|100.00||
   172.229300763|108248692||arm_cmn_1/hnf_cache_miss/|1001322520|100.00||
   173.230632659|109587951||arm_cmn_0/hnf_cache_miss/|1001327000|100.00||
   173.230632659|107273284||arm_cmn_1/hnf_cache_miss/|1001326800|100.00||
   174.231979115|110141453||arm_cmn_0/hnf_cache_miss/|1001343080|100.00||
   174.231979115|108056290||arm_cmn_1/hnf_cache_miss/|1001344680|100.00||
   175.233474131|109887797||arm_cmn_0/hnf_cache_miss/|1001499680|100.00||
   175.233474131|107703769||arm_cmn_1/hnf_cache_miss/|1001498600|100.00||
   176.234792907|110000971||arm_cmn_0/hnf_cache_miss/|1001317480|100.00||
   176.234792907|108262578||arm_cmn_1/hnf_cache_miss/|1001317600|100.00||
   177.235934563|109597223||arm_cmn_0/hnf_cache_miss/|1001132760|100.00||
   177.235934563|107755175||arm_cmn_1/hnf_cache_miss/|1001132080|100.00||
   178.237249059|109379984||arm_cmn_0/hnf_cache_miss/|1001316880|100.00||
   178.237249059|108203837||arm_cmn_1/hnf_cache_miss/|1001317520|100.00||
   179.238557355|110158221||arm_cmn_0/hnf_cache_miss/|1001319320|100.00||
   179.238557355|107918497||arm_cmn_1/hnf_cache_miss/|1001319440|100.00||
   180.239931011|109652318||arm_cmn_0/hnf_cache_miss/|1001375120|100.00||
   180.239931011|107990904||arm_cmn_1/hnf_cache_miss/|1001374560|100.00||
   181.241273468|110001317||arm_cmn_0/hnf_cache_miss/|1001329040|100.00||
   181.241273468|107405217||arm_cmn_1/hnf_cache_miss/|1001329520|100.00||
   182.242585244|110115834||arm_cmn_0/hnf_cache_miss/|1001315080|100.00||
   182.242585244|107882980||arm_cmn_1/hnf_cache_miss/|1001314880|100.00||
   183.243904380|109816396||arm_cmn_0/hnf_cache_miss/|1001314440|100.00||
   183.243904380|107797206||arm_cmn_1/hnf_cache_miss/|1001316120|100.00||
   184.245225836|109989967||arm_cmn_0/hnf_cache_miss/|1001325560|100.00||
   184.245225836|108149548||arm_cmn_1/hnf_cache_miss/|1001325120|100.00||
   185.246720692|110504097||arm_cmn_0/hnf_cache_miss/|1001496560|100.00||
   185.246720692|107797402||arm_cmn_1/hnf_cache_miss/|1001496680|100.00||
   186.247980868|109792322||arm_cmn_0/hnf_cache_miss/|1001256280|100.00||
   186.247980868|108009104||arm_cmn_1/hnf_cache_miss/|1001254520|100.00||
   187.249299924|110201327||arm_cmn_0/hnf_cache_miss/|1001317000|100.00||
   187.249299924|108272678||arm_cmn_1/hnf_cache_miss/|1001316760|100.00||
   188.250620980|110475047||arm_cmn_0/hnf_cache_miss/|1001323520|100.00||
   188.250620980|107958077||arm_cmn_1/hnf_cache_miss/|1001324840|100.00||
   189.251978836|110789987||arm_cmn_0/hnf_cache_miss/|1001357360|100.00||
   189.251978836|107580314||arm_cmn_1/hnf_cache_miss/|1001355600|100.00||
   190.253461132|109946746||arm_cmn_0/hnf_cache_miss/|1001485520|100.00||
   190.253461132|107259977||arm_cmn_1/hnf_cache_miss/|1001485960|100.00||
   191.254795868|110876608||arm_cmn_0/hnf_cache_miss/|1001325760|100.00||
   191.254795868|108142449||arm_cmn_1/hnf_cache_miss/|1001326760|100.00||
   192.255953244|110376182||arm_cmn_0/hnf_cache_miss/|1001162080|100.00||
   192.255953244|107983274||arm_cmn_1/hnf_cache_miss/|1001161200|100.00||
   193.257276500|110809161||arm_cmn_0/hnf_cache_miss/|1001319080|100.00||
   193.257276500|108194135||arm_cmn_1/hnf_cache_miss/|1001321280|100.00||
   194.258602596|110576510||arm_cmn_0/hnf_cache_miss/|1001327200|100.00||
   194.258602596|108280085||arm_cmn_1/hnf_cache_miss/|1001325280|100.00||
   195.259965812|110585568||arm_cmn_0/hnf_cache_miss/|1001357240|100.00||
   195.259965812|108011199||arm_cmn_1/hnf_cache_miss/|1001358920|100.00||
   196.261324229|110460533||arm_cmn_0/hnf_cache_miss/|1001355520|100.00||
   196.261324229|108407076||arm_cmn_1/hnf_cache_miss/|1001353360|100.00||
   197.262650245|110943564||arm_cmn_0/hnf_cache_miss/|1001320000|100.00||
   197.262650245|107431543||arm_cmn_1/hnf_cache_miss/|1001320840|100.00||
   198.263953181|110411973||arm_cmn_0/hnf_cache_miss/|1001304160|100.00||
   198.263953181|108067665||arm_cmn_1/hnf_cache_miss/|1001305240|100.00||
   199.265304357|110493437||arm_cmn_0/hnf_cache_miss/|1001359400|100.00||
   199.265304357|107586259||arm_cmn_1/hnf_cache_miss/|1001358120|100.00||
   200.266785333|110268298||arm_cmn_0/hnf_cache_miss/|1001480040|100.00||
   200.266785333|108092086||arm_cmn_1/hnf_cache_miss/|1001479360|100.00||
   201.267907309|110363545||arm_cmn_0/hnf_cache_miss/|1001117880|100.00||
   201.267907309|108012199||arm_cmn_1/hnf_cache_miss/|1001118320|100.00||
   202.269241605|110566561||arm_cmn_0/hnf_cache_miss/|1001333760|100.00||
   202.269241605|107838509||arm_cmn_1/hnf_cache_miss/|1001334040|100.00||
   203.270567461|110617679||arm_cmn_0/hnf_cache_miss/|1001317800|100.00||
   203.270567461|108052783||arm_cmn_1/hnf_cache_miss/|1001317800|100.00||
   204.271986597|110128401||arm_cmn_0/hnf_cache_miss/|1001420560|100.00||
   204.271986597|107681386||arm_cmn_1/hnf_cache_miss/|1001421920|100.00||
   205.273496213|110997044||arm_cmn_0/hnf_cache_miss/|1001506080|100.00||
   205.273496213|107826759||arm_cmn_1/hnf_cache_miss/|1001505840|100.00||
   206.274816869|110480278||arm_cmn_0/hnf_cache_miss/|1001318440|100.00||
   206.274816869|107519104||arm_cmn_1/hnf_cache_miss/|1001317080|100.00||
   207.275973365|110307134||arm_cmn_0/hnf_cache_miss/|1001153680|100.00||
   207.275973365|108032430||arm_cmn_1/hnf_cache_miss/|1001153840|100.00||
   208.277288061|110631114||arm_cmn_0/hnf_cache_miss/|1001317440|100.00||
   208.277288061|107459725||arm_cmn_1/hnf_cache_miss/|1001317240|100.00||
   209.278600717|110693794||arm_cmn_0/hnf_cache_miss/|1001306880|100.00||
   209.278600717|107971248||arm_cmn_1/hnf_cache_miss/|1001307320|100.00||
   210.279982093|110233748||arm_cmn_0/hnf_cache_miss/|1001388840|100.00||
   210.279982093|107345087||arm_cmn_1/hnf_cache_miss/|1001389320|100.00||
   211.281298189|110558854||arm_cmn_0/hnf_cache_miss/|1001309200|100.00||
   211.281298189|107869353||arm_cmn_1/hnf_cache_miss/|1001307960|100.00||
   212.282610125|110394802||arm_cmn_0/hnf_cache_miss/|1001308120|100.00||
   212.282610125|106790916||arm_cmn_1/hnf_cache_miss/|1001308760|100.00||
   213.283978622|110793753||arm_cmn_0/hnf_cache_miss/|1001365880|100.00||
   213.283978622|107266185||arm_cmn_1/hnf_cache_miss/|1001367280|100.00||
   214.285307718|110397945||arm_cmn_0/hnf_cache_miss/|1001336080|100.00||
   214.285307718|107827711||arm_cmn_1/hnf_cache_miss/|1001334320|100.00||
   215.286790534|110523185||arm_cmn_0/hnf_cache_miss/|1001480880|100.00||
   215.286790534|107183303||arm_cmn_1/hnf_cache_miss/|1001481680|100.00||
   216.288022430|110507979||arm_cmn_0/hnf_cache_miss/|1001231120|100.00||
   216.288022430|106960172||arm_cmn_1/hnf_cache_miss/|1001231080|100.00||
   217.289341806|110672572||arm_cmn_0/hnf_cache_miss/|1001320680|100.00||
   217.289341806|107191184||arm_cmn_1/hnf_cache_miss/|1001319400|100.00||
   218.290662022|110690221||arm_cmn_0/hnf_cache_miss/|1001319600|100.00||
   218.290662022|106460847||arm_cmn_1/hnf_cache_miss/|1001320480|100.00||
   219.292002198|110399949||arm_cmn_0/hnf_cache_miss/|1001333280|100.00||
   219.292002198|107560550||arm_cmn_1/hnf_cache_miss/|1001334200|100.00||
   220.293484734|110429980||arm_cmn_0/hnf_cache_miss/|1001487280|100.00||
   220.293484734|106927651||arm_cmn_1/hnf_cache_miss/|1001486880|100.00||
   221.294804030|110500470||arm_cmn_0/hnf_cache_miss/|1001316000|100.00||
   221.294804030|107579686||arm_cmn_1/hnf_cache_miss/|1001315160|100.00||
   222.295976006|110304621||arm_cmn_0/hnf_cache_miss/|1001166200|100.00||
   222.295976006|107778621||arm_cmn_1/hnf_cache_miss/|1001166360|100.00||
   223.297290022|110349284||arm_cmn_0/hnf_cache_miss/|1001319480|100.00||
   223.297290022|107736776||arm_cmn_1/hnf_cache_miss/|1001319360|100.00||
   224.298628998|109843477||arm_cmn_0/hnf_cache_miss/|1001336960|100.00||
   224.298628998|107709311||arm_cmn_1/hnf_cache_miss/|1001337640|100.00||
   225.299942654|110929230||arm_cmn_0/hnf_cache_miss/|1001311760|100.00||
   225.299942654|108099125||arm_cmn_1/hnf_cache_miss/|1001311560|100.00||
   226.301268830|110288883||arm_cmn_0/hnf_cache_miss/|1001325760|100.00||
   226.301268830|107621193||arm_cmn_1/hnf_cache_miss/|1001326040|100.00||
   227.302588646|109741179||arm_cmn_0/hnf_cache_miss/|1001328160|100.00||
   227.302588646|107784822||arm_cmn_1/hnf_cache_miss/|1001327080|100.00||
   228.303986742|110385921||arm_cmn_0/hnf_cache_miss/|1001382640|100.00||
   228.303986742|107333787||arm_cmn_1/hnf_cache_miss/|1001383960|100.00||
   229.305316599|110889651||arm_cmn_0/hnf_cache_miss/|1001328880|100.00||
   229.305316599|108236768||arm_cmn_1/hnf_cache_miss/|1001328320|100.00||
   230.306794055|110041082||arm_cmn_0/hnf_cache_miss/|1001480600|100.00||
   230.306794055|107956459||arm_cmn_1/hnf_cache_miss/|1001481520|100.00||
   231.307976151|110105811||arm_cmn_0/hnf_cache_miss/|1001171440|100.00||
   231.307976151|107946381||arm_cmn_1/hnf_cache_miss/|1001170640|100.00||
   232.309292767|110174319||arm_cmn_0/hnf_cache_miss/|1001344040|100.00||
   232.309292767|107813451||arm_cmn_1/hnf_cache_miss/|1001345280|100.00||
   233.310629983|109871535||arm_cmn_0/hnf_cache_miss/|1001317480|100.00||
   233.310629983|107791083||arm_cmn_1/hnf_cache_miss/|1001316320|100.00||
   234.311962439|109836471||arm_cmn_0/hnf_cache_miss/|1001331360|100.00||
   234.311962439|108047143||arm_cmn_1/hnf_cache_miss/|1001330880|100.00||
   235.313443135|110587795||arm_cmn_0/hnf_cache_miss/|1001480840|100.00||
   235.313443135|107927158||arm_cmn_1/hnf_cache_miss/|1001481200|100.00||
   236.314764951|109651579||arm_cmn_0/hnf_cache_miss/|1001322600|100.00||
   236.314764951|107942601||arm_cmn_1/hnf_cache_miss/|1001322600|100.00||
   237.315951127|110080024||arm_cmn_0/hnf_cache_miss/|1001174320|100.00||
   237.315951127|107991741||arm_cmn_1/hnf_cache_miss/|1001173920|100.00||
   238.317279063|109864033||arm_cmn_0/hnf_cache_miss/|1001337480|100.00||
   238.317279063|108025739||arm_cmn_1/hnf_cache_miss/|1001337040|100.00||
   239.318593799|109913080||arm_cmn_0/hnf_cache_miss/|1001312840|100.00||
   239.318593799|108011809||arm_cmn_1/hnf_cache_miss/|1001312520|100.00||
   240.320009175|110116628||arm_cmn_0/hnf_cache_miss/|1001420360|100.00||
   240.320009175|107742922||arm_cmn_1/hnf_cache_miss/|1001422440|100.00||
   241.321342751|109984349||arm_cmn_0/hnf_cache_miss/|1001326120|100.00||
   241.321342751|107625048||arm_cmn_1/hnf_cache_miss/|1001325720|100.00||
   242.322664687|110354064||arm_cmn_0/hnf_cache_miss/|1001324760|100.00||
   242.322664687|108291415||arm_cmn_1/hnf_cache_miss/|1001324400|100.00||
   243.323960543|110183600||arm_cmn_0/hnf_cache_miss/|1001289040|100.00||
   243.323960543|107947474||arm_cmn_1/hnf_cache_miss/|1001288920|100.00||
   244.325295119|109605936||arm_cmn_0/hnf_cache_miss/|1001320960|100.00||
   244.325295119|107915863||arm_cmn_1/hnf_cache_miss/|1001321760|100.00||
   245.326737336|110365324||arm_cmn_0/hnf_cache_miss/|1001459760|100.00||
   245.326737336|107780101||arm_cmn_1/hnf_cache_miss/|1001458360|100.00||
   246.327918352|109616674||arm_cmn_0/hnf_cache_miss/|1001167920|100.00||
   246.327918352|107883850||arm_cmn_1/hnf_cache_miss/|1001167880|100.00||
   247.329231608|109782742||arm_cmn_0/hnf_cache_miss/|1001326280|100.00||
   247.329231608|107896328||arm_cmn_1/hnf_cache_miss/|1001326120|100.00||
   248.330570744|110528323||arm_cmn_0/hnf_cache_miss/|1001326840|100.00||
   248.330570744|108098349||arm_cmn_1/hnf_cache_miss/|1001327080|100.00||
   249.331984840|110380528||arm_cmn_0/hnf_cache_miss/|1001415760|100.00||
   249.331984840|107821242||arm_cmn_1/hnf_cache_miss/|1001415680|100.00||
   250.333455856|110047056||arm_cmn_0/hnf_cache_miss/|1001481360|100.00||
   250.333455856|108000197||arm_cmn_1/hnf_cache_miss/|1001481040|100.00||
   251.334810232|110469208||arm_cmn_0/hnf_cache_miss/|1001348520|100.00||
   251.334810232|107757231||arm_cmn_1/hnf_cache_miss/|1001349160|100.00||
   252.335988648|110180639||arm_cmn_0/hnf_cache_miss/|1001167200|100.00||
   252.335988648|108120682||arm_cmn_1/hnf_cache_miss/|1001166400|100.00||
   253.337293504|110829878||arm_cmn_0/hnf_cache_miss/|1001311000|100.00||
   253.337293504|107908303||arm_cmn_1/hnf_cache_miss/|1001311920|100.00||
   254.338624440|110293649||arm_cmn_0/hnf_cache_miss/|1001329680|100.00||
   254.338624440|107931425||arm_cmn_1/hnf_cache_miss/|1001329280|100.00||
   255.339912976|110547133||arm_cmn_0/hnf_cache_miss/|1001282360|100.00||
   255.339912976|107401647||arm_cmn_1/hnf_cache_miss/|1001282560|100.00||
   256.341237032|110192576||arm_cmn_0/hnf_cache_miss/|1001324280|100.00||
   256.341237032|107586937||arm_cmn_1/hnf_cache_miss/|1001325040|100.00||
   257.342550248|110722785||arm_cmn_0/hnf_cache_miss/|1001307680|100.00||
   257.342550248|107639333||arm_cmn_1/hnf_cache_miss/|1001307480|100.00||
   258.343958224|110297667||arm_cmn_0/hnf_cache_miss/|1001414320|100.00||
   258.343958224|108229172||arm_cmn_1/hnf_cache_miss/|1001414040|100.00||
   259.345285080|110709429||arm_cmn_0/hnf_cache_miss/|1001330320|100.00||
   259.345285080|107494798||arm_cmn_1/hnf_cache_miss/|1001330720|100.00||
   260.346776057|110482927||arm_cmn_0/hnf_cache_miss/|1001489760|100.00||
   260.346776057|108248284||arm_cmn_1/hnf_cache_miss/|1001488840|100.00||
   261.347897152|111027599||arm_cmn_0/hnf_cache_miss/|1001113280|100.00||
   261.347897152|108006884||arm_cmn_1/hnf_cache_miss/|1001113200|100.00||
   262.349217168|110554415||arm_cmn_0/hnf_cache_miss/|1001319560|100.00||
   262.349217168|107556335||arm_cmn_1/hnf_cache_miss/|1001320280|100.00||
   263.350530385|110383206||arm_cmn_0/hnf_cache_miss/|1001316120|100.00||
   263.350530385|107409355||arm_cmn_1/hnf_cache_miss/|1001317920|100.00||
   264.351976921|110376322||arm_cmn_0/hnf_cache_miss/|1001433960|100.00||
   264.351976921|107488289||arm_cmn_1/hnf_cache_miss/|1001431320|100.00||
   265.353440577|110549602||arm_cmn_0/hnf_cache_miss/|1001470800|100.00||
   265.353440577|107891916||arm_cmn_1/hnf_cache_miss/|1001470720|100.00||
   266.354756113|110724854||arm_cmn_0/hnf_cache_miss/|1001320280|100.00||
   266.354756113|107857214||arm_cmn_1/hnf_cache_miss/|1001320200|100.00||
   267.355986009|110716106||arm_cmn_0/hnf_cache_miss/|1001221560|100.00||
   267.355986009|107503332||arm_cmn_1/hnf_cache_miss/|1001222280|100.00||
   268.357319745|110045393||arm_cmn_0/hnf_cache_miss/|1001320480|100.00||
   268.357319745|107373927||arm_cmn_1/hnf_cache_miss/|1001318760|100.00||
   269.358625481|110990202||arm_cmn_0/hnf_cache_miss/|1001316800|100.00||
   269.358625481|107654868||arm_cmn_1/hnf_cache_miss/|1001318560|100.00||
   270.359953497|110302696||arm_cmn_0/hnf_cache_miss/|1001330560|100.00||
   270.359953497|106942218||arm_cmn_1/hnf_cache_miss/|1001331080|100.00||
   271.361277033|110709369||arm_cmn_0/hnf_cache_miss/|1001321240|100.00||
   271.361277033|108060786||arm_cmn_1/hnf_cache_miss/|1001320760|100.00||
   272.362603329|110658026||arm_cmn_0/hnf_cache_miss/|1001320000|100.00||
   272.362603329|107187364||arm_cmn_1/hnf_cache_miss/|1001321320|100.00||
   273.363901065|110469213||arm_cmn_0/hnf_cache_miss/|1001295560|100.00||
   273.363901065|106950366||arm_cmn_1/hnf_cache_miss/|1001293560|100.00||
   274.365218441|110589286||arm_cmn_0/hnf_cache_miss/|1001326880|100.00||
   274.365218441|107801522||arm_cmn_1/hnf_cache_miss/|1001326760|100.00||
   275.366708337|110289757||arm_cmn_0/hnf_cache_miss/|1001483520|100.00||
   275.366708337|106745788||arm_cmn_1/hnf_cache_miss/|1001484520|100.00||
   276.367918313|110347005||arm_cmn_0/hnf_cache_miss/|1001195800|100.00||
   276.367918313|107491816||arm_cmn_1/hnf_cache_miss/|1001196040|100.00||
   277.369228449|110595616||arm_cmn_0/hnf_cache_miss/|1001330800|100.00||
   277.369228449|107474950||arm_cmn_1/hnf_cache_miss/|1001329680|100.00||
   278.370552945|110584576||arm_cmn_0/hnf_cache_miss/|1001318600|100.00||
   278.370552945|107422284||arm_cmn_1/hnf_cache_miss/|1001319480|100.00||
   279.371909202|110349019||arm_cmn_0/hnf_cache_miss/|1001354080|100.00||
   279.371909202|107452103||arm_cmn_1/hnf_cache_miss/|1001353320|100.00||
   280.373429858|110101534||arm_cmn_0/hnf_cache_miss/|1001514080|100.00||
   280.373429858|107775490||arm_cmn_1/hnf_cache_miss/|1001516200|100.00||
   281.374746914|110395099||arm_cmn_0/hnf_cache_miss/|1001322520|100.00||
   281.374746914|108065125||arm_cmn_1/hnf_cache_miss/|1001322800|100.00||
   282.375992210|110528185||arm_cmn_0/hnf_cache_miss/|1001244440|100.00||
   282.375992210|107305011||arm_cmn_1/hnf_cache_miss/|1001242480|100.00||
   283.377351026|110207691||arm_cmn_0/hnf_cache_miss/|1001354320|100.00||
   283.377351026|107643864||arm_cmn_1/hnf_cache_miss/|1001354520|100.00||
   284.378678242|110372997||arm_cmn_0/hnf_cache_miss/|1001320320|100.00||
   284.378678242|108193758||arm_cmn_1/hnf_cache_miss/|1001319400|100.00||
   285.379989858|110295838||arm_cmn_0/hnf_cache_miss/|1001313120|100.00||
   285.379989858|107791742||arm_cmn_1/hnf_cache_miss/|1001313000|100.00||
   286.381321514|110471078||arm_cmn_0/hnf_cache_miss/|1001327080|100.00||
   286.381321514|107811585||arm_cmn_1/hnf_cache_miss/|1001326880|100.00||
   287.382624330|110155289||arm_cmn_0/hnf_cache_miss/|1001307360|100.00||
   287.382624330|107765641||arm_cmn_1/hnf_cache_miss/|1001309240|100.00||
   288.383979626|110438368||arm_cmn_0/hnf_cache_miss/|1001346960|100.00||
   288.383979626|107865098||arm_cmn_1/hnf_cache_miss/|1001347080|100.00||
   289.385296242|110588071||arm_cmn_0/hnf_cache_miss/|1001318600|100.00||
   289.385296242|107836698||arm_cmn_1/hnf_cache_miss/|1001316920|100.00||
   290.386781258|110697332||arm_cmn_0/hnf_cache_miss/|1001493800|100.00||
   290.386781258|108002098||arm_cmn_1/hnf_cache_miss/|1001494760|100.00||
   291.387963314|110327241||arm_cmn_0/hnf_cache_miss/|1001176200|100.00||
   291.387963314|107665226||arm_cmn_1/hnf_cache_miss/|1001176040|100.00||
   292.389293570|110170925||arm_cmn_0/hnf_cache_miss/|1001323600|100.00||
   292.389293570|108073585||arm_cmn_1/hnf_cache_miss/|1001324120|100.00||
   293.390605146|109977132||arm_cmn_0/hnf_cache_miss/|1001323480|100.00||
   293.390605146|107867951||arm_cmn_1/hnf_cache_miss/|1001322680|100.00||
   294.391902282|110220796||arm_cmn_0/hnf_cache_miss/|1001293880|100.00||
   294.391902282|108208637||arm_cmn_1/hnf_cache_miss/|1001293720|100.00||
   295.393377739|110334992||arm_cmn_0/hnf_cache_miss/|1001470880|100.00||
   295.393377739|108217294||arm_cmn_1/hnf_cache_miss/|1001470960|100.00||
   296.394716395|110023700||arm_cmn_0/hnf_cache_miss/|1001329320|100.00||
   296.394716395|107804986||arm_cmn_1/hnf_cache_miss/|1001330400|100.00||
   297.395913291|109798872||arm_cmn_0/hnf_cache_miss/|1001197720|100.00||
   297.395913291|107706952||arm_cmn_1/hnf_cache_miss/|1001198000|100.00||
   298.397240947|110229925||arm_cmn_0/hnf_cache_miss/|1001335080|100.00||
   298.397240947|107932818||arm_cmn_1/hnf_cache_miss/|1001335120|100.00||
   299.398560003|110347345||arm_cmn_0/hnf_cache_miss/|1001309720|100.00||
   299.398560003|107879095||arm_cmn_1/hnf_cache_miss/|1001308200|100.00||
   300.399916979|109910414||arm_cmn_0/hnf_cache_miss/|1001355560|100.00||
   300.399916979|107875179||arm_cmn_1/hnf_cache_miss/|1001355280|100.00||
   301.401230355|110360813||arm_cmn_0/hnf_cache_miss/|1001317360|100.00||
   301.401230355|108015869||arm_cmn_1/hnf_cache_miss/|1001317880|100.00||
   302.402553531|110347791||arm_cmn_0/hnf_cache_miss/|1001323160|100.00||
   302.402553531|107825973||arm_cmn_1/hnf_cache_miss/|1001323360|100.00||
   303.403981187|110408311||arm_cmn_0/hnf_cache_miss/|1001424400|100.00||
   303.403981187|108488167||arm_cmn_1/hnf_cache_miss/|1001424440|100.00||
   304.405309043|110402475||arm_cmn_0/hnf_cache_miss/|1001322200|100.00||
   304.405309043|107663419||arm_cmn_1/hnf_cache_miss/|1001323600|100.00||
   305.406774659|109914651||arm_cmn_0/hnf_cache_miss/|1001475880|100.00||
   305.406774659|108558272||arm_cmn_1/hnf_cache_miss/|1001474640|100.00||
   306.407917395|110404787||arm_cmn_0/hnf_cache_miss/|1001128400|100.00||
   306.407917395|107575957||arm_cmn_1/hnf_cache_miss/|1001128920|100.00||
   307.409249291|109782997||arm_cmn_0/hnf_cache_miss/|1001338400|100.00||
   307.409249291|108414544||arm_cmn_1/hnf_cache_miss/|1001337320|100.00||
   308.410572587|111093756||arm_cmn_0/hnf_cache_miss/|1001324920|100.00||
   308.410572587|108629640||arm_cmn_1/hnf_cache_miss/|1001324720|100.00||
   309.411979483|110329320||arm_cmn_0/hnf_cache_miss/|1001404520|100.00||
   309.411979483|107431708||arm_cmn_1/hnf_cache_miss/|1001405840|100.00||
   310.413484060|110481173||arm_cmn_0/hnf_cache_miss/|1001508480|100.00||
   310.413484060|108080101||arm_cmn_1/hnf_cache_miss/|1001508320|100.00||
   311.414811556|110661433||arm_cmn_0/hnf_cache_miss/|1001322880|100.00||
   311.414811556|107557459||arm_cmn_1/hnf_cache_miss/|1001322320|100.00||
   312.415924132|110256609||arm_cmn_0/hnf_cache_miss/|1001100440|100.00||
   312.415924132|108336184||arm_cmn_1/hnf_cache_miss/|1001099560|100.00||
   313.417236508|110542272||arm_cmn_0/hnf_cache_miss/|1001321520|100.00||
   313.417236508|108054228||arm_cmn_1/hnf_cache_miss/|1001322960|100.00||
   314.418555604|109848469||arm_cmn_0/hnf_cache_miss/|1001313520|100.00||
   314.418555604|107830161||arm_cmn_1/hnf_cache_miss/|1001312240|100.00||
   315.419932540|110774810||arm_cmn_0/hnf_cache_miss/|1001373480|100.00||
   315.419932540|108206676||arm_cmn_1/hnf_cache_miss/|1001375000|100.00||
   316.421260516|110414996||arm_cmn_0/hnf_cache_miss/|1001320520|100.00||
   316.421260516|107259961||arm_cmn_1/hnf_cache_miss/|1001319520|100.00||
   317.422567372|121715767||arm_cmn_0/hnf_cache_miss/|1001324880|100.00||
   317.422567372|108479734||arm_cmn_1/hnf_cache_miss/|1001324680|100.00||
   318.423897228|109398847||arm_cmn_0/hnf_cache_miss/|1001327080|100.00||
   318.423897228|106906824||arm_cmn_1/hnf_cache_miss/|1001327160|100.00||
   319.425222164|108820742||arm_cmn_0/hnf_cache_miss/|1001319080|100.00||
   319.425222164|107988683||arm_cmn_1/hnf_cache_miss/|1001318680|100.00||
   320.426688700|110067037||arm_cmn_0/hnf_cache_miss/|1001478440|100.00||
   320.426688700|107669601||arm_cmn_1/hnf_cache_miss/|1001480240|100.00||
   321.427941796|154264712||arm_cmn_0/hnf_cache_miss/|1001222440|100.00||
   321.427941796|108111960||arm_cmn_1/hnf_cache_miss/|1001221800|100.00||
   322.429257892|277277279||arm_cmn_0/hnf_cache_miss/|1001324600|100.00||
   322.429257892|108283381||arm_cmn_1/hnf_cache_miss/|1001323800|100.00||
   323.430576348|408933065||arm_cmn_0/hnf_cache_miss/|1001316120|100.00||
   323.430576348|114255293||arm_cmn_1/hnf_cache_miss/|1001316400|100.00||
   324.431923684|311282758||arm_cmn_0/hnf_cache_miss/|1001336960|100.00||
   324.431923684|144756947||arm_cmn_1/hnf_cache_miss/|1001338400|100.00||
   325.433379221|135728668||arm_cmn_0/hnf_cache_miss/|1001457760|100.00||
   325.433379221|636021256||arm_cmn_1/hnf_cache_miss/|1001456160|100.00||
   326.434676517|26766092||arm_cmn_0/hnf_cache_miss/|1001289760|100.00||
   326.434676517|468942969||arm_cmn_1/hnf_cache_miss/|1001288960|100.00||
   327.435936253|12628301||arm_cmn_0/hnf_cache_miss/|1001265680|100.00||
   327.435936253|11494543||arm_cmn_1/hnf_cache_miss/|1001265920|100.00||
   328.437261589|12254849||arm_cmn_0/hnf_cache_miss/|1001322120|100.00||
   328.437261589|8854104||arm_cmn_1/hnf_cache_miss/|1001322520|100.00||
   329.438560765|11957867||arm_cmn_0/hnf_cache_miss/|1001301640|100.00||
   329.438560765|8936910||arm_cmn_1/hnf_cache_miss/|1001301920|100.00||
   330.440000061|12358129||arm_cmn_0/hnf_cache_miss/|1001439240|100.00||
   330.440000061|9022535||arm_cmn_1/hnf_cache_miss/|1001438720|100.00||
   331.441302677|12553717||arm_cmn_0/hnf_cache_miss/|1001300160|100.00||
   331.441302677|9016853||arm_cmn_1/hnf_cache_miss/|1001300680|100.00||
   332.442605453|12511959||arm_cmn_0/hnf_cache_miss/|1001299480|100.00||
   332.442605453|9093121||arm_cmn_1/hnf_cache_miss/|1001299880|100.00||
   333.443997029|12676696||arm_cmn_0/hnf_cache_miss/|1001393080|100.00||
   333.443997029|9173070||arm_cmn_1/hnf_cache_miss/|1001394320|100.00||
   334.445301565|12665636||arm_cmn_0/hnf_cache_miss/|1001300720|100.00||
   334.445301565|9200411||arm_cmn_1/hnf_cache_miss/|1001299400|100.00||
   335.446755101|12728124||arm_cmn_0/hnf_cache_miss/|1001457160|100.00||
   335.446755101|9160027||arm_cmn_1/hnf_cache_miss/|1001458600|100.00||
   336.447937437|12509152||arm_cmn_0/hnf_cache_miss/|1001176000|100.00||
   336.447937437|9379546||arm_cmn_1/hnf_cache_miss/|1001174480|100.00||
   337.449229013|12673499||arm_cmn_0/hnf_cache_miss/|1001291640|100.00||
   337.449229013|9205159||arm_cmn_1/hnf_cache_miss/|1001292640|100.00||
   338.450530629|12873163||arm_cmn_0/hnf_cache_miss/|1001298600|100.00||
   338.450530629|9593355||arm_cmn_1/hnf_cache_miss/|1001297000|100.00||
   339.451973845|12707583||arm_cmn_0/hnf_cache_miss/|1001450440|100.00||
   339.451973845|9514321||arm_cmn_1/hnf_cache_miss/|1001450920|100.00||
   340.453437902|12832076||arm_cmn_0/hnf_cache_miss/|1001450840|100.00||
   340.453437902|9432624||arm_cmn_1/hnf_cache_miss/|1001452440|100.00||
   341.454720438|12550920||arm_cmn_0/hnf_cache_miss/|1001290320|100.00||
   341.454720438|9658165||arm_cmn_1/hnf_cache_miss/|1001289280|100.00||
   342.455915573|13025524||arm_cmn_0/hnf_cache_miss/|1001187080|100.00||
   342.455915573|9678571||arm_cmn_1/hnf_cache_miss/|1001185760|100.00||
   343.457204669|13027562||arm_cmn_0/hnf_cache_miss/|1001294880|100.00||
   343.457204669|9616163||arm_cmn_1/hnf_cache_miss/|1001297200|100.00||
   344.458502885|12733430||arm_cmn_0/hnf_cache_miss/|1001288640|100.00||
   344.458502885|9794917||arm_cmn_1/hnf_cache_miss/|1001288320|100.00||
   345.460001702|12799838||arm_cmn_0/hnf_cache_miss/|1001506560|100.00||
   345.460001702|9953193||arm_cmn_1/hnf_cache_miss/|1001505000|100.00||
   346.461303598|13075683||arm_cmn_0/hnf_cache_miss/|1001305680|100.00||
   346.461303598|9836549||arm_cmn_1/hnf_cache_miss/|1001306520|100.00||
   347.462611494|13013543||arm_cmn_0/hnf_cache_miss/|1001302400|100.00||
   347.462611494|9963270||arm_cmn_1/hnf_cache_miss/|1001301240|100.00||
   348.463925590|13261925||arm_cmn_0/hnf_cache_miss/|1001303640|100.00||
   348.463925590|9930340||arm_cmn_1/hnf_cache_miss/|1001303960|100.00||
   349.465228126|13082795||arm_cmn_0/hnf_cache_miss/|1001306160|100.00||
   349.465228126|10025538||arm_cmn_1/hnf_cache_miss/|1001306120|100.00||
   350.466677622|13418353||arm_cmn_0/hnf_cache_miss/|1001446800|100.00||
   350.466677622|10089115||arm_cmn_1/hnf_cache_miss/|1001447400|100.00||
   351.467972078|13180823||arm_cmn_0/hnf_cache_miss/|1001301320|100.00||
   351.467972078|10110478||arm_cmn_1/hnf_cache_miss/|1001301400|100.00||
   352.469303854|13277032||arm_cmn_0/hnf_cache_miss/|1001324520|100.00||
   352.469303854|10187365||arm_cmn_1/hnf_cache_miss/|1001324200|100.00||
   353.470589030|13096853||arm_cmn_0/hnf_cache_miss/|1001283720|100.00||
   353.470589030|10364677||arm_cmn_1/hnf_cache_miss/|1001284760|100.00||
   354.471922326|13537984||arm_cmn_0/hnf_cache_miss/|1001329240|100.00||
   354.471922326|10247790||arm_cmn_1/hnf_cache_miss/|1001327600|100.00||
   355.473369262|13133470||arm_cmn_0/hnf_cache_miss/|1001447840|100.00||
   355.473369262|10363759||arm_cmn_1/hnf_cache_miss/|1001447960|100.00||
   356.474657678|13627130||arm_cmn_0/hnf_cache_miss/|1001287920|100.00||
   356.474657678|10463888||arm_cmn_1/hnf_cache_miss/|1001287720|100.00||
   357.475977894|13415265||arm_cmn_0/hnf_cache_miss/|1001315520|100.00||
   357.475977894|10468832||arm_cmn_1/hnf_cache_miss/|1001315520|100.00||
   358.477281990|13928551||arm_cmn_0/hnf_cache_miss/|1001313200|100.00||
   358.477281990|10218819||arm_cmn_1/hnf_cache_miss/|1001313520|100.00||
   359.478583167|13329784||arm_cmn_0/hnf_cache_miss/|1001291640|100.00||
   359.478583167|10467936||arm_cmn_1/hnf_cache_miss/|1001292080|100.00||
   360.479962823|13883185||arm_cmn_0/hnf_cache_miss/|1001385640|100.00||
   360.479962823|10747888||arm_cmn_1/hnf_cache_miss/|1001385160|100.00||
   361.481267279|13913385||arm_cmn_0/hnf_cache_miss/|1001307360|100.00||
   361.481267279|10550705||arm_cmn_1/hnf_cache_miss/|1001307440|100.00||
   362.482569695|14015444||arm_cmn_0/hnf_cache_miss/|1001295800|100.00||
   362.482569695|10857140||arm_cmn_1/hnf_cache_miss/|1001295880|100.00||
   363.483929791|13649556||arm_cmn_0/hnf_cache_miss/|1001357720|100.00||
   363.483929791|10756855||arm_cmn_1/hnf_cache_miss/|1001357960|100.00||
   364.485233407|13996841||arm_cmn_0/hnf_cache_miss/|1001304880|100.00||
   364.485233407|10899505||arm_cmn_1/hnf_cache_miss/|1001305640|100.00||
   365.486710463|13548020||arm_cmn_0/hnf_cache_miss/|1001478040|100.00||
   365.486710463|10605330||arm_cmn_1/hnf_cache_miss/|1001477840|100.00||
   366.488003839|14056036||arm_cmn_0/hnf_cache_miss/|1001292400|100.00||
   366.488003839|11133434||arm_cmn_1/hnf_cache_miss/|1001291120|100.00||
   367.489300655|13977874||arm_cmn_0/hnf_cache_miss/|1001288520|100.00||
   367.489300655|10863552||arm_cmn_1/hnf_cache_miss/|1001288360|100.00||
   368.490596671|14571477||arm_cmn_0/hnf_cache_miss/|1001300200|100.00||
   368.490596671|11173353||arm_cmn_1/hnf_cache_miss/|1001302160|100.00||
   369.491892367|14050355||arm_cmn_0/hnf_cache_miss/|1001294920|100.00||
   369.491892367|10424715||arm_cmn_1/hnf_cache_miss/|1001293400|100.00||
   370.493348983|14485180||arm_cmn_0/hnf_cache_miss/|1001460920|100.00||
   370.493348983|10670072||arm_cmn_1/hnf_cache_miss/|1001460560|100.00||
   371.494660119|14463346||arm_cmn_0/hnf_cache_miss/|1001305200|100.00||
   371.494660119|10943379||arm_cmn_1/hnf_cache_miss/|1001305280|100.00||
   372.495957455|14637128||arm_cmn_0/hnf_cache_miss/|1001289920|100.00||
   372.495957455|11176339||arm_cmn_1/hnf_cache_miss/|1001290840|100.00||
   373.497248751|14403610||arm_cmn_0/hnf_cache_miss/|1001289680|100.00||
   373.497248751|11381616||arm_cmn_1/hnf_cache_miss/|1001288280|100.00||
   374.498536407|14352718||arm_cmn_0/hnf_cache_miss/|1001286800|100.00||
   374.498536407|11313642||arm_cmn_1/hnf_cache_miss/|1001289200|100.00||
   375.500012304|14923564||arm_cmn_0/hnf_cache_miss/|1001476640|100.00||
   375.500012304|11213146||arm_cmn_1/hnf_cache_miss/|1001475360|100.00||
   376.501306800|14826828||arm_cmn_0/hnf_cache_miss/|1001292840|100.00||
   376.501306800|11577137||arm_cmn_1/hnf_cache_miss/|1001291920|100.00||
   377.502596616|14884471||arm_cmn_0/hnf_cache_miss/|1001289800|100.00||
   377.502596616|11476603||arm_cmn_1/hnf_cache_miss/|1001289920|100.00||
   378.503972872|15029731||arm_cmn_0/hnf_cache_miss/|1001374080|100.00||
   378.503972872|23841397||arm_cmn_1/hnf_cache_miss/|1001373640|100.00||
   379.505257408|15039364||arm_cmn_0/hnf_cache_miss/|1001280800|100.00||
   379.505257408|11321299||arm_cmn_1/hnf_cache_miss/|1001281560|100.00||
   380.506694824|14840883||arm_cmn_0/hnf_cache_miss/|1001447760|100.00||
   380.506694824|11234861||arm_cmn_1/hnf_cache_miss/|1001447240|100.00||
   381.507921640|14412966||arm_cmn_0/hnf_cache_miss/|1001220680|100.00||
   381.507921640|11744622||arm_cmn_1/hnf_cache_miss/|1001221520|100.00||
   382.509231856|14961899||arm_cmn_0/hnf_cache_miss/|1001310280|100.00||
   382.509231856|11595403||arm_cmn_1/hnf_cache_miss/|1001310880|100.00||
   383.510530712|15217489||arm_cmn_0/hnf_cache_miss/|1001293520|100.00||
   383.510530712|11639674||arm_cmn_1/hnf_cache_miss/|1001294040|100.00||
   384.511978768|15234607||arm_cmn_0/hnf_cache_miss/|1001442880|100.00||
   384.511978768|11450631||arm_cmn_1/hnf_cache_miss/|1001442160|100.00||
   385.513410144|15267714||arm_cmn_0/hnf_cache_miss/|1001440200|100.00||
   385.513410144|11505681||arm_cmn_1/hnf_cache_miss/|1001440160|100.00||
   386.514708440|15299366||arm_cmn_0/hnf_cache_miss/|1001291680|100.00||
   386.514708440|11887865||arm_cmn_1/hnf_cache_miss/|1001291880|100.00||
   387.515961496|15430821||arm_cmn_0/hnf_cache_miss/|1001254960|100.00||
   387.515961496|12058317||arm_cmn_1/hnf_cache_miss/|1001254400|100.00||
   388.517262832|15392618||arm_cmn_0/hnf_cache_miss/|1001291360|100.00||
   388.517262832|11987862||arm_cmn_1/hnf_cache_miss/|1001291720|100.00||
   389.518551048|15425137||arm_cmn_0/hnf_cache_miss/|1001298720|100.00||
   389.518551048|11915854||arm_cmn_1/hnf_cache_miss/|1001298920|100.00||
   390.519987384|15575299||arm_cmn_0/hnf_cache_miss/|1001439200|100.00||
   390.519987384|12064145||arm_cmn_1/hnf_cache_miss/|1001438520|100.00||
   391.521303201|15612913||arm_cmn_0/hnf_cache_miss/|1001310960|100.00||
   391.521303201|12036119||arm_cmn_1/hnf_cache_miss/|1001311680|100.00||
   392.522612297|15747128||arm_cmn_0/hnf_cache_miss/|1001301480|100.00||
   392.522612297|12004141||arm_cmn_1/hnf_cache_miss/|1001301360|100.00||
   393.523910953|15631262||arm_cmn_0/hnf_cache_miss/|1001297720|100.00||
   393.523910953|12042366||arm_cmn_1/hnf_cache_miss/|1001296720|100.00||
   394.525210129|15729526||arm_cmn_0/hnf_cache_miss/|1001308320|100.00||
   394.525210129|12390450||arm_cmn_1/hnf_cache_miss/|1001309040|100.00||
   395.526676585|15581111||arm_cmn_0/hnf_cache_miss/|1001462200|100.00||
   395.526676585|12240396||arm_cmn_1/hnf_cache_miss/|1001462440|100.00||
   396.527984201|15739351||arm_cmn_0/hnf_cache_miss/|1001302760|100.00||
   396.527984201|12535316||arm_cmn_1/hnf_cache_miss/|1001301920|100.00||
   397.529309577|15826487||arm_cmn_0/hnf_cache_miss/|1001324880|100.00||
   397.529309577|12381217||arm_cmn_1/hnf_cache_miss/|1001325000|100.00||
   398.530609033|16031884||arm_cmn_0/hnf_cache_miss/|1001300720|100.00||
   398.530609033|12214668||arm_cmn_1/hnf_cache_miss/|1001300680|100.00||
   399.531986609|16307478||arm_cmn_0/hnf_cache_miss/|1001379560|100.00||
   399.531986609|12594526||arm_cmn_1/hnf_cache_miss/|1001379960|100.00||
   400.533467105|16366376||arm_cmn_0/hnf_cache_miss/|1001474680|100.00||
   400.533467105|12476202||arm_cmn_1/hnf_cache_miss/|1001474920|100.00||
   401.534777481|16076776||arm_cmn_0/hnf_cache_miss/|1001306360|100.00||
   401.534777481|12588650||arm_cmn_1/hnf_cache_miss/|1001306280|100.00||
   402.535939177|15873009||arm_cmn_0/hnf_cache_miss/|1001162480|100.00||
   402.535939177|12533562||arm_cmn_1/hnf_cache_miss/|1001162240|100.00||
   403.537235673|16155922||arm_cmn_0/hnf_cache_miss/|1001295320|100.00||
   403.537235673|12752216||arm_cmn_1/hnf_cache_miss/|1001294800|100.00||
   404.538534809|16030632||arm_cmn_0/hnf_cache_miss/|1001289520|100.00||
   404.538534809|12615274||arm_cmn_1/hnf_cache_miss/|1001289480|100.00||
   405.539926345|15953755||arm_cmn_0/hnf_cache_miss/|1001399480|100.00||
   405.539926345|12983050||arm_cmn_1/hnf_cache_miss/|1001399120|100.00||
   406.541227121|16156281||arm_cmn_0/hnf_cache_miss/|1001298480|100.00||
   406.541227121|12709545||arm_cmn_1/hnf_cache_miss/|1001298920|100.00||
   407.542520297|15976281||arm_cmn_0/hnf_cache_miss/|1001292080|100.00||
   407.542520297|12941851||arm_cmn_1/hnf_cache_miss/|1001292480|100.00||
   408.543878433|15915099||arm_cmn_0/hnf_cache_miss/|1001365640|100.00||
   408.543878433|13127984||arm_cmn_1/hnf_cache_miss/|1001366560|100.00||
   409.545179250|16063087||arm_cmn_0/hnf_cache_miss/|1001294600|100.00||
   409.545179250|13195364||arm_cmn_1/hnf_cache_miss/|1001295440|100.00||
   410.546622746|16489099||arm_cmn_0/hnf_cache_miss/|1001437320|100.00||
   410.546622746|13221676||arm_cmn_1/hnf_cache_miss/|1001434440|100.00||
   411.547923242|16428236||arm_cmn_0/hnf_cache_miss/|1001301080|100.00||
   411.547923242|13232616||arm_cmn_1/hnf_cache_miss/|1001303840|100.00||
   412.549229098|16246876||arm_cmn_0/hnf_cache_miss/|1001302440|100.00||
   412.549229098|13031412||arm_cmn_1/hnf_cache_miss/|1001301320|100.00||
   413.550517834|16408828||arm_cmn_0/hnf_cache_miss/|1001290360|100.00||
   413.550517834|13451687||arm_cmn_1/hnf_cache_miss/|1001289720|100.00||
   414.551913450|16172154||arm_cmn_0/hnf_cache_miss/|1001393600|100.00||
   414.551913450|13534057||arm_cmn_1/hnf_cache_miss/|1001394120|100.00||
   415.553379706|16616750||arm_cmn_0/hnf_cache_miss/|1001470600|100.00||
   415.553379706|12718472||arm_cmn_1/hnf_cache_miss/|1001470920|100.00||
   416.554680922|16878797||arm_cmn_0/hnf_cache_miss/|1001289240|100.00||
   416.554680922|13623900||arm_cmn_1/hnf_cache_miss/|1001289160|100.00||
   417.556000218|16800606||arm_cmn_0/hnf_cache_miss/|1001324400|100.00||
   417.556000218|13690380||arm_cmn_1/hnf_cache_miss/|1001324880|100.00||
   418.557330394|16626628||arm_cmn_0/hnf_cache_miss/|1001329400|100.00||
   418.557330394|13843589||arm_cmn_1/hnf_cache_miss/|1001328040|100.00||
   419.558637570|16589592||arm_cmn_0/hnf_cache_miss/|1001307360|100.00||
   419.558637570|13918175||arm_cmn_1/hnf_cache_miss/|1001307120|100.00||
   420.559918666|16677933||arm_cmn_0/hnf_cache_miss/|1001279720|100.00||
   420.559918666|13686618||arm_cmn_1/hnf_cache_miss/|1001280320|100.00||
   421.561218362|16556665||arm_cmn_0/hnf_cache_miss/|1001295400|100.00||
   421.561218362|13844665||arm_cmn_1/hnf_cache_miss/|1001296000|100.00||
   422.562520458|16683836||arm_cmn_0/hnf_cache_miss/|1001301440|100.00||
   422.562520458|13691318||arm_cmn_1/hnf_cache_miss/|1001300840|100.00||
   423.563894954|17254462||arm_cmn_0/hnf_cache_miss/|1001374440|100.00||
   423.563894954|13575696||arm_cmn_1/hnf_cache_miss/|1001374640|100.00||
   424.565194090|16751442||arm_cmn_0/hnf_cache_miss/|1001296000|100.00||
   424.565194090|13708580||arm_cmn_1/hnf_cache_miss/|1001295680|100.00||
   425.566664747|17131519||arm_cmn_0/hnf_cache_miss/|1001483840|100.00||
   425.566664747|13774885||arm_cmn_1/hnf_cache_miss/|1001482880|100.00||
   426.567949883|17145141||arm_cmn_0/hnf_cache_miss/|1001277680|100.00||
   426.567949883|13645042||arm_cmn_1/hnf_cache_miss/|1001279560|100.00||
   427.569278179|17251073||arm_cmn_0/hnf_cache_miss/|1001320480|100.00||
   427.569278179|14111375||arm_cmn_1/hnf_cache_miss/|1001318680|100.00||
   428.570572675|17192480||arm_cmn_0/hnf_cache_miss/|1001295800|100.00||
   428.570572675|14470809||arm_cmn_1/hnf_cache_miss/|1001297360|100.00||
   429.571948051|17283900||arm_cmn_0/hnf_cache_miss/|1001374440|100.00||
   429.571948051|14195217||arm_cmn_1/hnf_cache_miss/|1001374160|100.00||
   430.573389107|17310342||arm_cmn_0/hnf_cache_miss/|1001446400|100.00||
   430.573389107|14233964||arm_cmn_1/hnf_cache_miss/|1001446600|100.00||
   431.574695403|17528650||arm_cmn_0/hnf_cache_miss/|1001302960|100.00||
   431.574695403|14039294||arm_cmn_1/hnf_cache_miss/|1001301520|100.00||
   432.575906659|17106725||arm_cmn_0/hnf_cache_miss/|1001204240|100.00||
   432.575906659|14022588||arm_cmn_1/hnf_cache_miss/|1001204920|100.00||
   433.577205395|16903516||arm_cmn_0/hnf_cache_miss/|1001303680|100.00||
   433.577205395|14189773||arm_cmn_1/hnf_cache_miss/|1001304160|100.00||
   434.578504491|17226711||arm_cmn_0/hnf_cache_miss/|1001294840|100.00||
   434.578504491|14208021||arm_cmn_1/hnf_cache_miss/|1001294120|100.00||
   435.579925907|17763274||arm_cmn_0/hnf_cache_miss/|1001426840|100.00||
   435.579925907|14593376||arm_cmn_1/hnf_cache_miss/|1001427760|100.00||
   436.581237323|17762207||arm_cmn_0/hnf_cache_miss/|1001304840|100.00||
   436.581237323|14509245||arm_cmn_1/hnf_cache_miss/|1001304720|100.00||
   437.582536179|17389529||arm_cmn_0/hnf_cache_miss/|1001301840|100.00||
   437.582536179|14323997||arm_cmn_1/hnf_cache_miss/|1001301160|100.00||
   438.583942355|17873423||arm_cmn_0/hnf_cache_miss/|1001403840|100.00||
   438.583942355|14775665||arm_cmn_1/hnf_cache_miss/|1001404160|100.00||
   439.585270531|17894565||arm_cmn_0/hnf_cache_miss/|1001331000|100.00||
   439.585270531|14677932||arm_cmn_1/hnf_cache_miss/|1001330480|100.00||
   440.586729148|17942414||arm_cmn_0/hnf_cache_miss/|1001450360|100.00||
   440.586729148|14626412||arm_cmn_1/hnf_cache_miss/|1001451280|100.00||
   441.587919764|17723210||arm_cmn_0/hnf_cache_miss/|1001188760|100.00||
   441.587919764|14552113||arm_cmn_1/hnf_cache_miss/|1001188760|100.00||
   442.589221420|17697157||arm_cmn_0/hnf_cache_miss/|1001303880|100.00||
   442.589221420|14617004||arm_cmn_1/hnf_cache_miss/|1001303880|100.00||
   443.590519476|17907606||arm_cmn_0/hnf_cache_miss/|1001293360|100.00||
   443.590519476|14760424||arm_cmn_1/hnf_cache_miss/|1001293400|100.00||
   444.591968252|17678579||arm_cmn_0/hnf_cache_miss/|1001446440|100.00||
   444.591968252|14806208||arm_cmn_1/hnf_cache_miss/|1001445960|100.00||
   445.593416188|18026798||arm_cmn_0/hnf_cache_miss/|1001446040|100.00||
   445.593416188|14815254||arm_cmn_1/hnf_cache_miss/|1001447120|100.00||
   446.594711244|17867340||arm_cmn_0/hnf_cache_miss/|1001295200|100.00||
   446.594711244|14756858||arm_cmn_1/hnf_cache_miss/|1001294040|100.00||
   447.595952980|18158501||arm_cmn_0/hnf_cache_miss/|1001264200|100.00||
   447.595952980|15063890||arm_cmn_1/hnf_cache_miss/|1001264560|100.00||
   448.597273996|17932099||arm_cmn_0/hnf_cache_miss/|1001291240|100.00||
   448.597273996|14999860||arm_cmn_1/hnf_cache_miss/|1001291440|100.00||
   449.598565852|18179481||arm_cmn_0/hnf_cache_miss/|1001302560|100.00||
   449.598565852|14911253||arm_cmn_1/hnf_cache_miss/|1001301600|100.00||
   450.599955828|17710307||arm_cmn_0/hnf_cache_miss/|1001389240|100.00||
   450.599955828|15110965||arm_cmn_1/hnf_cache_miss/|1001389920|100.00||
   451.601256564|18186556||arm_cmn_0/hnf_cache_miss/|1001298880|100.00||
   451.601256564|15140829||arm_cmn_1/hnf_cache_miss/|1001298480|100.00||
   452.602566060|18351355||arm_cmn_0/hnf_cache_miss/|1001299880|100.00||
   452.602566060|15200737||arm_cmn_1/hnf_cache_miss/|1001301000|100.00||
   453.603928276|18132139||arm_cmn_0/hnf_cache_miss/|1001363560|100.00||
   453.603928276|14873859||arm_cmn_1/hnf_cache_miss/|1001362520|100.00||
   454.605224012|18308656||arm_cmn_0/hnf_cache_miss/|1001302680|100.00||
   454.605224012|15156713||arm_cmn_1/hnf_cache_miss/|1001303120|100.00||
   455.606684669|18373317||arm_cmn_0/hnf_cache_miss/|1001454440|100.00||
   455.606684669|14979200||arm_cmn_1/hnf_cache_miss/|1001454480|100.00||
   456.607981565|18751964||arm_cmn_0/hnf_cache_miss/|1001294240|100.00||
   456.607981565|15509589||arm_cmn_1/hnf_cache_miss/|1001294080|100.00||
   457.609283381|18324972||arm_cmn_0/hnf_cache_miss/|1001298720|100.00||
   457.609283381|15461223||arm_cmn_1/hnf_cache_miss/|1001298560|100.00||
   458.610583197|18320681||arm_cmn_0/hnf_cache_miss/|1001301160|100.00||
   458.610583197|14789083||arm_cmn_1/hnf_cache_miss/|1001301920|100.00||
   459.611937013|18350178||arm_cmn_0/hnf_cache_miss/|1001346160|100.00||
   459.611937013|15556632||arm_cmn_1/hnf_cache_miss/|1001345600|100.00||
   460.613381429|18428313||arm_cmn_0/hnf_cache_miss/|1001451120|100.00||
   460.613381429|15480207||arm_cmn_1/hnf_cache_miss/|1001451520|100.00||
   461.614680645|18308321||arm_cmn_0/hnf_cache_miss/|1001299040|100.00||
   461.614680645|15392926||arm_cmn_1/hnf_cache_miss/|1001298200|100.00||
   462.615928301|18555532||arm_cmn_0/hnf_cache_miss/|1001239320|100.00||
   462.615928301|15541723||arm_cmn_1/hnf_cache_miss/|1001240000|100.00||
   463.617225317|18610376||arm_cmn_0/hnf_cache_miss/|1001310960|100.00||
   463.617225317|15685618||arm_cmn_1/hnf_cache_miss/|1001311240|100.00||
   464.618532893|18665955||arm_cmn_0/hnf_cache_miss/|1001297400|100.00||
   464.618532893|15427275||arm_cmn_1/hnf_cache_miss/|1001296680|100.00||
   465.619943669|18388060||arm_cmn_0/hnf_cache_miss/|1001409320|100.00||
   465.619943669|15302480||arm_cmn_1/hnf_cache_miss/|1001409480|100.00||
   466.621248525|17777694||arm_cmn_0/hnf_cache_miss/|1001305920|100.00||
   466.621248525|15741704||arm_cmn_1/hnf_cache_miss/|1001306480|100.00||
   467.622555341|18514744||arm_cmn_0/hnf_cache_miss/|1001296840|100.00||
   467.622555341|15708384||arm_cmn_1/hnf_cache_miss/|1001296440|100.00||
   468.623930437|18818840||arm_cmn_0/hnf_cache_miss/|1001379520|100.00||
   468.623930437|15523513||arm_cmn_1/hnf_cache_miss/|1001379200|100.00||
   469.625224293|18987789||arm_cmn_0/hnf_cache_miss/|1001295360|100.00||
   469.625224293|15972005||arm_cmn_1/hnf_cache_miss/|1001295560|100.00||
   470.626664949|19078253||arm_cmn_0/hnf_cache_miss/|1001439080|100.00||
   470.626664949|16123558||arm_cmn_1/hnf_cache_miss/|1001439000|100.00||
   471.627970485|19012273||arm_cmn_0/hnf_cache_miss/|1001298440|100.00||
   471.627970485|15833041||arm_cmn_1/hnf_cache_miss/|1001298160|100.00||
   472.629265222|18976114||arm_cmn_0/hnf_cache_miss/|1001290400|100.00||
   472.629265222|15944354||arm_cmn_1/hnf_cache_miss/|1001290720|100.00||
   473.630560758|18274736||arm_cmn_0/hnf_cache_miss/|1001296840|100.00||
   473.630560758|16039937||arm_cmn_1/hnf_cache_miss/|1001296520|100.00||
   474.631957654|18739141||arm_cmn_0/hnf_cache_miss/|1001396560|100.00||
   474.631957654|16188988||arm_cmn_1/hnf_cache_miss/|1001397360|100.00||
   475.633422910|19090837||arm_cmn_0/hnf_cache_miss/|1001470880|100.00||
   475.633422910|16013034||arm_cmn_1/hnf_cache_miss/|1001469680|100.00||
   476.634721086|18949806||arm_cmn_0/hnf_cache_miss/|1001292760|100.00||
   476.634721086|15677489||arm_cmn_1/hnf_cache_miss/|1001292360|100.00||
   477.635994662|18600599||arm_cmn_0/hnf_cache_miss/|1001276040|100.00||
   477.635994662|15155781||arm_cmn_1/hnf_cache_miss/|1001276600|100.00||
   478.637331758|18890474||arm_cmn_0/hnf_cache_miss/|1001330160|100.00||
   478.637331758|16014954||arm_cmn_1/hnf_cache_miss/|1001332280|100.00||
   479.638627654|18323638||arm_cmn_0/hnf_cache_miss/|1001300440|100.00||
   479.638627654|16185639||arm_cmn_1/hnf_cache_miss/|1001299080|100.00||
   480.639968630|18884295||arm_cmn_0/hnf_cache_miss/|1001336480|100.00||
   480.639968630|15719017||arm_cmn_1/hnf_cache_miss/|1001335760|100.00||
   481.641261686|19150095||arm_cmn_0/hnf_cache_miss/|1001290880|100.00||
   481.641261686|15896397||arm_cmn_1/hnf_cache_miss/|1001292080|100.00||
   482.642551182|19101732||arm_cmn_0/hnf_cache_miss/|1001289080|100.00||
   482.642551182|16149061||arm_cmn_1/hnf_cache_miss/|1001288400|100.00||
   483.643955918|18960465||arm_cmn_0/hnf_cache_miss/|1001403560|100.00||
   483.643955918|16190235||arm_cmn_1/hnf_cache_miss/|1001403760|100.00||
   484.645252294|19422611||arm_cmn_0/hnf_cache_miss/|1001299680|100.00||
   484.645252294|16116666||arm_cmn_1/hnf_cache_miss/|1001299800|100.00||
   485.646694510|18896213||arm_cmn_0/hnf_cache_miss/|1001434480|100.00||
   485.646694510|16330156||arm_cmn_1/hnf_cache_miss/|1001433720|100.00||
   486.647957686|18895508||arm_cmn_0/hnf_cache_miss/|1001265560|100.00||
   486.647957686|16369973||arm_cmn_1/hnf_cache_miss/|1001265840|100.00||
   487.649264982|19145493||arm_cmn_0/hnf_cache_miss/|1001306760|100.00||
   487.649264982|16213952||arm_cmn_1/hnf_cache_miss/|1001306600|100.00||
   488.650556718|19682893||arm_cmn_0/hnf_cache_miss/|1001287400|100.00||
   488.650556718|16483445||arm_cmn_1/hnf_cache_miss/|1001288120|100.00||
   489.651959615|19566928||arm_cmn_0/hnf_cache_miss/|1001407920|100.00||
   489.651959615|16638213||arm_cmn_1/hnf_cache_miss/|1001408040|100.00||
   490.653414671|18845620||arm_cmn_0/hnf_cache_miss/|1001453360|100.00||
   490.653414671|16439110||arm_cmn_1/hnf_cache_miss/|1001453200|100.00||
   491.654712807|19617022||arm_cmn_0/hnf_cache_miss/|1001295080|100.00||
   491.654712807|16279442||arm_cmn_1/hnf_cache_miss/|1001296160|100.00||
   492.655957183|19384643||arm_cmn_0/hnf_cache_miss/|1001242840|100.00||
   492.655957183|16791610||arm_cmn_1/hnf_cache_miss/|1001242440|100.00||
   493.657290239|19589584||arm_cmn_0/hnf_cache_miss/|1001330360|100.00||
   493.657290239|16642838||arm_cmn_1/hnf_cache_miss/|1001328960|100.00||
   494.658588895|19331601||arm_cmn_0/hnf_cache_miss/|1001296720|100.00||
   494.658588895|16410066||arm_cmn_1/hnf_cache_miss/|1001297720|100.00||
   495.659945231|19593933||arm_cmn_0/hnf_cache_miss/|1001358680|100.00||
   495.659945231|16866378||arm_cmn_1/hnf_cache_miss/|1001357760|100.00||
   496.661254607|19820852||arm_cmn_0/hnf_cache_miss/|1001305480|100.00||
   496.661254607|16566436||arm_cmn_1/hnf_cache_miss/|1001305200|100.00||
   497.662549423|19745066||arm_cmn_0/hnf_cache_miss/|1001293040|100.00||
   497.662549423|16848144||arm_cmn_1/hnf_cache_miss/|1001293560|100.00||
   498.663981119|20026050||arm_cmn_0/hnf_cache_miss/|1001432640|100.00||
   498.663981119|16852073||arm_cmn_1/hnf_cache_miss/|1001432840|100.00||
   499.665279375|20044837||arm_cmn_0/hnf_cache_miss/|1001299640|100.00||
   499.665279375|16602465||arm_cmn_1/hnf_cache_miss/|1001298400|100.00||
   500.666708591|20252249||arm_cmn_0/hnf_cache_miss/|1001431320|100.00||
   500.666708591|16624507||arm_cmn_1/hnf_cache_miss/|1001432240|100.00||
   501.667930567|19916463||arm_cmn_0/hnf_cache_miss/|1001212960|100.00||
   501.667930567|16673427||arm_cmn_1/hnf_cache_miss/|1001213760|100.00||
   502.669228263|19739133||arm_cmn_0/hnf_cache_miss/|1001296080|100.00||
   502.669228263|17183701||arm_cmn_1/hnf_cache_miss/|1001295360|100.00||
   503.670533039|19468815||arm_cmn_0/hnf_cache_miss/|1001303520|100.00||
   503.670533039|17131007||arm_cmn_1/hnf_cache_miss/|1001303520|100.00||
   504.671864135|20036743||arm_cmn_0/hnf_cache_miss/|1001333440|100.00||
   504.671864135|17222434||arm_cmn_1/hnf_cache_miss/|1001333120|100.00||
   505.673307792|19777454||arm_cmn_0/hnf_cache_miss/|1001447280|100.00||
   505.673307792|17302036||arm_cmn_1/hnf_cache_miss/|1001446800|100.00||
   506.674612208|19602965||arm_cmn_0/hnf_cache_miss/|1001302280|100.00||
   506.674612208|17165133||arm_cmn_1/hnf_cache_miss/|1001303560|100.00||
   507.675995984|19498535||arm_cmn_0/hnf_cache_miss/|1001376080|100.00||
   507.675995984|17092531||arm_cmn_1/hnf_cache_miss/|1001376520|100.00||
   508.677293040|20361521||arm_cmn_0/hnf_cache_miss/|1001298240|100.00||
   508.677293040|16933199||arm_cmn_1/hnf_cache_miss/|1001297320|100.00||
   509.678584256|20129956||arm_cmn_0/hnf_cache_miss/|1001291440|100.00||
   509.678584256|16964515||arm_cmn_1/hnf_cache_miss/|1001291720|100.00||
   510.679947192|20196005||arm_cmn_0/hnf_cache_miss/|1001360120|100.00||
   510.679947192|17095619||arm_cmn_1/hnf_cache_miss/|1001360920|100.00||
   511.681245768|19992409||arm_cmn_0/hnf_cache_miss/|1001298240|100.00||
   511.681245768|17515920||arm_cmn_1/hnf_cache_miss/|1001297040|100.00||
   512.682539944|20456443||arm_cmn_0/hnf_cache_miss/|1001293480|100.00||
   512.682539944|17433076||arm_cmn_1/hnf_cache_miss/|1001295200|100.00||
   513.683968520|19897006||arm_cmn_0/hnf_cache_miss/|1001429600|100.00||
   513.683968520|17521829||arm_cmn_1/hnf_cache_miss/|1001428240|100.00||
   514.685285656|20362107||arm_cmn_0/hnf_cache_miss/|1001320080|100.00||
   514.685285656|17559512||arm_cmn_1/hnf_cache_miss/|1001319120|100.00||
   515.686739072|20185762||arm_cmn_0/hnf_cache_miss/|1001457600|100.00||
   515.686739072|17722978||arm_cmn_1/hnf_cache_miss/|1001458240|100.00||
   516.687914288|20609445||arm_cmn_0/hnf_cache_miss/|1001165080|100.00||
   516.687914288|16848554||arm_cmn_1/hnf_cache_miss/|1001164520|100.00||
   517.689211344|20330814||arm_cmn_0/hnf_cache_miss/|1001296920|100.00||
   517.689211344|17380763||arm_cmn_1/hnf_cache_miss/|1001298040|100.00||
   518.690516040|20238211||arm_cmn_0/hnf_cache_miss/|1001300560|100.00||
   518.690516040|17093517||arm_cmn_1/hnf_cache_miss/|1001300080|100.00||
   519.691986456|20181541||arm_cmn_0/hnf_cache_miss/|1001476480|100.00||
   519.691986456|17477692||arm_cmn_1/hnf_cache_miss/|1001476080|100.00||
   520.693465593|20439826||arm_cmn_0/hnf_cache_miss/|1001481480|100.00||
   520.693465593|17783299||arm_cmn_1/hnf_cache_miss/|1001481640|100.00||
   521.694770529|20428032||arm_cmn_0/hnf_cache_miss/|1001296520|100.00||
   521.694770529|17545873||arm_cmn_1/hnf_cache_miss/|1001296240|100.00||
   522.695971065|20567284||arm_cmn_0/hnf_cache_miss/|1001197880|100.00||
   522.695971065|17962931||arm_cmn_1/hnf_cache_miss/|1001198000|100.00||
   523.697266481|20099835||arm_cmn_0/hnf_cache_miss/|1001299360|100.00||
   523.697266481|18002720||arm_cmn_1/hnf_cache_miss/|1001299560|100.00||
   524.698571177|20435219||arm_cmn_0/hnf_cache_miss/|1001299840|100.00||
   524.698571177|18012561||arm_cmn_1/hnf_cache_miss/|1001299920|100.00||
   525.699968753|20596772||arm_cmn_0/hnf_cache_miss/|1001392720|100.00||
   525.699968753|18031880||arm_cmn_1/hnf_cache_miss/|1001392680|100.00||
   526.701268209|20354699||arm_cmn_0/hnf_cache_miss/|1001305920|100.00||
   526.701268209|18092290||arm_cmn_1/hnf_cache_miss/|1001305600|100.00||
   527.702572985|20595892||arm_cmn_0/hnf_cache_miss/|1001300360|100.00||
   527.702572985|17769925||arm_cmn_1/hnf_cache_miss/|1001299840|100.00||
   528.703982841|20863929||arm_cmn_0/hnf_cache_miss/|1001407120|100.00||
   528.703982841|17864260||arm_cmn_1/hnf_cache_miss/|1001408720|100.00||
   529.705278217|20832243||arm_cmn_0/hnf_cache_miss/|1001298480|100.00||
   529.705278217|18036954||arm_cmn_1/hnf_cache_miss/|1001299520|100.00||
   530.706732073|20435952||arm_cmn_0/hnf_cache_miss/|1001451040|100.00||
   530.706732073|18201764||arm_cmn_1/hnf_cache_miss/|1001449600|100.00||
   531.707896129|20612835||arm_cmn_0/hnf_cache_miss/|1001160720|100.00||
   531.707896129|17598707||arm_cmn_1/hnf_cache_miss/|1001162440|100.00||
   532.709207465|20205074||arm_cmn_0/hnf_cache_miss/|1001309520|100.00||
   532.709207465|17943379||arm_cmn_1/hnf_cache_miss/|1001307760|100.00||
   533.710494321|20970842||arm_cmn_0/hnf_cache_miss/|1001286200|100.00||
   533.710494321|17977533||arm_cmn_1/hnf_cache_miss/|1001286160|100.00||
   534.711874857|20608263||arm_cmn_0/hnf_cache_miss/|1001373600|100.00||
   534.711874857|18076681||arm_cmn_1/hnf_cache_miss/|1001372800|100.00||
   535.713343073|20327131||arm_cmn_0/hnf_cache_miss/|1001476800|100.00||
   535.713343073|18154262||arm_cmn_1/hnf_cache_miss/|1001477160|100.00||
   536.714640010|20859929||arm_cmn_0/hnf_cache_miss/|1001292040|100.00||
   536.714640010|17815780||arm_cmn_1/hnf_cache_miss/|1001291920|100.00||
   537.715942586|20284662||arm_cmn_0/hnf_cache_miss/|1001298680|100.00||
   537.715942586|18084253||arm_cmn_1/hnf_cache_miss/|1001300920|100.00||
   538.717239282|20867331||arm_cmn_0/hnf_cache_miss/|1001303520|100.00||
   538.717239282|18738449||arm_cmn_1/hnf_cache_miss/|1001302640|100.00||
   539.718544098|20965722||arm_cmn_0/hnf_cache_miss/|1001303480|100.00||
   539.718544098|18744310||arm_cmn_1/hnf_cache_miss/|1001303240|100.00||
   540.719971754|20394047||arm_cmn_0/hnf_cache_miss/|1001428000|100.00||
   540.719971754|18421360||arm_cmn_1/hnf_cache_miss/|1001427560|100.00||
   541.721282130|20854990||arm_cmn_0/hnf_cache_miss/|1001303320|100.00||
   541.721282130|18406113||arm_cmn_1/hnf_cache_miss/|1001304400|100.00||
   542.722587906|21025529||arm_cmn_0/hnf_cache_miss/|1001306160|100.00||
   542.722587906|18490375||arm_cmn_1/hnf_cache_miss/|1001305160|100.00||
   543.723970522|21411106||arm_cmn_0/hnf_cache_miss/|1001378720|100.00||
   543.723970522|18551425||arm_cmn_1/hnf_cache_miss/|1001378720|100.00||
   544.725284778|21671633||arm_cmn_0/hnf_cache_miss/|1001309720|100.00||
   544.725284778|18880850||arm_cmn_1/hnf_cache_miss/|1001310680|100.00||
   545.726725114|21142425||arm_cmn_0/hnf_cache_miss/|1001447680|100.00||
   545.726725114|18578395||arm_cmn_1/hnf_cache_miss/|1001446040|100.00||
   546.727989130|21344867||arm_cmn_0/hnf_cache_miss/|1001240920|100.00||
   546.727989130|18832342||arm_cmn_1/hnf_cache_miss/|1001241480|100.00||
   547.729257786|21286979||arm_cmn_0/hnf_cache_miss/|1001285400|100.00||
   547.729257786|19089176||arm_cmn_1/hnf_cache_miss/|1001285880|100.00||
   548.730555322|21306066||arm_cmn_0/hnf_cache_miss/|1001299760|100.00||
   548.730555322|18826323||arm_cmn_1/hnf_cache_miss/|1001299040|100.00||
   549.732000458|21868360||arm_cmn_0/hnf_cache_miss/|1001446120|100.00||
   549.732000458|19066618||arm_cmn_1/hnf_cache_miss/|1001445680|100.00||
   550.733446275|21531625||arm_cmn_0/hnf_cache_miss/|1001451120|100.00||
   550.733446275|19271970||arm_cmn_1/hnf_cache_miss/|1001453120|100.00||
   551.734758891|21173611||arm_cmn_0/hnf_cache_miss/|1001304080|100.00||
   551.734758891|19294837||arm_cmn_1/hnf_cache_miss/|1001302760|100.00||
   552.735960106|21621082||arm_cmn_0/hnf_cache_miss/|1001203680|100.00||
   552.735960106|18670402||arm_cmn_1/hnf_cache_miss/|1001205120|100.00||
   553.737268563|21817151||arm_cmn_0/hnf_cache_miss/|1001302680|100.00||
   553.737268563|18847117||arm_cmn_1/hnf_cache_miss/|1001301000|100.00||
   554.738561419|23862007||arm_cmn_0/hnf_cache_miss/|1001289640|100.00||
   554.738561419|19018180||arm_cmn_1/hnf_cache_miss/|1001289880|100.00||
   555.740013395|26379444||arm_cmn_0/hnf_cache_miss/|1001451960|100.00||
   555.740013395|19161195||arm_cmn_1/hnf_cache_miss/|1001451200|100.00||
   556.741318411|21051906||arm_cmn_0/hnf_cache_miss/|1001300200|100.00||
   556.741318411|19000522||arm_cmn_1/hnf_cache_miss/|1001299840|100.00||
   557.742614347|21454079||arm_cmn_0/hnf_cache_miss/|1001293400|100.00||
   557.742614347|19375860||arm_cmn_1/hnf_cache_miss/|1001295440|100.00||
   558.743945723|21110269||arm_cmn_0/hnf_cache_miss/|1001335000|100.00||
   558.743945723|19109896||arm_cmn_1/hnf_cache_miss/|1001333240|100.00||
   559.745263339|20688735||arm_cmn_0/hnf_cache_miss/|1001316120|100.00||
   559.745263339|19094288||arm_cmn_1/hnf_cache_miss/|1001316880|100.00||
   560.746732475|21510193||arm_cmn_0/hnf_cache_miss/|1001472040|100.00||
   560.746732475|19141650||arm_cmn_1/hnf_cache_miss/|1001472840|100.00||
   561.747911011|25529052||arm_cmn_0/hnf_cache_miss/|1001175920|100.00||
   561.747911011|18687932||arm_cmn_1/hnf_cache_miss/|1001174640|100.00||
   562.749260747|26278840||arm_cmn_0/hnf_cache_miss/|1001347040|100.00||
   562.749260747|18921460||arm_cmn_1/hnf_cache_miss/|1001348320|100.00||
   563.750567483|32732969||arm_cmn_0/hnf_cache_miss/|1001292800|100.00||
   563.750567483|19141380||arm_cmn_1/hnf_cache_miss/|1001291680|100.00||
   564.751925099|50863705||arm_cmn_0/hnf_cache_miss/|1001359680|100.00||
   564.751925099|19831657||arm_cmn_1/hnf_cache_miss/|1001359560|100.00||
   565.753425195|111015833||arm_cmn_0/hnf_cache_miss/|1001499200|100.00||
   565.753425195|20342215||arm_cmn_1/hnf_cache_miss/|1001499080|100.00||
   566.754702251|534987126||arm_cmn_0/hnf_cache_miss/|1001272680|100.00||
   566.754702251|20701637||arm_cmn_1/hnf_cache_miss/|1001272120|100.00||
   567.755931187|770384425||arm_cmn_0/hnf_cache_miss/|1001238080|100.00||
   567.755931187|100109867||arm_cmn_1/hnf_cache_miss/|1001239560|100.00||
   568.757238363|561593664||arm_cmn_0/hnf_cache_miss/|1001304960|100.00||
   568.757238363|886732615||arm_cmn_1/hnf_cache_miss/|1001304840|100.00||
   569.758562259|437802572||arm_cmn_0/hnf_cache_miss/|1001339760|100.00||
   569.758562259|1011435917||arm_cmn_1/hnf_cache_miss/|1001341080|100.00||
   570.759954036|64245757||arm_cmn_0/hnf_cache_miss/|1001477920|100.00||
   570.759954036|753382796||arm_cmn_1/hnf_cache_miss/|1001477960|100.00||
   571.761460572|42679627||arm_cmn_0/hnf_cache_miss/|1001475120|100.00||
   571.761460572|596471493||arm_cmn_1/hnf_cache_miss/|1001472200|100.00||
   572.106887136|7665829||arm_cmn_0/hnf_cache_miss/|345344520|100.00||
   572.106887136|36601681||arm_cmn_1/hnf_cache_miss/|345343640|100.00||
