     1.001054994|13120819||arm_cmn_0/hnf_cache_miss/|1001419400|100.00||
     1.001054994|12212052||arm_cmn_1/hnf_cache_miss/|1001405760|100.00||
     2.005271510|8357344||arm_cmn_0/hnf_cache_miss/|1004065800|100.00||
     2.005271510|7147787||arm_cmn_1/hnf_cache_miss/|1004064240|100.00||
     3.006561144|10675959||arm_cmn_0/hnf_cache_miss/|1001279200|100.00||
     3.006561144|9440591||arm_cmn_1/hnf_cache_miss/|1001280960|100.00||
     4.007845537|13735831||arm_cmn_0/hnf_cache_miss/|1001290880|100.00||
     4.007845537|12045185||arm_cmn_1/hnf_cache_miss/|1001289240|100.00||
     5.009270491|12315964||arm_cmn_0/hnf_cache_miss/|1001419320|100.00||
     5.009270491|11251386||arm_cmn_1/hnf_cache_miss/|1001420280|100.00||
     6.010565244|13238616||arm_cmn_0/hnf_cache_miss/|1001298600|100.00||
     6.010565244|11649760||arm_cmn_1/hnf_cache_miss/|1001297880|100.00||
     7.011858238|18683956||arm_cmn_0/hnf_cache_miss/|1001288440|100.00||
     7.011858238|17625852||arm_cmn_1/hnf_cache_miss/|1001288120|100.00||
     8.013265871|20110239||arm_cmn_0/hnf_cache_miss/|1001406640|100.00||
     8.013265871|18508234||arm_cmn_1/hnf_cache_miss/|1001407320|100.00||
     9.014559025|19145522||arm_cmn_0/hnf_cache_miss/|1001290040|100.00||
     9.014559025|17842641||arm_cmn_1/hnf_cache_miss/|1001289360|100.00||
    10.015855298|21536044||arm_cmn_0/hnf_cache_miss/|1001296840|100.00||
    10.015855298|19791099||arm_cmn_1/hnf_cache_miss/|1001296920|100.00||
    11.017275371|22555897||arm_cmn_0/hnf_cache_miss/|1001422080|100.00||
    11.017275371|20794183||arm_cmn_1/hnf_cache_miss/|1001423360|100.00||
    12.018570565|23228864||arm_cmn_0/hnf_cache_miss/|1001290120|100.00||
    12.018570565|21838146||arm_cmn_1/hnf_cache_miss/|1001288640|100.00||
    13.019869358|25959989||arm_cmn_0/hnf_cache_miss/|1001304920|100.00||
    13.019869358|24261828||arm_cmn_1/hnf_cache_miss/|1001305800|100.00||
    14.021270791|30129913||arm_cmn_0/hnf_cache_miss/|1001394320|100.00||
    14.021270791|28161897||arm_cmn_1/hnf_cache_miss/|1001394320|100.00||
    15.022562584|31287152||arm_cmn_0/hnf_cache_miss/|1001297360|100.00||
    15.022562584|29459867||arm_cmn_1/hnf_cache_miss/|1001297000|100.00||
    16.023864137|35664891||arm_cmn_0/hnf_cache_miss/|1001297880|100.00||
    16.023864137|33389102||arm_cmn_1/hnf_cache_miss/|1001298560|100.00||
    17.025254970|43707847||arm_cmn_0/hnf_cache_miss/|1001389160|100.00||
    17.025254970|41394095||arm_cmn_1/hnf_cache_miss/|1001389720|100.00||
    18.026550043|45104273||arm_cmn_0/hnf_cache_miss/|1001294560|100.00||
    18.026550043|42705608||arm_cmn_1/hnf_cache_miss/|1001293080|100.00||
    19.027848516|48717858||arm_cmn_0/hnf_cache_miss/|1001291240|100.00||
    19.027848516|45661570||arm_cmn_1/hnf_cache_miss/|1001290600|100.00||
    20.029248669|50058531||arm_cmn_0/hnf_cache_miss/|1001400240|100.00||
    20.029248669|48376476||arm_cmn_1/hnf_cache_miss/|1001401880|100.00||
    21.030541822|57067130||arm_cmn_0/hnf_cache_miss/|1001297760|100.00||
    21.030541822|54304817||arm_cmn_1/hnf_cache_miss/|1001297240|100.00||
    22.031855855|64076729||arm_cmn_0/hnf_cache_miss/|1001300320|100.00||
    22.031855855|61345520||arm_cmn_1/hnf_cache_miss/|1001299160|100.00||
    23.033269888|57592739||arm_cmn_0/hnf_cache_miss/|1001421840|100.00||
    23.033269888|58819513||arm_cmn_1/hnf_cache_miss/|1001423080|100.00||
    24.034554161|9770601||arm_cmn_0/hnf_cache_miss/|1001289560|100.00||
    24.034554161|8755331||arm_cmn_1/hnf_cache_miss/|1001290200|100.00||
    25.035860034|11531132||arm_cmn_0/hnf_cache_miss/|1001295920|100.00||
    25.035860034|10946385||arm_cmn_1/hnf_cache_miss/|1001294560|100.00||
    26.037271307|11508508||arm_cmn_0/hnf_cache_miss/|1001414800|100.00||
    26.037271307|10379703||arm_cmn_1/hnf_cache_miss/|1001416080|100.00||
    27.038571939|15532783||arm_cmn_0/hnf_cache_miss/|1001296800|100.00||
    27.038571939|14425558||arm_cmn_1/hnf_cache_miss/|1001297640|100.00||
    28.039875372|15249641||arm_cmn_0/hnf_cache_miss/|1001308120|100.00||
    28.039875372|13942407||arm_cmn_1/hnf_cache_miss/|1001305840|100.00||
    29.041285565|15261742||arm_cmn_0/hnf_cache_miss/|1001399120|100.00||
    29.041285565|14025605||arm_cmn_1/hnf_cache_miss/|1001399560|100.00||
    30.042604798|18212649||arm_cmn_0/hnf_cache_miss/|1001327800|100.00||
    30.042604798|16408194||arm_cmn_1/hnf_cache_miss/|1001328760|100.00||
    31.043901710|21503119||arm_cmn_0/hnf_cache_miss/|1001296040|100.00||
    31.043901710|19968937||arm_cmn_1/hnf_cache_miss/|1001294920|100.00||
    32.045281623|22470653||arm_cmn_0/hnf_cache_miss/|1001375960|100.00||
    32.045281623|21193349||arm_cmn_1/hnf_cache_miss/|1001377560|100.00||
    33.046569975|21146138||arm_cmn_0/hnf_cache_miss/|1001286800|100.00||
    33.046569975|19528090||arm_cmn_1/hnf_cache_miss/|1001284440|100.00||
    34.047862328|23217759||arm_cmn_0/hnf_cache_miss/|1001290560|100.00||
    34.047862328|21380420||arm_cmn_1/hnf_cache_miss/|1001292040|100.00||
    35.049271600|27089760||arm_cmn_0/hnf_cache_miss/|1001407440|100.00||
    35.049271600|25432105||arm_cmn_1/hnf_cache_miss/|1001406440|100.00||
    36.050573233|29364455||arm_cmn_0/hnf_cache_miss/|1001301800|100.00||
    36.050573233|27804876||arm_cmn_1/hnf_cache_miss/|1001303040|100.00||
    37.051864625|33997136||arm_cmn_0/hnf_cache_miss/|1001289560|100.00||
    37.051864625|31795050||arm_cmn_1/hnf_cache_miss/|1001289560|100.00||
    38.053259218|38269758||arm_cmn_0/hnf_cache_miss/|1001391440|100.00||
    38.053259218|35723130||arm_cmn_1/hnf_cache_miss/|1001391680|100.00||
    39.054546810|47731011||arm_cmn_0/hnf_cache_miss/|1001284800|100.00||
    39.054546810|44720694||arm_cmn_1/hnf_cache_miss/|1001283480|100.00||
    40.055826002|53135968||arm_cmn_0/hnf_cache_miss/|1001281520|100.00||
    40.055826002|49746934||arm_cmn_1/hnf_cache_miss/|1001282080|100.00||
    41.057225435|57504835||arm_cmn_0/hnf_cache_miss/|1001395840|100.00||
    41.057225435|56536374||arm_cmn_1/hnf_cache_miss/|1001396480|100.00||
    42.058507707|11284266||arm_cmn_0/hnf_cache_miss/|1001287440|100.00||
    42.058507707|11564175||arm_cmn_1/hnf_cache_miss/|1001287120|100.00||
    43.059807379|9951374||arm_cmn_0/hnf_cache_miss/|1001293440|100.00||
    43.059807379|8928117||arm_cmn_1/hnf_cache_miss/|1001292320|100.00||
    44.061263011|12464955||arm_cmn_0/hnf_cache_miss/|1001452440|100.00||
    44.061263011|11079151||arm_cmn_1/hnf_cache_miss/|1001453120|100.00||
    45.062544724|13008419||arm_cmn_0/hnf_cache_miss/|1001285200|100.00||
    45.062544724|12145188||arm_cmn_1/hnf_cache_miss/|1001284640|100.00||
    46.063843276|15320884||arm_cmn_0/hnf_cache_miss/|1001296480|100.00||
    46.063843276|13629196||arm_cmn_1/hnf_cache_miss/|1001298440|100.00||
    47.065279708|17612472||arm_cmn_0/hnf_cache_miss/|1001429240|100.00||
    47.065279708|16875913||arm_cmn_1/hnf_cache_miss/|1001428000|100.00||
    48.066556380|20472045||arm_cmn_0/hnf_cache_miss/|1001281080|100.00||
    48.066556380|19037611||arm_cmn_1/hnf_cache_miss/|1001280200|100.00||
    49.067856452|20884655||arm_cmn_0/hnf_cache_miss/|1001293920|100.00||
    49.067856452|19382384||arm_cmn_1/hnf_cache_miss/|1001294440|100.00||
    50.069274964|20530726||arm_cmn_0/hnf_cache_miss/|1001415600|100.00||
    50.069274964|19009978||arm_cmn_1/hnf_cache_miss/|1001416000|100.00||
    51.070574756|24127947||arm_cmn_0/hnf_cache_miss/|1001307560|100.00||
    51.070574756|22298003||arm_cmn_1/hnf_cache_miss/|1001307120|100.00||
    52.071878508|25937379||arm_cmn_0/hnf_cache_miss/|1001295920|100.00||
    52.071878508|24005777||arm_cmn_1/hnf_cache_miss/|1001295000|100.00||
    53.073263220|31210323||arm_cmn_0/hnf_cache_miss/|1001391960|100.00||
    53.073263220|28797760||arm_cmn_1/hnf_cache_miss/|1001393680|100.00||
    54.074570092|33943937||arm_cmn_0/hnf_cache_miss/|1001301520|100.00||
    54.074570092|32586772||arm_cmn_1/hnf_cache_miss/|1001300200|100.00||
    55.075848284|30819165||arm_cmn_0/hnf_cache_miss/|1001276360|100.00||
    55.075848284|28696597||arm_cmn_1/hnf_cache_miss/|1001278160|100.00||
    56.077277756|35679015||arm_cmn_0/hnf_cache_miss/|1001431520|100.00||
    56.077277756|33286599||arm_cmn_1/hnf_cache_miss/|1001431360|100.00||
    57.078587347|38419302||arm_cmn_0/hnf_cache_miss/|1001308000|100.00||
    57.078587347|35895801||arm_cmn_1/hnf_cache_miss/|1001307200|100.00||
    58.079905979|42363805||arm_cmn_0/hnf_cache_miss/|1001314000|100.00||
    58.079905979|39068045||arm_cmn_1/hnf_cache_miss/|1001313480|100.00||
    59.081259891|47362148||arm_cmn_0/hnf_cache_miss/|1001359080|100.00||
    59.081259891|44453581||arm_cmn_1/hnf_cache_miss/|1001359600|100.00||
    60.082552163|51863065||arm_cmn_0/hnf_cache_miss/|1001285760|100.00||
    60.082552163|48820848||arm_cmn_1/hnf_cache_miss/|1001285280|100.00||
    61.083835394|53450532||arm_cmn_0/hnf_cache_miss/|1001284720|100.00||
    61.083835394|50674787||arm_cmn_1/hnf_cache_miss/|1001284640|100.00||
    62.085307466|55865901||arm_cmn_0/hnf_cache_miss/|1001470200|100.00||
    62.085307466|53330902||arm_cmn_1/hnf_cache_miss/|1001471680|100.00||
    63.086583178|62197996||arm_cmn_0/hnf_cache_miss/|1001273520|100.00||
    63.086583178|59087888||arm_cmn_1/hnf_cache_miss/|1001272480|100.00||
    64.087878009|74060861||arm_cmn_0/hnf_cache_miss/|1001291040|100.00||
    64.087878009|69720731||arm_cmn_1/hnf_cache_miss/|1001291120|100.00||
    65.089286561|97639661||arm_cmn_0/hnf_cache_miss/|1001410520|100.00||
    65.089286561|91161301||arm_cmn_1/hnf_cache_miss/|1001410280|100.00||
    66.090576232|121968324||arm_cmn_0/hnf_cache_miss/|1001292680|100.00||
    66.090576232|113680709||arm_cmn_1/hnf_cache_miss/|1001293000|100.00||
    67.091864144|115155365||arm_cmn_0/hnf_cache_miss/|1001280280|100.00||
    67.091864144|127915174||arm_cmn_1/hnf_cache_miss/|1001280480|100.00||
    68.093285975|11712378||arm_cmn_0/hnf_cache_miss/|1001423680|100.00||
    68.093285975|10903626||arm_cmn_1/hnf_cache_miss/|1001422760|100.00||
    69.094599047|12309229||arm_cmn_0/hnf_cache_miss/|1001310960|100.00||
    69.094599047|11355625||arm_cmn_1/hnf_cache_miss/|1001311440|100.00||
    70.095879638|13676110||arm_cmn_0/hnf_cache_miss/|1001285720|100.00||
    70.095879638|12718691||arm_cmn_1/hnf_cache_miss/|1001287400|100.00||
    71.097279189|14876697||arm_cmn_0/hnf_cache_miss/|1001389360|100.00||
    71.097279189|13659524||arm_cmn_1/hnf_cache_miss/|1001387360|100.00||
    72.098574701|15577858||arm_cmn_0/hnf_cache_miss/|1001301560|100.00||
    72.098574701|14468591||arm_cmn_1/hnf_cache_miss/|1001301600|100.00||
    73.099867892|15693330||arm_cmn_0/hnf_cache_miss/|1001290640|100.00||
    73.099867892|14712643||arm_cmn_1/hnf_cache_miss/|1001291680|100.00||
    74.101262323|18514687||arm_cmn_0/hnf_cache_miss/|1001385720|100.00||
    74.101262323|17267536||arm_cmn_1/hnf_cache_miss/|1001383960|100.00||
    75.102549875|22235891||arm_cmn_0/hnf_cache_miss/|1001291560|100.00||
    75.102549875|20598989||arm_cmn_1/hnf_cache_miss/|1001292520|100.00||
    76.103844706|24801959||arm_cmn_0/hnf_cache_miss/|1001297800|100.00||
    76.103844706|24052406||arm_cmn_1/hnf_cache_miss/|1001297960|100.00||
    77.105286577|22940780||arm_cmn_0/hnf_cache_miss/|1001435520|100.00||
    77.105286577|21744352||arm_cmn_1/hnf_cache_miss/|1001436000|100.00||
    78.106576648|26071290||arm_cmn_0/hnf_cache_miss/|1001294040|100.00||
    78.106576648|24230090||arm_cmn_1/hnf_cache_miss/|1001293960|100.00||
    79.107874719|31979411||arm_cmn_0/hnf_cache_miss/|1001296000|100.00||
    79.107874719|29756439||arm_cmn_1/hnf_cache_miss/|1001295080|100.00||
    80.109271231|33394202||arm_cmn_0/hnf_cache_miss/|1001395200|100.00||
    80.109271231|30781967||arm_cmn_1/hnf_cache_miss/|1001395120|100.00||
    81.110578262|36087824||arm_cmn_0/hnf_cache_miss/|1001308000|100.00||
    81.110578262|33777105||arm_cmn_1/hnf_cache_miss/|1001308680|100.00||
    82.111877293|37910548||arm_cmn_0/hnf_cache_miss/|1001298880|100.00||
    82.111877293|34795377||arm_cmn_1/hnf_cache_miss/|1001299120|100.00||
    83.113264364|40799632||arm_cmn_0/hnf_cache_miss/|1001379440|100.00||
    83.113264364|38367778||arm_cmn_1/hnf_cache_miss/|1001378840|100.00||
    84.114551555|43265539||arm_cmn_0/hnf_cache_miss/|1001292960|100.00||
    84.114551555|40490707||arm_cmn_1/hnf_cache_miss/|1001293080|100.00||
    85.115853506|47131465||arm_cmn_0/hnf_cache_miss/|1001296960|100.00||
    85.115853506|43767917||arm_cmn_1/hnf_cache_miss/|1001298040|100.00||
    86.117260937|60227798||arm_cmn_0/hnf_cache_miss/|1001405400|100.00||
    86.117260937|55191313||arm_cmn_1/hnf_cache_miss/|1001405040|100.00||
    87.118548887|70975165||arm_cmn_0/hnf_cache_miss/|1001292000|100.00||
    87.118548887|65814373||arm_cmn_1/hnf_cache_miss/|1001291760|100.00||
    88.119844638|100197813||arm_cmn_0/hnf_cache_miss/|1001290840|100.00||
    88.119844638|90601601||arm_cmn_1/hnf_cache_miss/|1001290480|100.00||
    89.121261109|68198474||arm_cmn_0/hnf_cache_miss/|1001415880|100.00||
    89.121261109|83103800||arm_cmn_1/hnf_cache_miss/|1001416080|100.00||
    90.122555620|11789687||arm_cmn_0/hnf_cache_miss/|1001293520|100.00||
    90.122555620|10323835||arm_cmn_1/hnf_cache_miss/|1001293400|100.00||
    91.123853491|12642108||arm_cmn_0/hnf_cache_miss/|1001295040|100.00||
    91.123853491|11065612||arm_cmn_1/hnf_cache_miss/|1001295920|100.00||
    92.125229722|14078449||arm_cmn_0/hnf_cache_miss/|1001377280|100.00||
    92.125229722|12840152||arm_cmn_1/hnf_cache_miss/|1001376760|100.00||
    93.126524312|16888586||arm_cmn_0/hnf_cache_miss/|1001288600|100.00||
    93.126524312|15207538||arm_cmn_1/hnf_cache_miss/|1001288200|100.00||
    94.127820423|17842010||arm_cmn_0/hnf_cache_miss/|1001296800|100.00||
    94.127820423|16451682||arm_cmn_1/hnf_cache_miss/|1001297600|100.00||
    95.129274094|19359489||arm_cmn_0/hnf_cache_miss/|1001454040|100.00||
    95.129274094|17719889||arm_cmn_1/hnf_cache_miss/|1001453000|100.00||
    96.130564324|21790989||arm_cmn_0/hnf_cache_miss/|1001291560|100.00||
    96.130564324|19744816||arm_cmn_1/hnf_cache_miss/|1001291720|100.00||
    97.131862675|25426090||arm_cmn_0/hnf_cache_miss/|1001292000|100.00||
    97.131862675|23514942||arm_cmn_1/hnf_cache_miss/|1001292440|100.00||
    98.133271066|27936821||arm_cmn_0/hnf_cache_miss/|1001413360|100.00||
    98.133271066|25898147||arm_cmn_1/hnf_cache_miss/|1001414000|100.00||
    99.134568056|32581767||arm_cmn_0/hnf_cache_miss/|1001298960|100.00||
    99.134568056|30448110||arm_cmn_1/hnf_cache_miss/|1001298040|100.00||
   100.135856247|33374840||arm_cmn_0/hnf_cache_miss/|1001284160|100.00||
   100.135856247|31686089||arm_cmn_1/hnf_cache_miss/|1001283200|100.00||
   101.137265717|32113709||arm_cmn_0/hnf_cache_miss/|1001400400|100.00||
   101.137265717|30206097||arm_cmn_1/hnf_cache_miss/|1001401160|100.00||
   102.138549948|35075713||arm_cmn_0/hnf_cache_miss/|1001293800|100.00||
   102.138549948|33152120||arm_cmn_1/hnf_cache_miss/|1001295040|100.00||
   103.139871018|26548948||arm_cmn_0/hnf_cache_miss/|1001315000|100.00||
   103.139871018|29401203||arm_cmn_1/hnf_cache_miss/|1001315600|100.00||
   104.141232569|14273325||arm_cmn_0/hnf_cache_miss/|1001359240|100.00||
   104.141232569|13006468||arm_cmn_1/hnf_cache_miss/|1001357720|100.00||
   105.142510119|15868705||arm_cmn_0/hnf_cache_miss/|1001278720|100.00||
   105.142510119|13693470||arm_cmn_1/hnf_cache_miss/|1001278600|100.00||
   106.143807829|19880069||arm_cmn_0/hnf_cache_miss/|1001295080|100.00||
   106.143807829|17575987||arm_cmn_1/hnf_cache_miss/|1001295200|100.00||
   107.145172580|24054648||arm_cmn_0/hnf_cache_miss/|1001361080|100.00||
   107.145172580|21756098||arm_cmn_1/hnf_cache_miss/|1001361200|100.00||
   108.146463890|23100660||arm_cmn_0/hnf_cache_miss/|1001294240|100.00||
   108.146463890|21645671||arm_cmn_1/hnf_cache_miss/|1001294000|100.00||
   109.147751560|24240881||arm_cmn_0/hnf_cache_miss/|1001289200|100.00||
   109.147751560|22271974||arm_cmn_1/hnf_cache_miss/|1001288880|100.00||
   110.149050470|26515490||arm_cmn_0/hnf_cache_miss/|1001480360|100.00||
   110.149050470|24355401||arm_cmn_1/hnf_cache_miss/|1001480680|100.00||
   111.150527301|29160439||arm_cmn_0/hnf_cache_miss/|1001286400|100.00||
   111.150527301|26715242||arm_cmn_1/hnf_cache_miss/|1001286040|100.00||
   112.151816811|31733479||arm_cmn_0/hnf_cache_miss/|1001294280|100.00||
   112.151816811|29431409||arm_cmn_1/hnf_cache_miss/|1001294480|100.00||
   113.153279241|35494190||arm_cmn_0/hnf_cache_miss/|1001452920|100.00||
   113.153279241|32028413||arm_cmn_1/hnf_cache_miss/|1001452880|100.00||
   114.154575711|42158043||arm_cmn_0/hnf_cache_miss/|1001300840|100.00||
   114.154575711|38437704||arm_cmn_1/hnf_cache_miss/|1001299920|100.00||
   115.155867821|50731778||arm_cmn_0/hnf_cache_miss/|1001296640|100.00||
   115.155867821|49578543||arm_cmn_1/hnf_cache_miss/|1001297760|100.00||
   116.157276211|24875220||arm_cmn_0/hnf_cache_miss/|1001406680|100.00||
   116.157276211|27071051||arm_cmn_1/hnf_cache_miss/|1001407600|100.00||
   117.158579082|21528897||arm_cmn_0/hnf_cache_miss/|1001304200|100.00||
   117.158579082|19450352||arm_cmn_1/hnf_cache_miss/|1001303640|100.00||
   118.159887552|21600643||arm_cmn_0/hnf_cache_miss/|1001304160|100.00||
   118.159887552|20616887||arm_cmn_1/hnf_cache_miss/|1001305920|100.00||
   119.161249942|22109672||arm_cmn_0/hnf_cache_miss/|1001357880|100.00||
   119.161249942|20463153||arm_cmn_1/hnf_cache_miss/|1001356000|100.00||
   120.162549372|23313104||arm_cmn_0/hnf_cache_miss/|1001300120|100.00||
   120.162549372|21686804||arm_cmn_1/hnf_cache_miss/|1001301200|100.00||
   121.163838721|23192996||arm_cmn_0/hnf_cache_miss/|1001289760|100.00||
   121.163838721|22212127||arm_cmn_1/hnf_cache_miss/|1001288600|100.00||
   122.165280471|23334300||arm_cmn_0/hnf_cache_miss/|1001440560|100.00||
   122.165280471|22120340||arm_cmn_1/hnf_cache_miss/|1001440640|100.00||
   123.166581981|23877034||arm_cmn_0/hnf_cache_miss/|1001295480|100.00||
   123.166581981|21662832||arm_cmn_1/hnf_cache_miss/|1001295640|100.00||
   124.167877051|26364252||arm_cmn_0/hnf_cache_miss/|1001304560|100.00||
   124.167877051|24706439||arm_cmn_1/hnf_cache_miss/|1001304760|100.00||
   125.169250361|26112507||arm_cmn_0/hnf_cache_miss/|1001369520|100.00||
   125.169250361|24642568||arm_cmn_1/hnf_cache_miss/|1001369120|100.00||
   126.170578751|24893210||arm_cmn_0/hnf_cache_miss/|1001321520|100.00||
   126.170578751|23798490||arm_cmn_1/hnf_cache_miss/|1001321400|100.00||
   127.171868821|26476835||arm_cmn_0/hnf_cache_miss/|1001295160|100.00||
   127.171868821|24643168||arm_cmn_1/hnf_cache_miss/|1001295520|100.00||
   128.173239050|25202772||arm_cmn_0/hnf_cache_miss/|1001358120|100.00||
   128.173239050|23738014||arm_cmn_1/hnf_cache_miss/|1001358560|100.00||
   129.174530880|25439048||arm_cmn_0/hnf_cache_miss/|1001302240|100.00||
   129.174530880|23709867||arm_cmn_1/hnf_cache_miss/|1001301080|100.00||
   130.175844310|26824998||arm_cmn_0/hnf_cache_miss/|1001307800|100.00||
   130.175844310|24687994||arm_cmn_1/hnf_cache_miss/|1001308040|100.00||
   131.177270660|27935277||arm_cmn_0/hnf_cache_miss/|1001422720|100.00||
   131.177270660|26584099||arm_cmn_1/hnf_cache_miss/|1001422400|100.00||
   132.178564609|26740890||arm_cmn_0/hnf_cache_miss/|1001296800|100.00||
   132.178564609|25492880||arm_cmn_1/hnf_cache_miss/|1001297440|100.00||
   133.179874879|27650154||arm_cmn_0/hnf_cache_miss/|1001306080|100.00||
   133.179874879|25818575||arm_cmn_1/hnf_cache_miss/|1001306040|100.00||
   134.181277108|28610609||arm_cmn_0/hnf_cache_miss/|1001395480|100.00||
   134.181277108|26928327||arm_cmn_1/hnf_cache_miss/|1001394800|100.00||
   135.182567098|29043822||arm_cmn_0/hnf_cache_miss/|1001297520|100.00||
   135.182567098|28529484||arm_cmn_1/hnf_cache_miss/|1001298040|100.00||
   136.183870088|29447162||arm_cmn_0/hnf_cache_miss/|1001303720|100.00||
   136.183870088|27173053||arm_cmn_1/hnf_cache_miss/|1001304200|100.00||
   137.185260677|31810075||arm_cmn_0/hnf_cache_miss/|1001386080|100.00||
   137.185260677|30432338||arm_cmn_1/hnf_cache_miss/|1001385600|100.00||
   138.186562027|30891722||arm_cmn_0/hnf_cache_miss/|1001304760|100.00||
   138.186562027|29165723||arm_cmn_1/hnf_cache_miss/|1001304960|100.00||
   139.187868696|31598021||arm_cmn_0/hnf_cache_miss/|1001300040|100.00||
   139.187868696|30509194||arm_cmn_1/hnf_cache_miss/|1001300800|100.00||
   140.189314806|30799811||arm_cmn_0/hnf_cache_miss/|1001442920|100.00||
   140.189314806|29226710||arm_cmn_1/hnf_cache_miss/|1001441640|100.00||
   141.190610195|33091942||arm_cmn_0/hnf_cache_miss/|1001291480|100.00||
   141.190610195|31461299||arm_cmn_1/hnf_cache_miss/|1001291040|100.00||
   142.191940024|33072972||arm_cmn_0/hnf_cache_miss/|1001338600|100.00||
   142.191940024|31062346||arm_cmn_1/hnf_cache_miss/|1001339600|100.00||
   143.193277814|33450557||arm_cmn_0/hnf_cache_miss/|1001337720|100.00||
   143.193277814|32561097||arm_cmn_1/hnf_cache_miss/|1001336320|100.00||
   144.194595923|32698788||arm_cmn_0/hnf_cache_miss/|1001312440|100.00||
   144.194595923|31009958||arm_cmn_1/hnf_cache_miss/|1001312960|100.00||
   145.195899512|34201176||arm_cmn_0/hnf_cache_miss/|1001303320|100.00||
   145.195899512|32107546||arm_cmn_1/hnf_cache_miss/|1001304200|100.00||
   146.197274742|36136460||arm_cmn_0/hnf_cache_miss/|1001370240|100.00||
   146.197274742|33453498||arm_cmn_1/hnf_cache_miss/|1001370240|100.00||
   147.198588931|36073227||arm_cmn_0/hnf_cache_miss/|1001309800|100.00||
   147.198588931|35101470||arm_cmn_1/hnf_cache_miss/|1001308760|100.00||
   148.199888520|36555403||arm_cmn_0/hnf_cache_miss/|1001301960|100.00||
   148.199888520|34595137||arm_cmn_1/hnf_cache_miss/|1001302320|100.00||
   149.201279749|36148021||arm_cmn_0/hnf_cache_miss/|1001393920|100.00||
   149.201279749|35032406||arm_cmn_1/hnf_cache_miss/|1001394520|100.00||
   150.202617979|38261269||arm_cmn_0/hnf_cache_miss/|1001334360|100.00||
   150.202617979|36284338||arm_cmn_1/hnf_cache_miss/|1001334000|100.00||
   151.203907888|38560870||arm_cmn_0/hnf_cache_miss/|1001289880|100.00||
   151.203907888|37104308||arm_cmn_1/hnf_cache_miss/|1001289600|100.00||
   152.205269397|40391726||arm_cmn_0/hnf_cache_miss/|1001357520|100.00||
   152.205269397|39322368||arm_cmn_1/hnf_cache_miss/|1001358080|100.00||
   153.206574306|41410073||arm_cmn_0/hnf_cache_miss/|1001310800|100.00||
   153.206574306|39119854||arm_cmn_1/hnf_cache_miss/|1001310600|100.00||
   154.207891495|42861305||arm_cmn_0/hnf_cache_miss/|1001317720|100.00||
   154.207891495|40908727||arm_cmn_1/hnf_cache_miss/|1001317680|100.00||
   155.209299044|42192040||arm_cmn_0/hnf_cache_miss/|1001407840|100.00||
   155.209299044|40287848||arm_cmn_1/hnf_cache_miss/|1001408600|100.00||
   156.210604673|42417421||arm_cmn_0/hnf_cache_miss/|1001296560|100.00||
   156.210604673|39878415||arm_cmn_1/hnf_cache_miss/|1001296520|100.00||
   157.211890782|43186863||arm_cmn_0/hnf_cache_miss/|1001287640|100.00||
   157.211890782|41608289||arm_cmn_1/hnf_cache_miss/|1001287200|100.00||
   158.213256291|44382380||arm_cmn_0/hnf_cache_miss/|1001362200|100.00||
   158.213256291|41564212||arm_cmn_1/hnf_cache_miss/|1001361520|100.00||
   159.214544120|44667996||arm_cmn_0/hnf_cache_miss/|1001289480|100.00||
   159.214544120|42772994||arm_cmn_1/hnf_cache_miss/|1001289960|100.00||
   160.215844429|44173380||arm_cmn_0/hnf_cache_miss/|1001301320|100.00||
   160.215844429|42508430||arm_cmn_1/hnf_cache_miss/|1001301480|100.00||
   161.217208898|43830881||arm_cmn_0/hnf_cache_miss/|1001359880|100.00||
   161.217208898|42200343||arm_cmn_1/hnf_cache_miss/|1001360080|100.00||
   162.218509927|47367007||arm_cmn_0/hnf_cache_miss/|1001301080|100.00||
   162.218509927|44847568||arm_cmn_1/hnf_cache_miss/|1001300960|100.00||
   163.219822196|46484680||arm_cmn_0/hnf_cache_miss/|1001312240|100.00||
   163.219822196|44350905||arm_cmn_1/hnf_cache_miss/|1001312000|100.00||
   164.221281385|46899236||arm_cmn_0/hnf_cache_miss/|1001452440|100.00||
   164.221281385|45188593||arm_cmn_1/hnf_cache_miss/|1001453320|100.00||
   165.222592053|46106144||arm_cmn_0/hnf_cache_miss/|1001308080|100.00||
   165.222592053|44877580||arm_cmn_1/hnf_cache_miss/|1001307400|100.00||
   166.223882842|49383956||arm_cmn_0/hnf_cache_miss/|1001288680|100.00||
   166.223882842|45964337||arm_cmn_1/hnf_cache_miss/|1001288600|100.00||
   167.225273871|47601878||arm_cmn_0/hnf_cache_miss/|1001395480|100.00||
   167.225273871|46776234||arm_cmn_1/hnf_cache_miss/|1001397360|100.00||
   168.226566900|48635815||arm_cmn_0/hnf_cache_miss/|1001294080|100.00||
   168.226566900|45474161||arm_cmn_1/hnf_cache_miss/|1001291760|100.00||
   169.227872448|48783399||arm_cmn_0/hnf_cache_miss/|1001301520|100.00||
   169.227872448|47594401||arm_cmn_1/hnf_cache_miss/|1001301480|100.00||
   170.229274797|50515002||arm_cmn_0/hnf_cache_miss/|1001403920|100.00||
   170.229274797|48204734||arm_cmn_1/hnf_cache_miss/|1001404640|100.00||
   171.230585786|49808794||arm_cmn_0/hnf_cache_miss/|1001306560|100.00||
   171.230585786|48485184||arm_cmn_1/hnf_cache_miss/|1001306560|100.00||
   172.231882494|52137922||arm_cmn_0/hnf_cache_miss/|1001300120|100.00||
   172.231882494|48610665||arm_cmn_1/hnf_cache_miss/|1001300360|100.00||
   173.233197963|53384551||arm_cmn_0/hnf_cache_miss/|1001317520|100.00||
   173.233197963|51076999||arm_cmn_1/hnf_cache_miss/|1001317400|100.00||
   174.234510511|54506070||arm_cmn_0/hnf_cache_miss/|1001308320|100.00||
   174.234510511|51356622||arm_cmn_1/hnf_cache_miss/|1001308120|100.00||
   175.235830740|56858761||arm_cmn_0/hnf_cache_miss/|1001315160|100.00||
   175.235830740|53535196||arm_cmn_1/hnf_cache_miss/|1001314440|100.00||
   176.237264249|57465735||arm_cmn_0/hnf_cache_miss/|1001429600|100.00||
   176.237264249|56146616||arm_cmn_1/hnf_cache_miss/|1001431480|100.00||
   177.238558237|58361919||arm_cmn_0/hnf_cache_miss/|1001300360|100.00||
   177.238558237|55832807||arm_cmn_1/hnf_cache_miss/|1001298920|100.00||
   178.239864905|56765983||arm_cmn_0/hnf_cache_miss/|1001308840|100.00||
   178.239864905|55241779||arm_cmn_1/hnf_cache_miss/|1001308480|100.00||
   179.241298374|56964648||arm_cmn_0/hnf_cache_miss/|1001425080|100.00||
   179.241298374|54930712||arm_cmn_1/hnf_cache_miss/|1001425920|100.00||
   180.242994083|60302995||arm_cmn_0/hnf_cache_miss/|1001698640|100.00||
   180.242994083|56883507||arm_cmn_1/hnf_cache_miss/|1001698880|100.00||
   181.244317911|61240819||arm_cmn_0/hnf_cache_miss/|1001330960|100.00||
   181.244317911|59432886||arm_cmn_1/hnf_cache_miss/|1001331440|100.00||
   182.245268499|62930448||arm_cmn_0/hnf_cache_miss/|1000938960|100.00||
   182.245268499|60744111||arm_cmn_1/hnf_cache_miss/|1000939000|100.00||
   183.246595768|67501285||arm_cmn_0/hnf_cache_miss/|1001327080|100.00||
   183.246595768|64537030||arm_cmn_1/hnf_cache_miss/|1001326760|100.00||
   184.247914036|65681036||arm_cmn_0/hnf_cache_miss/|1001315960|100.00||
   184.247914036|66203198||arm_cmn_1/hnf_cache_miss/|1001315680|100.00||
   185.249263344|66323692||arm_cmn_0/hnf_cache_miss/|1001343200|100.00||
   185.249263344|65799816||arm_cmn_1/hnf_cache_miss/|1001343360|100.00||
   186.250564493|66355484||arm_cmn_0/hnf_cache_miss/|1001300880|100.00||
   186.250564493|64681275||arm_cmn_1/hnf_cache_miss/|1001299400|100.00||
   187.251875321|67616495||arm_cmn_0/hnf_cache_miss/|1001314400|100.00||
   187.251875321|65594460||arm_cmn_1/hnf_cache_miss/|1001316520|100.00||
   188.253290869|69245439||arm_cmn_0/hnf_cache_miss/|1001403680|100.00||
   188.253290869|65966640||arm_cmn_1/hnf_cache_miss/|1001403880|100.00||
   189.254579737|69144118||arm_cmn_0/hnf_cache_miss/|1001292080|100.00||
   189.254579737|67302184||arm_cmn_1/hnf_cache_miss/|1001290120|100.00||
   190.255871765|71406055||arm_cmn_0/hnf_cache_miss/|1001292360|100.00||
   190.255871765|69844330||arm_cmn_1/hnf_cache_miss/|1001293240|100.00||
   191.257148074|72931394||arm_cmn_0/hnf_cache_miss/|1001276720|100.00||
   191.257148074|71040969||arm_cmn_1/hnf_cache_miss/|1001276080|100.00||
   192.258462662|74085415||arm_cmn_0/hnf_cache_miss/|1001307760|100.00||
   192.258462662|72394733||arm_cmn_1/hnf_cache_miss/|1001307960|100.00||
   193.259745330|75356223||arm_cmn_0/hnf_cache_miss/|1001279560|100.00||
   193.259745330|74454537||arm_cmn_1/hnf_cache_miss/|1001278440|100.00||
   194.261020758|78777721||arm_cmn_0/hnf_cache_miss/|1001453520|100.00||
   194.261020758|74696028||arm_cmn_1/hnf_cache_miss/|1001454760|100.00||
   195.263620467|77407123||arm_cmn_0/hnf_cache_miss/|1002436880|100.00||
   195.263620467|77082593||arm_cmn_1/hnf_cache_miss/|1002435600|100.00||
   196.264961215|74425893||arm_cmn_0/hnf_cache_miss/|1001330160|100.00||
   196.264961215|73900382||arm_cmn_1/hnf_cache_miss/|1001502880|100.00||
   197.266427723|76262685||arm_cmn_0/hnf_cache_miss/|1001464880|100.00||
   197.266427723|72485200||arm_cmn_1/hnf_cache_miss/|1001292440|100.00||
   198.267760911|77840876||arm_cmn_0/hnf_cache_miss/|1001334840|100.00||
   198.267760911|76349860||arm_cmn_1/hnf_cache_miss/|1001335640|100.00||
   199.269265620|80303880||arm_cmn_0/hnf_cache_miss/|1001495520|100.00||
   199.269265620|78291885||arm_cmn_1/hnf_cache_miss/|1001495080|100.00||
   200.271662809|81334278||arm_cmn_0/hnf_cache_miss/|1002394800|100.00||
   200.271662809|79565619||arm_cmn_1/hnf_cache_miss/|1002395320|100.00||
   201.272969357|83933381||arm_cmn_0/hnf_cache_miss/|1001509040|100.00||
   201.272969357|81120373||arm_cmn_1/hnf_cache_miss/|1001510280|100.00||
   202.274468545|85307771||arm_cmn_0/hnf_cache_miss/|1001290640|100.00||
   202.274468545|85277592||arm_cmn_1/hnf_cache_miss/|1001288560|100.00||
   203.275762453|87333621||arm_cmn_0/hnf_cache_miss/|1001300160|100.00||
   203.275762453|84189508||arm_cmn_1/hnf_cache_miss/|1001299560|100.00||
   204.277151921|87496191||arm_cmn_0/hnf_cache_miss/|1001384240|100.00||
   204.277151921|85540625||arm_cmn_1/hnf_cache_miss/|1001387280|100.00||
   205.278451988|93679693||arm_cmn_0/hnf_cache_miss/|1001300000|100.00||
   205.278451988|89006590||arm_cmn_1/hnf_cache_miss/|1001297880|100.00||
   206.279740496|96820464||arm_cmn_0/hnf_cache_miss/|1001299040|100.00||
   206.279740496|93598096||arm_cmn_1/hnf_cache_miss/|1001299880|100.00||
   207.281051884|100811869||arm_cmn_0/hnf_cache_miss/|1001484360|100.00||
   207.281051884|97889698||arm_cmn_1/hnf_cache_miss/|1001484600|100.00||
   208.282549792|101039963||arm_cmn_0/hnf_cache_miss/|1001312720|100.00||
   208.282549792|98875736||arm_cmn_1/hnf_cache_miss/|1001312040|100.00||
   209.283837100|104648109||arm_cmn_0/hnf_cache_miss/|1001284440|100.00||
   209.283837100|101280265||arm_cmn_1/hnf_cache_miss/|1001284040|100.00||
   210.285191567|106308891||arm_cmn_0/hnf_cache_miss/|1001356240|100.00||
   210.285191567|103518358||arm_cmn_1/hnf_cache_miss/|1001356640|100.00||
   211.286480355|113672562||arm_cmn_0/hnf_cache_miss/|1001288160|100.00||
   211.286480355|109327515||arm_cmn_1/hnf_cache_miss/|1001288040|100.00||
   212.287764183|113864863||arm_cmn_0/hnf_cache_miss/|1001279960|100.00||
   212.287764183|111006022||arm_cmn_1/hnf_cache_miss/|1001280280|100.00||
   213.289256050|117749712||arm_cmn_0/hnf_cache_miss/|1001495520|100.00||
   213.289256050|114307830||arm_cmn_1/hnf_cache_miss/|1001494600|100.00||
   214.290558918|123538882||arm_cmn_0/hnf_cache_miss/|1001293200|100.00||
   214.290558918|118723871||arm_cmn_1/hnf_cache_miss/|1001293640|100.00||
   215.291847986|107947426||arm_cmn_0/hnf_cache_miss/|1001294920|100.00||
   215.291847986|119699071||arm_cmn_1/hnf_cache_miss/|1001294720|100.00||
   216.293158973|46394284||arm_cmn_0/hnf_cache_miss/|1001311160|100.00||
   216.293158973|65069249||arm_cmn_1/hnf_cache_miss/|1001311240|100.00||
   217.294446321|30813611||arm_cmn_0/hnf_cache_miss/|1001283160|100.00||
   217.294446321|29556763||arm_cmn_1/hnf_cache_miss/|1001284160|100.00||
   218.295728388|31620785||arm_cmn_0/hnf_cache_miss/|1001284160|100.00||
   218.295728388|29857773||arm_cmn_1/hnf_cache_miss/|1001284080|100.00||
   219.297026816|33850041||arm_cmn_0/hnf_cache_miss/|1001933600|100.00||
   219.297026816|31338747||arm_cmn_1/hnf_cache_miss/|1001932400|100.00||
   220.300027005|34891004||arm_cmn_0/hnf_cache_miss/|1002363520|100.00||
   220.300027005|33578847||arm_cmn_1/hnf_cache_miss/|1002363600|100.00||
   221.301280512|33381228||arm_cmn_0/hnf_cache_miss/|1001251240|100.00||
   221.301280512|32824753||arm_cmn_1/hnf_cache_miss/|1001251600|100.00||
   222.302584940|33804237||arm_cmn_0/hnf_cache_miss/|1001301960|100.00||
   222.302584940|31982558||arm_cmn_1/hnf_cache_miss/|1001302480|100.00||
   223.303891127|34319287||arm_cmn_0/hnf_cache_miss/|1001298920|100.00||
   223.303891127|32766546||arm_cmn_1/hnf_cache_miss/|1001299760|100.00||
   224.305261195|35598665||arm_cmn_0/hnf_cache_miss/|1001374920|100.00||
   224.305261195|33902485||arm_cmn_1/hnf_cache_miss/|1001373880|100.00||
   225.307643103|36075787||arm_cmn_0/hnf_cache_miss/|1002389120|100.00||
   225.307643103|34765385||arm_cmn_1/hnf_cache_miss/|1002389240|100.00||
   226.308980851|36842095||arm_cmn_0/hnf_cache_miss/|1001663760|100.00||
   226.308980851|35083853||arm_cmn_1/hnf_cache_miss/|1001664000|100.00||
   227.310611678|37394538||arm_cmn_0/hnf_cache_miss/|1001293440|100.00||
   227.310611678|36684511||arm_cmn_1/hnf_cache_miss/|1001293360|100.00||
   228.311891146|37765100||arm_cmn_0/hnf_cache_miss/|1001279400|100.00||
   228.311891146|36769435||arm_cmn_1/hnf_cache_miss/|1001279600|100.00||
   229.313271853|40892212||arm_cmn_0/hnf_cache_miss/|1001377200|100.00||
   229.313271853|38504994||arm_cmn_1/hnf_cache_miss/|1001376760|100.00||
   230.315692841|44882561||arm_cmn_0/hnf_cache_miss/|1002425080|100.00||
   230.315692841|42166970||arm_cmn_1/hnf_cache_miss/|1002425800|100.00||
   231.317030869|41464837||arm_cmn_0/hnf_cache_miss/|1001541880|100.00||
   231.317030869|42234747||arm_cmn_1/hnf_cache_miss/|1001541440|100.00||
   232.318555376|40161294||arm_cmn_0/hnf_cache_miss/|1001317440|100.00||
   232.318555376|38148598||arm_cmn_1/hnf_cache_miss/|1001317400|100.00||
   233.319855923|42027182||arm_cmn_0/hnf_cache_miss/|1001295800|100.00||
   233.319855923|40218109||arm_cmn_1/hnf_cache_miss/|1001295760|100.00||
   234.321221950|43037373||arm_cmn_0/hnf_cache_miss/|1001363880|100.00||
   234.321221950|41261595||arm_cmn_1/hnf_cache_miss/|1001363320|100.00||
   235.322519618|42598573||arm_cmn_0/hnf_cache_miss/|1001302880|100.00||
   235.322519618|41816894||arm_cmn_1/hnf_cache_miss/|1001303640|100.00||
   236.323828125|46310783||arm_cmn_0/hnf_cache_miss/|1001303000|100.00||
   236.323828125|42999729||arm_cmn_1/hnf_cache_miss/|1001302520|100.00||
   237.325270152|48212362||arm_cmn_0/hnf_cache_miss/|1001436520|100.00||
   237.325270152|47161183||arm_cmn_1/hnf_cache_miss/|1001436720|100.00||
   238.326536059|48507825||arm_cmn_0/hnf_cache_miss/|1001270400|100.00||
   238.326536059|46825389||arm_cmn_1/hnf_cache_miss/|1001270040|100.00||
   239.327829566|47378410||arm_cmn_0/hnf_cache_miss/|1001299000|100.00||
   239.327829566|46592213||arm_cmn_1/hnf_cache_miss/|1001298720|100.00||
   240.329240793|47008920||arm_cmn_0/hnf_cache_miss/|1001398400|100.00||
   240.329240793|46491647||arm_cmn_1/hnf_cache_miss/|1001399280|100.00||
   241.330530220|47841952||arm_cmn_0/hnf_cache_miss/|1001294360|100.00||
   241.330530220|45722457||arm_cmn_1/hnf_cache_miss/|1001293720|100.00||
   242.331838807|50723540||arm_cmn_0/hnf_cache_miss/|1001308840|100.00||
   242.331838807|48155925||arm_cmn_1/hnf_cache_miss/|1001309840|100.00||
   243.333274074|50963767||arm_cmn_0/hnf_cache_miss/|1001430360|100.00||
   243.333274074|49383729||arm_cmn_1/hnf_cache_miss/|1001430280|100.00||
   244.334569981|52774911||arm_cmn_0/hnf_cache_miss/|1001299760|100.00||
   244.334569981|50285622||arm_cmn_1/hnf_cache_miss/|1001298440|100.00||
   245.335875848|54570588||arm_cmn_0/hnf_cache_miss/|1001306680|100.00||
   245.335875848|51702122||arm_cmn_1/hnf_cache_miss/|1001307320|100.00||
   246.337277075|56028320||arm_cmn_0/hnf_cache_miss/|1001393000|100.00||
   246.337277075|53836366||arm_cmn_1/hnf_cache_miss/|1001392720|100.00||
   247.338567262|58250135||arm_cmn_0/hnf_cache_miss/|1001289880|100.00||
   247.338567262|55511696||arm_cmn_1/hnf_cache_miss/|1001289120|100.00||
   248.339846369|59592739||arm_cmn_0/hnf_cache_miss/|1001280280|100.00||
   248.339846369|57077988||arm_cmn_1/hnf_cache_miss/|1001280960|100.00||
   249.341274596|58946383||arm_cmn_0/hnf_cache_miss/|1001423800|100.00||
   249.341274596|58144358||arm_cmn_1/hnf_cache_miss/|1001425320|100.00||
   250.342566623|58718698||arm_cmn_0/hnf_cache_miss/|1001300960|100.00||
   250.342566623|56674788||arm_cmn_1/hnf_cache_miss/|1001299320|100.00||
   251.343875929|59893644||arm_cmn_0/hnf_cache_miss/|1001299080|100.00||
   251.343875929|56077216||arm_cmn_1/hnf_cache_miss/|1001299080|100.00||
   252.345246916|59132099||arm_cmn_0/hnf_cache_miss/|1001376240|100.00||
   252.345246916|58256039||arm_cmn_1/hnf_cache_miss/|1001376920|100.00||
   253.346546063|58281622||arm_cmn_0/hnf_cache_miss/|1001291840|100.00||
   253.346546063|55983206||arm_cmn_1/hnf_cache_miss/|1001292080|100.00||
   254.347853290|61446524||arm_cmn_0/hnf_cache_miss/|1001307520|100.00||
   254.347853290|57356737||arm_cmn_1/hnf_cache_miss/|1001306840|100.00||
   255.349269837|64086042||arm_cmn_0/hnf_cache_miss/|1001422000|100.00||
   255.349269837|59926844||arm_cmn_1/hnf_cache_miss/|1001422680|100.00||
   256.350584463|66182813||arm_cmn_0/hnf_cache_miss/|1001302920|100.00||
   256.350584463|62856713||arm_cmn_1/hnf_cache_miss/|1001303320|100.00||
   257.351891930|67281621||arm_cmn_0/hnf_cache_miss/|1001309200|100.00||
   257.351891930|64699970||arm_cmn_1/hnf_cache_miss/|1001308440|100.00||
   258.353260677|69083852||arm_cmn_0/hnf_cache_miss/|1001366080|100.00||
   258.353260677|63735010||arm_cmn_1/hnf_cache_miss/|1001366320|100.00||
   259.354541503|66262392||arm_cmn_0/hnf_cache_miss/|1001286560|100.00||
   259.354541503|66696285||arm_cmn_1/hnf_cache_miss/|1001287080|100.00||
   260.355838090|65502563||arm_cmn_0/hnf_cache_miss/|1001293280|100.00||
   260.355838090|63224519||arm_cmn_1/hnf_cache_miss/|1001294000|100.00||
   261.357301597|63694414||arm_cmn_0/hnf_cache_miss/|1001459320|100.00||
   261.357301597|60697043||arm_cmn_1/hnf_cache_miss/|1001457280|100.00||
   262.358601783|64284618||arm_cmn_0/hnf_cache_miss/|1001299680|100.00||
   262.358601783|60817054||arm_cmn_1/hnf_cache_miss/|1001300080|100.00||
   263.359890850|66339145||arm_cmn_0/hnf_cache_miss/|1001290400|100.00||
   263.359890850|63306496||arm_cmn_1/hnf_cache_miss/|1001290520|100.00||
   264.361198436|70081777||arm_cmn_0/hnf_cache_miss/|1001304520|100.00||
   264.361198436|66787674||arm_cmn_1/hnf_cache_miss/|1001304040|100.00||
   265.362485343|72875473||arm_cmn_0/hnf_cache_miss/|1001290840|100.00||
   265.362485343|70151696||arm_cmn_1/hnf_cache_miss/|1001290920|100.00||
   266.363821609|72699909||arm_cmn_0/hnf_cache_miss/|1001330720|100.00||
   266.363821609|70409594||arm_cmn_1/hnf_cache_miss/|1001330120|100.00||
   267.365285796|73505346||arm_cmn_0/hnf_cache_miss/|1001462160|100.00||
   267.365285796|70222198||arm_cmn_1/hnf_cache_miss/|1001462640|100.00||
   268.366575342|74808598||arm_cmn_0/hnf_cache_miss/|1001293600|100.00||
   268.366575342|72224841||arm_cmn_1/hnf_cache_miss/|1001293800|100.00||
   269.367886849|74583032||arm_cmn_0/hnf_cache_miss/|1001303640|100.00||
   269.367886849|72727747||arm_cmn_1/hnf_cache_miss/|1001304840|100.00||
   270.369237435|75626450||arm_cmn_0/hnf_cache_miss/|1001388120|100.00||
   270.369237435|72819399||arm_cmn_1/hnf_cache_miss/|1001386840|100.00||
   271.370584062|79520996||arm_cmn_0/hnf_cache_miss/|1001317600|100.00||
   271.370584062|75040296||arm_cmn_1/hnf_cache_miss/|1001318440|100.00||
   272.371897808|81027928||arm_cmn_0/hnf_cache_miss/|1001299360|100.00||
   272.371897808|78284262||arm_cmn_1/hnf_cache_miss/|1001298960|100.00||
   273.373226195|80653221||arm_cmn_0/hnf_cache_miss/|1001331800|100.00||
   273.373226195|78622324||arm_cmn_1/hnf_cache_miss/|1001331880|100.00||
   274.374522581|82704461||arm_cmn_0/hnf_cache_miss/|1001302960|100.00||
   274.374522581|78257930||arm_cmn_1/hnf_cache_miss/|1001302400|100.00||
   275.375827127|85794745||arm_cmn_0/hnf_cache_miss/|1001303480|100.00||
   275.375827127|83266567||arm_cmn_1/hnf_cache_miss/|1001303360|100.00||
   276.377265994|88224728||arm_cmn_0/hnf_cache_miss/|1001428880|100.00||
   276.377265994|85102731||arm_cmn_1/hnf_cache_miss/|1001429240|100.00||
   277.378554580|87305954||arm_cmn_0/hnf_cache_miss/|1001290520|100.00||
   277.378554580|86517070||arm_cmn_1/hnf_cache_miss/|1001290600|100.00||
   278.379848886|90159003||arm_cmn_0/hnf_cache_miss/|1001296000|100.00||
   278.379848886|84492715||arm_cmn_1/hnf_cache_miss/|1001296080|100.00||
   279.381267832|95486342||arm_cmn_0/hnf_cache_miss/|1001412360|100.00||
   279.381267832|90105135||arm_cmn_1/hnf_cache_miss/|1001412760|100.00||
   280.382572779|99356405||arm_cmn_0/hnf_cache_miss/|1001303000|100.00||
   280.382572779|95828925||arm_cmn_1/hnf_cache_miss/|1001301800|100.00||
   281.383855245|95157397||arm_cmn_0/hnf_cache_miss/|1001289840|100.00||
   281.383855245|95280356||arm_cmn_1/hnf_cache_miss/|1001291000|100.00||
   282.385215631|91724859||arm_cmn_0/hnf_cache_miss/|1001358920|100.00||
   282.385215631|90875410||arm_cmn_1/hnf_cache_miss/|1001357960|100.00||
   283.386521977|90801723||arm_cmn_0/hnf_cache_miss/|1001304120|100.00||
   283.386521977|90312524||arm_cmn_1/hnf_cache_miss/|1001305280|100.00||
   284.387817123|90124823||arm_cmn_0/hnf_cache_miss/|1001287560|100.00||
   284.387817123|87229471||arm_cmn_1/hnf_cache_miss/|1001287800|100.00||
   285.389276710|94739987||arm_cmn_0/hnf_cache_miss/|1001455880|100.00||
   285.389276710|90597333||arm_cmn_1/hnf_cache_miss/|1001454440|100.00||
   286.390575056|73636074||arm_cmn_0/hnf_cache_miss/|1001305240|100.00||
   286.390575056|91676841||arm_cmn_1/hnf_cache_miss/|1001306840|100.00||
   287.391883202|53711025||arm_cmn_0/hnf_cache_miss/|1001307960|100.00||
   287.391883202|59628305||arm_cmn_1/hnf_cache_miss/|1001306920|100.00||
   288.393290868|47183840||arm_cmn_0/hnf_cache_miss/|1001397360|100.00||
   288.393290868|45229164||arm_cmn_1/hnf_cache_miss/|1001397880|100.00||
   289.394568774|47461492||arm_cmn_0/hnf_cache_miss/|1001280520|100.00||
   289.394568774|46957606||arm_cmn_1/hnf_cache_miss/|1001278880|100.00||
   290.395853800|48896071||arm_cmn_0/hnf_cache_miss/|1001286320|100.00||
   290.395853800|47276075||arm_cmn_1/hnf_cache_miss/|1001287480|100.00||
   291.397268586|48717037||arm_cmn_0/hnf_cache_miss/|1001412200|100.00||
   291.397268586|48411861||arm_cmn_1/hnf_cache_miss/|1001412120|100.00||
   292.398569452|49185149||arm_cmn_0/hnf_cache_miss/|1001296520|100.00||
   292.398569452|47457501||arm_cmn_1/hnf_cache_miss/|1001296000|100.00||
   293.399850758|51227439||arm_cmn_0/hnf_cache_miss/|1001286680|100.00||
   293.399850758|49658481||arm_cmn_1/hnf_cache_miss/|1001287120|100.00||
   294.401265704|52797157||arm_cmn_0/hnf_cache_miss/|1001407000|100.00||
   294.401265704|50794447||arm_cmn_1/hnf_cache_miss/|1001406680|100.00||
   295.402549930|52199149||arm_cmn_0/hnf_cache_miss/|1001289880|100.00||
   295.402549930|51156787||arm_cmn_1/hnf_cache_miss/|1001290040|100.00||
   296.403852476|52620775||arm_cmn_0/hnf_cache_miss/|1001304560|100.00||
   296.403852476|49982596||arm_cmn_1/hnf_cache_miss/|1001304160|100.00||
   297.405252822|55916012||arm_cmn_0/hnf_cache_miss/|1001391160|100.00||
   297.405252822|51705539||arm_cmn_1/hnf_cache_miss/|1001393000|100.00||
   298.406539847|55990476||arm_cmn_0/hnf_cache_miss/|1001294360|100.00||
   298.406539847|54786944||arm_cmn_1/hnf_cache_miss/|1001294880|100.00||
   299.407855873|57554734||arm_cmn_0/hnf_cache_miss/|1001308760|100.00||
   299.407855873|55000615||arm_cmn_1/hnf_cache_miss/|1001308720|100.00||
   300.409256459|56799140||arm_cmn_0/hnf_cache_miss/|1001404880|100.00||
   300.409256459|54697824||arm_cmn_1/hnf_cache_miss/|1001403600|100.00||
   301.410594685|57860361||arm_cmn_0/hnf_cache_miss/|1001338880|100.00||
   301.410594685|55835869||arm_cmn_1/hnf_cache_miss/|1001340080|100.00||
   302.411899271|60216102||arm_cmn_0/hnf_cache_miss/|1001305200|100.00||
   302.411899271|56954587||arm_cmn_1/hnf_cache_miss/|1001303360|100.00||
   303.413275937|61100803||arm_cmn_0/hnf_cache_miss/|1001366040|100.00||
   303.413275937|59525839||arm_cmn_1/hnf_cache_miss/|1001366320|100.00||
   304.414565482|61992580||arm_cmn_0/hnf_cache_miss/|1001289720|100.00||
   304.414565482|59674008||arm_cmn_1/hnf_cache_miss/|1001289480|100.00||
   305.415864708|62131800||arm_cmn_0/hnf_cache_miss/|1001295560|100.00||
   305.415864708|59657056||arm_cmn_1/hnf_cache_miss/|1001295880|100.00||
   306.417253454|64027929||arm_cmn_0/hnf_cache_miss/|1001388760|100.00||
   306.417253454|59816048||arm_cmn_1/hnf_cache_miss/|1001389240|100.00||
   307.418579360|64220316||arm_cmn_0/hnf_cache_miss/|1001328280|100.00||
   307.418579360|61170094||arm_cmn_1/hnf_cache_miss/|1001328280|100.00||
   308.419872265|65301565||arm_cmn_0/hnf_cache_miss/|1001290600|100.00||
   308.419872265|62000848||arm_cmn_1/hnf_cache_miss/|1001288960|100.00||
   309.421278971|64590368||arm_cmn_0/hnf_cache_miss/|1001410160|100.00||
   309.421278971|63220722||arm_cmn_1/hnf_cache_miss/|1001411600|100.00||
   310.422608677|66893389||arm_cmn_0/hnf_cache_miss/|1001327280|100.00||
   310.422608677|65569086||arm_cmn_1/hnf_cache_miss/|1001326280|100.00||
   311.423905982|67867908||arm_cmn_0/hnf_cache_miss/|1001295800|100.00||
   311.423905982|65062129||arm_cmn_1/hnf_cache_miss/|1001297680|100.00||
   312.425245808|70731717||arm_cmn_0/hnf_cache_miss/|1001336640|100.00||
   312.425245808|67004348||arm_cmn_1/hnf_cache_miss/|1001335240|100.00||
   313.426559594|71017780||arm_cmn_0/hnf_cache_miss/|1001308120|100.00||
   313.426559594|70383867||arm_cmn_1/hnf_cache_miss/|1001308320|100.00||
   314.427851659|71903731||arm_cmn_0/hnf_cache_miss/|1001290600|100.00||
   314.427851659|71328433||arm_cmn_1/hnf_cache_miss/|1001291640|100.00||
   315.429271485|72546965||arm_cmn_0/hnf_cache_miss/|1001422320|100.00||
   315.429271485|70262155||arm_cmn_1/hnf_cache_miss/|1001421680|100.00||
   316.430566270|73256288||arm_cmn_0/hnf_cache_miss/|1001294560|100.00||
   316.430566270|70828322||arm_cmn_1/hnf_cache_miss/|1001294840|100.00||
   317.431859856|76440188||arm_cmn_0/hnf_cache_miss/|1001299800|100.00||
   317.431859856|73435781||arm_cmn_1/hnf_cache_miss/|1001298480|100.00||
   318.433282001|78916972||arm_cmn_0/hnf_cache_miss/|1001409920|100.00||
   318.433282001|74821640||arm_cmn_1/hnf_cache_miss/|1001411120|100.00||
   319.434585627|76751790||arm_cmn_0/hnf_cache_miss/|1001303560|100.00||
   319.434585627|76370544||arm_cmn_1/hnf_cache_miss/|1001302600|100.00||
   320.435885452|79163594||arm_cmn_0/hnf_cache_miss/|1001302240|100.00||
   320.435885452|78369001||arm_cmn_1/hnf_cache_miss/|1001302680|100.00||
   321.437261758|81138194||arm_cmn_0/hnf_cache_miss/|1001379320|100.00||
   321.437261758|77190081||arm_cmn_1/hnf_cache_miss/|1001378680|100.00||
   322.438590503|89905302||arm_cmn_0/hnf_cache_miss/|1001322840|100.00||
   322.438590503|82350786||arm_cmn_1/hnf_cache_miss/|1001323280|100.00||
   323.439876008|98037104||arm_cmn_0/hnf_cache_miss/|1001284760|100.00||
   323.439876008|93626253||arm_cmn_1/hnf_cache_miss/|1001284400|100.00||
   324.441267474|98740808||arm_cmn_0/hnf_cache_miss/|1001391000|100.00||
   324.441267474|97420646||arm_cmn_1/hnf_cache_miss/|1001392880|100.00||
   325.442588379|96745031||arm_cmn_0/hnf_cache_miss/|1001325760|100.00||
   325.442588379|97920386||arm_cmn_1/hnf_cache_miss/|1001325040|100.00||
   326.443940805|94943035||arm_cmn_0/hnf_cache_miss/|1001344880|100.00||
   326.443940805|94550442||arm_cmn_1/hnf_cache_miss/|1001344280|100.00||
   327.445298310|94137250||arm_cmn_0/hnf_cache_miss/|1001354080|100.00||
   327.445298310|93857601||arm_cmn_1/hnf_cache_miss/|1001354560|100.00||
   328.446609175|93520683||arm_cmn_0/hnf_cache_miss/|1001312280|100.00||
   328.446609175|91563908||arm_cmn_1/hnf_cache_miss/|1001311680|100.00||
   329.447901201|93150631||arm_cmn_0/hnf_cache_miss/|1001289160|100.00||
   329.447901201|92383218||arm_cmn_1/hnf_cache_miss/|1001290000|100.00||
   330.449265506|95738634||arm_cmn_0/hnf_cache_miss/|1001361680|100.00||
   330.449265506|91248484||arm_cmn_1/hnf_cache_miss/|1001361040|100.00||
   331.450548531|97323126||arm_cmn_0/hnf_cache_miss/|1001287520|100.00||
   331.450548531|96320364||arm_cmn_1/hnf_cache_miss/|1001286800|100.00||
   332.451856996|101689925||arm_cmn_0/hnf_cache_miss/|1001304920|100.00||
   332.451856996|99154215||arm_cmn_1/hnf_cache_miss/|1001306400|100.00||
   333.453243302|100626856||arm_cmn_0/hnf_cache_miss/|1001384120|100.00||
   333.453243302|100116565||arm_cmn_1/hnf_cache_miss/|1001382760|100.00||
   334.454538007|103176159||arm_cmn_0/hnf_cache_miss/|1001290320|100.00||
   334.454538007|103189799||arm_cmn_1/hnf_cache_miss/|1001290880|100.00||
   335.455834392|103536776||arm_cmn_0/hnf_cache_miss/|1001299040|100.00||
   335.455834392|103753343||arm_cmn_1/hnf_cache_miss/|1001298240|100.00||
   336.457280297|105613232||arm_cmn_0/hnf_cache_miss/|1001446120|100.00||
   336.457280297|100939988||arm_cmn_1/hnf_cache_miss/|1001446520|100.00||
   337.458610402|108370375||arm_cmn_0/hnf_cache_miss/|1001326920|100.00||
   337.458610402|103917244||arm_cmn_1/hnf_cache_miss/|1001326560|100.00||
   338.459933708|107040155||arm_cmn_0/hnf_cache_miss/|1001324720|100.00||
   338.459933708|105686670||arm_cmn_1/hnf_cache_miss/|1001324760|100.00||
   339.461255013|109304876||arm_cmn_0/hnf_cache_miss/|1001318040|100.00||
   339.461255013|107274399||arm_cmn_1/hnf_cache_miss/|1001318720|100.00||
   340.462544958|108242931||arm_cmn_0/hnf_cache_miss/|1001288800|100.00||
   340.462544958|104810105||arm_cmn_1/hnf_cache_miss/|1001288200|100.00||
   341.463844463|111721221||arm_cmn_0/hnf_cache_miss/|1001297280|100.00||
   341.463844463|107261114||arm_cmn_1/hnf_cache_miss/|1001297080|100.00||
   342.465276768|116847350||arm_cmn_0/hnf_cache_miss/|1001438040|100.00||
   342.465276768|112498675||arm_cmn_1/hnf_cache_miss/|1001438600|100.00||
   343.466589593|123669099||arm_cmn_0/hnf_cache_miss/|1001321760|100.00||
   343.466589593|116859320||arm_cmn_1/hnf_cache_miss/|1001322120|100.00||
   344.467913738|136013036||arm_cmn_0/hnf_cache_miss/|1001317280|100.00||
   344.467913738|122164261||arm_cmn_1/hnf_cache_miss/|1001316600|100.00||
   345.469261403|149946216||arm_cmn_0/hnf_cache_miss/|1001337480|100.00||
   345.469261403|140563222||arm_cmn_1/hnf_cache_miss/|1001337880|100.00||
   346.470558348|157582107||arm_cmn_0/hnf_cache_miss/|1001298080|100.00||
   346.470558348|150396775||arm_cmn_1/hnf_cache_miss/|1001297280|100.00||
   347.471890693|154340835||arm_cmn_0/hnf_cache_miss/|1001331920|100.00||
   347.471890693|153001974||arm_cmn_1/hnf_cache_miss/|1001332880|100.00||
   348.473280918|160184562||arm_cmn_0/hnf_cache_miss/|1001383760|100.00||
   348.473280918|153605078||arm_cmn_1/hnf_cache_miss/|1001382760|100.00||
   349.474571903|170349043||arm_cmn_0/hnf_cache_miss/|1001295920|100.00||
   349.474571903|161282191||arm_cmn_1/hnf_cache_miss/|1001296600|100.00||
   350.475865008|171519121||arm_cmn_0/hnf_cache_miss/|1001291760|100.00||
   350.475865008|169527827||arm_cmn_1/hnf_cache_miss/|1001292200|100.00||
   351.477118593|178613093||arm_cmn_0/hnf_cache_miss/|1001342680|100.00||
   351.477118593|184533903||arm_cmn_1/hnf_cache_miss/|1001342200|100.00||
   352.478519658|187576274||arm_cmn_0/hnf_cache_miss/|1001313120|100.00||
   352.478519658|187005877||arm_cmn_1/hnf_cache_miss/|1001313440|100.00||
   353.479855523|202549945||arm_cmn_0/hnf_cache_miss/|1001333320|100.00||
   353.479855523|195209623||arm_cmn_1/hnf_cache_miss/|1001332240|100.00||
   354.481293388|215178842||arm_cmn_0/hnf_cache_miss/|1001444840|100.00||
   354.481293388|201324359||arm_cmn_1/hnf_cache_miss/|1001445440|100.00||
   355.482601372|208584425||arm_cmn_0/hnf_cache_miss/|1001293520|100.00||
   355.482601372|219038388||arm_cmn_1/hnf_cache_miss/|1001294560|100.00||
   356.483926717|186201189||arm_cmn_0/hnf_cache_miss/|1001327440|100.00||
   356.483926717|215669957||arm_cmn_1/hnf_cache_miss/|1001326680|100.00||
   357.485293182|96754288||arm_cmn_0/hnf_cache_miss/|1001366640|100.00||
   357.485293182|161540590||arm_cmn_1/hnf_cache_miss/|1001367440|100.00||
   358.486596687|64467539||arm_cmn_0/hnf_cache_miss/|1001301800|100.00||
   358.486596687|77750912||arm_cmn_1/hnf_cache_miss/|1001300880|100.00||
   359.487908752|52601936||arm_cmn_0/hnf_cache_miss/|1001319200|100.00||
   359.487908752|50073985||arm_cmn_1/hnf_cache_miss/|1001320040|100.00||
   360.489266576|50855178||arm_cmn_0/hnf_cache_miss/|1001343080|100.00||
   360.489266576|50537932||arm_cmn_1/hnf_cache_miss/|1001341960|100.00||
   361.490554881|53319569||arm_cmn_0/hnf_cache_miss/|1001290520|100.00||
   361.490554881|50697366||arm_cmn_1/hnf_cache_miss/|1001290960|100.00||
   362.491850826|52908078||arm_cmn_0/hnf_cache_miss/|1001291240|100.00||
   362.491850826|51802674||arm_cmn_1/hnf_cache_miss/|1001291840|100.00||
   363.493278131|55687329||arm_cmn_0/hnf_cache_miss/|1001433400|100.00||
   363.493278131|52373580||arm_cmn_1/hnf_cache_miss/|1001433080|100.00||
   364.494574155|55319920||arm_cmn_0/hnf_cache_miss/|1001293360|100.00||
   364.494574155|54120945||arm_cmn_1/hnf_cache_miss/|1001292600|100.00||
   365.495875020|56828124||arm_cmn_0/hnf_cache_miss/|1001297920|100.00||
   365.495875020|55161107||arm_cmn_1/hnf_cache_miss/|1001299040|100.00||
   366.497262485|57692425||arm_cmn_0/hnf_cache_miss/|1001377040|100.00||
   366.497262485|56280374||arm_cmn_1/hnf_cache_miss/|1001375800|100.00||
   367.498545509|58531333||arm_cmn_0/hnf_cache_miss/|1001292760|100.00||
   367.498545509|56112500||arm_cmn_1/hnf_cache_miss/|1001293560|100.00||
   368.499837814|60519909||arm_cmn_0/hnf_cache_miss/|1001289200|100.00||
   368.499837814|57158583||arm_cmn_1/hnf_cache_miss/|1001289400|100.00||
   369.501281078|61757484||arm_cmn_0/hnf_cache_miss/|1001444240|100.00||
   369.501281078|59040711||arm_cmn_1/hnf_cache_miss/|1001444080|100.00||
   370.502572863|61892244||arm_cmn_0/hnf_cache_miss/|1001286880|100.00||
   370.502572863|59627395||arm_cmn_1/hnf_cache_miss/|1001286640|100.00||
   371.503884368|62568321||arm_cmn_0/hnf_cache_miss/|1001318720|100.00||
   371.503884368|59845217||arm_cmn_1/hnf_cache_miss/|1001318080|100.00||
   372.505277992|63561076||arm_cmn_0/hnf_cache_miss/|1001386160|100.00||
   372.505277992|60671635||arm_cmn_1/hnf_cache_miss/|1001386000|100.00||
   373.506554937|64948336||arm_cmn_0/hnf_cache_miss/|1001277440|100.00||
   373.506554937|62804919||arm_cmn_1/hnf_cache_miss/|1001278160|100.00||
   374.507850481|65032562||arm_cmn_0/hnf_cache_miss/|1001290560|100.00||
   374.507850481|62613029||arm_cmn_1/hnf_cache_miss/|1001291080|100.00||
   375.509280746|65695200||arm_cmn_0/hnf_cache_miss/|1001434600|100.00||
   375.509280746|63231603||arm_cmn_1/hnf_cache_miss/|1001434080|100.00||
   376.510588210|68615065||arm_cmn_0/hnf_cache_miss/|1001302360|100.00||
   376.510588210|64285570||arm_cmn_1/hnf_cache_miss/|1001303880|100.00||
   377.511871115|68164905||arm_cmn_0/hnf_cache_miss/|1001288560|100.00||
   377.511871115|66053043||arm_cmn_1/hnf_cache_miss/|1001287840|100.00||
   378.513222259|71237663||arm_cmn_0/hnf_cache_miss/|1001339880|100.00||
   378.513222259|67730637||arm_cmn_1/hnf_cache_miss/|1001339240|100.00||
   379.514513324|70612466||arm_cmn_0/hnf_cache_miss/|1001303640|100.00||
   379.514513324|68541021||arm_cmn_1/hnf_cache_miss/|1001306040|100.00||
   380.515823828|71292881||arm_cmn_0/hnf_cache_miss/|1001300480|100.00||
   380.515823828|69961328||arm_cmn_1/hnf_cache_miss/|1001298800|100.00||
   381.517274613|74147975||arm_cmn_0/hnf_cache_miss/|1001452080|100.00||
   381.517274613|71040568||arm_cmn_1/hnf_cache_miss/|1001451040|100.00||
   382.518580557|74087999||arm_cmn_0/hnf_cache_miss/|1001300240|100.00||
   382.518580557|71598160||arm_cmn_1/hnf_cache_miss/|1001300000|100.00||
   383.519889781|75402490||arm_cmn_0/hnf_cache_miss/|1001314160|100.00||
   383.519889781|73698639||arm_cmn_1/hnf_cache_miss/|1001314880|100.00||
   384.521269646|75462409||arm_cmn_0/hnf_cache_miss/|1001373200|100.00||
   384.521269646|74545895||arm_cmn_1/hnf_cache_miss/|1001371760|100.00||
   385.522559670|76083392||arm_cmn_0/hnf_cache_miss/|1001290280|100.00||
   385.522559670|73797610||arm_cmn_1/hnf_cache_miss/|1001291480|100.00||
   386.523862214|80839946||arm_cmn_0/hnf_cache_miss/|1001301800|100.00||
   386.523862214|75516528||arm_cmn_1/hnf_cache_miss/|1001302520|100.00||
   387.525217399|82755150||arm_cmn_0/hnf_cache_miss/|1001352720|100.00||
   387.525217399|79004843||arm_cmn_1/hnf_cache_miss/|1001352280|100.00||
   388.526511543|85280342||arm_cmn_0/hnf_cache_miss/|1001296040|100.00||
   388.526511543|81674373||arm_cmn_1/hnf_cache_miss/|1001295040|100.00||
   389.527813327|86509811||arm_cmn_0/hnf_cache_miss/|1001301880|100.00||
   389.527813327|82052947||arm_cmn_1/hnf_cache_miss/|1001302520|100.00||
   390.529166111|90371692||arm_cmn_0/hnf_cache_miss/|1001390640|100.00||
   390.529166111|84061640||arm_cmn_1/hnf_cache_miss/|1001390280|100.00||
   391.530507176|91608216||arm_cmn_0/hnf_cache_miss/|1001299240|100.00||
   391.530507176|87053326||arm_cmn_1/hnf_cache_miss/|1001300040|100.00||
   392.531814360|98999541||arm_cmn_0/hnf_cache_miss/|1001305640|100.00||
   392.531814360|92472508||arm_cmn_1/hnf_cache_miss/|1001304840|100.00||
   393.533268824|102307951||arm_cmn_0/hnf_cache_miss/|1001454240|100.00||
   393.533268824|96785987||arm_cmn_1/hnf_cache_miss/|1001455280|100.00||
   394.534582048|102534489||arm_cmn_0/hnf_cache_miss/|1001317000|100.00||
   394.534582048|100590606||arm_cmn_1/hnf_cache_miss/|1001316400|100.00||
   395.535887593|102704798||arm_cmn_0/hnf_cache_miss/|1001301560|100.00||
   395.535887593|101836518||arm_cmn_1/hnf_cache_miss/|1001302600|100.00||
   396.537281657|100975992||arm_cmn_0/hnf_cache_miss/|1001394800|100.00||
   396.537281657|99112852||arm_cmn_1/hnf_cache_miss/|1001394200|100.00||
   397.538588481|103339744||arm_cmn_0/hnf_cache_miss/|1001298040|100.00||
   397.538588481|98263152||arm_cmn_1/hnf_cache_miss/|1001297240|100.00||
   398.539872545|105675872||arm_cmn_0/hnf_cache_miss/|1001287800|100.00||
   398.539872545|101699365||arm_cmn_1/hnf_cache_miss/|1001288280|100.00||
   399.541268129|107306100||arm_cmn_0/hnf_cache_miss/|1001393840|100.00||
   399.541268129|103570779||arm_cmn_1/hnf_cache_miss/|1001393440|100.00||
   400.542560873|109443369||arm_cmn_0/hnf_cache_miss/|1001292760|100.00||
   400.542560873|104478442||arm_cmn_1/hnf_cache_miss/|1001292840|100.00||
   401.543861657|111714236||arm_cmn_0/hnf_cache_miss/|1001297160|100.00||
   401.543861657|108834675||arm_cmn_1/hnf_cache_miss/|1001297800|100.00||
   402.545275921|113660322||arm_cmn_0/hnf_cache_miss/|1001413840|100.00||
   402.545275921|111905713||arm_cmn_1/hnf_cache_miss/|1001413160|100.00||
   403.546571105|113337314||arm_cmn_0/hnf_cache_miss/|1001298880|100.00||
   403.546571105|117569005||arm_cmn_1/hnf_cache_miss/|1001299080|100.00||
   404.547875169|113586209||arm_cmn_0/hnf_cache_miss/|1001297320|100.00||
   404.547875169|112523662||arm_cmn_1/hnf_cache_miss/|1001297400|100.00||
   405.549276874|120947804||arm_cmn_0/hnf_cache_miss/|1001394280|100.00||
   405.549276874|116278453||arm_cmn_1/hnf_cache_miss/|1001393400|100.00||
   406.550566898|119690472||arm_cmn_0/hnf_cache_miss/|1001299800|100.00||
   406.550566898|118715995||arm_cmn_1/hnf_cache_miss/|1001300280|100.00||
   407.551897002|123423129||arm_cmn_0/hnf_cache_miss/|1001332400|100.00||
   407.551897002|119061633||arm_cmn_1/hnf_cache_miss/|1001332840|100.00||
   408.553272466|125980405||arm_cmn_0/hnf_cache_miss/|1001366600|100.00||
   408.553272466|124244533||arm_cmn_1/hnf_cache_miss/|1001367440|100.00||
   409.554565729|126785684||arm_cmn_0/hnf_cache_miss/|1001290360|100.00||
   409.554565729|128165332||arm_cmn_1/hnf_cache_miss/|1001289680|100.00||
   410.555862353|129522338||arm_cmn_0/hnf_cache_miss/|1001293680|100.00||
   410.555862353|132689196||arm_cmn_1/hnf_cache_miss/|1001293920|100.00||
   411.557282057|129717339||arm_cmn_0/hnf_cache_miss/|1001422640|100.00||
   411.557282057|131313570||arm_cmn_1/hnf_cache_miss/|1001422160|100.00||
   412.558565201|137205967||arm_cmn_0/hnf_cache_miss/|1001279960|100.00||
   412.558565201|132216547||arm_cmn_1/hnf_cache_miss/|1001280560|100.00||
   413.559859225|144260595||arm_cmn_0/hnf_cache_miss/|1001291680|100.00||
   413.559859225|136983025||arm_cmn_1/hnf_cache_miss/|1001291200|100.00||
   414.561262609|150322520||arm_cmn_0/hnf_cache_miss/|1001407920|100.00||
   414.561262609|147123168||arm_cmn_1/hnf_cache_miss/|1001407360|100.00||
   415.562554673|158726643||arm_cmn_0/hnf_cache_miss/|1001295120|100.00||
   415.562554673|151721781||arm_cmn_1/hnf_cache_miss/|1001296120|100.00||
   416.563881177|162919482||arm_cmn_0/hnf_cache_miss/|1001308160|100.00||
   416.563881177|162246538||arm_cmn_1/hnf_cache_miss/|1001308200|100.00||
   417.565255801|169612735||arm_cmn_0/hnf_cache_miss/|1001380720|100.00||
   417.565255801|164841838||arm_cmn_1/hnf_cache_miss/|1001380680|100.00||
   418.566567824|179781242||arm_cmn_0/hnf_cache_miss/|1001312720|100.00||
   418.566567824|168801864||arm_cmn_1/hnf_cache_miss/|1001312960|100.00||
   419.567856208|181283943||arm_cmn_0/hnf_cache_miss/|1001293440|100.00||
   419.567856208|172459226||arm_cmn_1/hnf_cache_miss/|1001293440|100.00||
   420.569286032|191045061||arm_cmn_0/hnf_cache_miss/|1001419560|100.00||
   420.569286032|181234590||arm_cmn_1/hnf_cache_miss/|1001418560|100.00||
   421.570588496|184379001||arm_cmn_0/hnf_cache_miss/|1001295040|100.00||
   421.570588496|185793839||arm_cmn_1/hnf_cache_miss/|1001295160|100.00||
   422.571890520|193413993||arm_cmn_0/hnf_cache_miss/|1001314960|100.00||
   422.571890520|191202849||arm_cmn_1/hnf_cache_miss/|1001314800|100.00||
   423.573207423|209377459||arm_cmn_0/hnf_cache_miss/|1001312800|100.00||
   423.573207423|199486395||arm_cmn_1/hnf_cache_miss/|1001313360|100.00||
   424.574487087|219601307||arm_cmn_0/hnf_cache_miss/|1001281320|100.00||
   424.574487087|203402022||arm_cmn_1/hnf_cache_miss/|1001281000|100.00||
   425.575809071|225506692||arm_cmn_0/hnf_cache_miss/|1001313560|100.00||
   425.575809071|214203793||arm_cmn_1/hnf_cache_miss/|1001313480|100.00||
   426.577183215|225144370||arm_cmn_0/hnf_cache_miss/|1001439640|100.00||
   426.577183215|218230618||arm_cmn_1/hnf_cache_miss/|1001440360|100.00||
   427.578525838|241180713||arm_cmn_0/hnf_cache_miss/|1001278880|100.00||
   427.578525838|232730643||arm_cmn_1/hnf_cache_miss/|1001279440|100.00||
   428.579818302|248769077||arm_cmn_0/hnf_cache_miss/|1001290880|100.00||
   428.579818302|233467126||arm_cmn_1/hnf_cache_miss/|1001290000|100.00||
   429.581225366|273972209||arm_cmn_0/hnf_cache_miss/|1001404360|100.00||
   429.581225366|243078910||arm_cmn_1/hnf_cache_miss/|1001404600|100.00||
   430.582535949|290306681||arm_cmn_0/hnf_cache_miss/|1001316320|100.00||
   430.582535949|269587985||arm_cmn_1/hnf_cache_miss/|1001316640|100.00||
   431.583863533|319888536||arm_cmn_0/hnf_cache_miss/|1001321080|100.00||
   431.583863533|290634947||arm_cmn_1/hnf_cache_miss/|1001319800|100.00||
   432.585220476|328910271||arm_cmn_0/hnf_cache_miss/|1001357560|100.00||
   432.585220476|309321115||arm_cmn_1/hnf_cache_miss/|1001359040|100.00||
   433.586516740|365034203||arm_cmn_0/hnf_cache_miss/|1001293440|100.00||
   433.586516740|341793868||arm_cmn_1/hnf_cache_miss/|1001292000|100.00||
   434.587811244|377925200||arm_cmn_0/hnf_cache_miss/|1001308320|100.00||
   434.587811244|357320837||arm_cmn_1/hnf_cache_miss/|1001308920|100.00||
   435.589281467|405133921||arm_cmn_0/hnf_cache_miss/|1001458280|100.00||
   435.589281467|393208270||arm_cmn_1/hnf_cache_miss/|1001459040|100.00||
   436.590593971|445150329||arm_cmn_0/hnf_cache_miss/|1001311440|100.00||
   436.590593971|429655299||arm_cmn_1/hnf_cache_miss/|1001311320|100.00||
   437.591904794|472635272||arm_cmn_0/hnf_cache_miss/|1001312760|100.00||
   437.591904794|437712382||arm_cmn_1/hnf_cache_miss/|1001312400|100.00||
   438.593211618|471472917||arm_cmn_0/hnf_cache_miss/|1001298680|100.00||
   438.593211618|488056142||arm_cmn_1/hnf_cache_miss/|1001298840|100.00||
   439.555841400|386128929||arm_cmn_0/hnf_cache_miss/|962649760|100.00||
   439.555841400|468537124||arm_cmn_1/hnf_cache_miss/|962649400|100.00||
