     1.001042656|129724629||arm_cmn_0/hnf_cache_miss/|1001224800|100.00||
     1.001042656|120684682||arm_cmn_1/hnf_cache_miss/|1001211360|100.00||
     2.004043154|82207096||arm_cmn_0/hnf_cache_miss/|1002993000|100.00||
     2.004043154|79151510||arm_cmn_1/hnf_cache_miss/|1002992680|100.00||
     3.005305090|168011458||arm_cmn_0/hnf_cache_miss/|1001274240|100.00||
     3.005305090|155144970||arm_cmn_1/hnf_cache_miss/|1001275440|100.00||
     4.006567706|166422992||arm_cmn_0/hnf_cache_miss/|1001256080|100.00||
     4.006567706|167946711||arm_cmn_1/hnf_cache_miss/|1001255120|100.00||
     5.007846962|185740305||arm_cmn_0/hnf_cache_miss/|1001284520|100.00||
     5.007846962|178732303||arm_cmn_1/hnf_cache_miss/|1001285720|100.00||
     6.009123738|248396389||arm_cmn_0/hnf_cache_miss/|1001275680|100.00||
     6.009123738|247258146||arm_cmn_1/hnf_cache_miss/|1001276440|100.00||
     7.010514114|154489493||arm_cmn_0/hnf_cache_miss/|1001394000|100.00||
     7.010514114|146807629||arm_cmn_1/hnf_cache_miss/|1001392600|100.00||
     8.011795850|249624316||arm_cmn_0/hnf_cache_miss/|1001275840|100.00||
     8.011795850|234389991||arm_cmn_1/hnf_cache_miss/|1001275440|100.00||
     9.013072346|165254703||arm_cmn_0/hnf_cache_miss/|1001270320|100.00||
     9.013072346|175962779||arm_cmn_1/hnf_cache_miss/|1001270480|100.00||
    10.014341682|189241860||arm_cmn_0/hnf_cache_miss/|1001477000|100.00||
    10.014341682|178650165||arm_cmn_1/hnf_cache_miss/|1001477200|100.00||
    11.015833058|255091912||arm_cmn_0/hnf_cache_miss/|1001285080|100.00||
    11.015833058|256274749||arm_cmn_1/hnf_cache_miss/|1001286160|100.00||
    12.017101474|156277701||arm_cmn_0/hnf_cache_miss/|1001270920|100.00||
    12.017101474|144419518||arm_cmn_1/hnf_cache_miss/|1001270880|100.00||
    13.018457490|256499376||arm_cmn_0/hnf_cache_miss/|1001353360|100.00||
    13.018457490|236592286||arm_cmn_1/hnf_cache_miss/|1001352520|100.00||
    14.019732626|160449877||arm_cmn_0/hnf_cache_miss/|1001269680|100.00||
    14.019732626|180037067||arm_cmn_1/hnf_cache_miss/|1001268960|100.00||
    15.021172002|193735015||arm_cmn_0/hnf_cache_miss/|1001448680|100.00||
    15.021172002|176628911||arm_cmn_1/hnf_cache_miss/|1001448400|100.00||
    16.022506258|250837228||arm_cmn_0/hnf_cache_miss/|1001333520|100.00||
    16.022506258|259156586||arm_cmn_1/hnf_cache_miss/|1001333320|100.00||
    17.023808714|157863165||arm_cmn_0/hnf_cache_miss/|1001294880|100.00||
    17.023808714|141968364||arm_cmn_1/hnf_cache_miss/|1001295880|100.00||
    18.025092210|259367001||arm_cmn_0/hnf_cache_miss/|1001287440|100.00||
    18.025092210|234060319||arm_cmn_1/hnf_cache_miss/|1001286840|100.00||
    19.026581227|156281761||arm_cmn_0/hnf_cache_miss/|1001478280|100.00||
    19.026581227|185152747||arm_cmn_1/hnf_cache_miss/|1001478480|100.00||
    20.028013163|199208252||arm_cmn_0/hnf_cache_miss/|1001439800|100.00||
    20.028013163|174039817||arm_cmn_1/hnf_cache_miss/|1001440240|100.00||
    21.029302299|244670887||arm_cmn_0/hnf_cache_miss/|1001285040|100.00||
    21.029302299|261367416||arm_cmn_1/hnf_cache_miss/|1001284640|100.00||
    22.030575795|159501970||arm_cmn_0/hnf_cache_miss/|1001265400|100.00||
    22.030575795|140761426||arm_cmn_1/hnf_cache_miss/|1001264720|100.00||
    23.031870371|262216874||arm_cmn_0/hnf_cache_miss/|1001298360|100.00||
    23.031870371|230806982||arm_cmn_1/hnf_cache_miss/|1001298600|100.00||
    24.033146627|153058370||arm_cmn_0/hnf_cache_miss/|1001272240|100.00||
    24.033146627|190205321||arm_cmn_1/hnf_cache_miss/|1001272680|100.00||
    25.034508043|204850691||arm_cmn_0/hnf_cache_miss/|1001361240|100.00||
    25.034508043|172665647||arm_cmn_1/hnf_cache_miss/|1001361080|100.00||
    26.035775579|237725014||arm_cmn_0/hnf_cache_miss/|1001263640|100.00||
    26.035775579|261628254||arm_cmn_1/hnf_cache_miss/|1001263440|100.00||
    27.037045795|160776427||arm_cmn_0/hnf_cache_miss/|1001279920|100.00||
    27.037045795|139864614||arm_cmn_1/hnf_cache_miss/|1001280360|100.00||
    28.038346291|263187249||arm_cmn_0/hnf_cache_miss/|1001428480|100.00||
    28.038346291|227899587||arm_cmn_1/hnf_cache_miss/|1001427920|100.00||
    29.039777907|151316696||arm_cmn_0/hnf_cache_miss/|1001294320|100.00||
    29.039777907|193938122||arm_cmn_1/hnf_cache_miss/|1001294000|100.00||
    30.041206283|193334119||arm_cmn_0/hnf_cache_miss/|1001424880|100.00||
    30.041206283|171439691||arm_cmn_1/hnf_cache_miss/|1001426160|100.00||
    31.042568579|92288132||arm_cmn_0/hnf_cache_miss/|1001355640|100.00||
    31.042568579|125795721||arm_cmn_1/hnf_cache_miss/|1001354640|100.00||
    32.043840435|81249403||arm_cmn_0/hnf_cache_miss/|1001267640|100.00||
    32.043840435|79757443||arm_cmn_1/hnf_cache_miss/|1001269040|100.00||
    33.045100091|196099876||arm_cmn_0/hnf_cache_miss/|1001275560|100.00||
    33.045100091|116390946||arm_cmn_1/hnf_cache_miss/|1001275520|100.00||
    34.046536268|156001326||arm_cmn_0/hnf_cache_miss/|1001426040|100.00||
    34.046536268|209064550||arm_cmn_1/hnf_cache_miss/|1001424320|100.00||
    35.048511484|212141745||arm_cmn_0/hnf_cache_miss/|1001988200|100.00||
    35.048511484|170170656||arm_cmn_1/hnf_cache_miss/|1001989440|100.00||
    36.049805780|240611829||arm_cmn_0/hnf_cache_miss/|1001286280|100.00||
    36.049805780|268721695||arm_cmn_1/hnf_cache_miss/|1001287320|100.00||
    37.050510556|164019847||arm_cmn_0/hnf_cache_miss/|1000701240|100.00||
    37.050510556|140070686||arm_cmn_1/hnf_cache_miss/|1000699480|100.00||
    38.051787732|268090593||arm_cmn_0/hnf_cache_miss/|1001283280|100.00||
    38.051787732|218154890||arm_cmn_1/hnf_cache_miss/|1001283480|100.00||
    39.053068868|156302458||arm_cmn_0/hnf_cache_miss/|1001273640|100.00||
    39.053068868|219839573||arm_cmn_1/hnf_cache_miss/|1001274280|100.00||
    40.054539124|213516952||arm_cmn_0/hnf_cache_miss/|1001469120|100.00||
    40.054539124|166811110||arm_cmn_1/hnf_cache_miss/|1001469480|100.00||
    41.055819020|238208299||arm_cmn_0/hnf_cache_miss/|1001277080|100.00||
    41.055819020|268420655||arm_cmn_1/hnf_cache_miss/|1001276560|100.00||
    42.057090636|165082288||arm_cmn_0/hnf_cache_miss/|1001275320|100.00||
    42.057090636|144121114||arm_cmn_1/hnf_cache_miss/|1001277040|100.00||
    43.058588052|267845749||arm_cmn_0/hnf_cache_miss/|1001493320|100.00||
    43.058588052|215502867||arm_cmn_1/hnf_cache_miss/|1001492400|100.00||
    44.059869388|156825321||arm_cmn_0/hnf_cache_miss/|1001279680|100.00||
    44.059869388|224736209||arm_cmn_1/hnf_cache_miss/|1001279120|100.00||
    45.061314164|214766875||arm_cmn_0/hnf_cache_miss/|1001439480|100.00||
    45.061314164|165360744||arm_cmn_1/hnf_cache_miss/|1001438600|100.00||
    46.062546900|235584845||arm_cmn_0/hnf_cache_miss/|1001242800|100.00||
    46.062546900|266143444||arm_cmn_1/hnf_cache_miss/|1001242520|100.00||
    47.063835356|165910232||arm_cmn_0/hnf_cache_miss/|1001280800|100.00||
    47.063835356|146467319||arm_cmn_1/hnf_cache_miss/|1001282160|100.00||
    48.065115492|267174681||arm_cmn_0/hnf_cache_miss/|1001278480|100.00||
    48.065115492|213586792||arm_cmn_1/hnf_cache_miss/|1001277440|100.00||
    49.066570509|157885517||arm_cmn_0/hnf_cache_miss/|1001443040|100.00||
    49.066570509|229083549||arm_cmn_1/hnf_cache_miss/|1001444240|100.00||
    50.067979805|216114823||arm_cmn_0/hnf_cache_miss/|1001422480|100.00||
    50.067979805|161566434||arm_cmn_1/hnf_cache_miss/|1001422400|100.00||
    51.069266381|232539595||arm_cmn_0/hnf_cache_miss/|1001286960|100.00||
    51.069266381|264757301||arm_cmn_1/hnf_cache_miss/|1001286640|100.00||
    52.070585277|167117090||arm_cmn_0/hnf_cache_miss/|1001317800|100.00||
    52.070585277|150084609||arm_cmn_1/hnf_cache_miss/|1001317080|100.00||
    53.071885733|265913302||arm_cmn_0/hnf_cache_miss/|1001287760|100.00||
    53.071885733|207760101||arm_cmn_1/hnf_cache_miss/|1001287600|100.00||
    54.073159629|159078867||arm_cmn_0/hnf_cache_miss/|1001281440|100.00||
    54.073159629|233376620||arm_cmn_1/hnf_cache_miss/|1001282160|100.00||
    55.074548205|217761571||arm_cmn_0/hnf_cache_miss/|1001387560|100.00||
    55.074548205|155950665||arm_cmn_1/hnf_cache_miss/|1001386320|100.00||
    56.075846621|229839367||arm_cmn_0/hnf_cache_miss/|1001285560|100.00||
    56.075846621|259868230||arm_cmn_1/hnf_cache_miss/|1001285840|100.00||
    57.077123117|168016434||arm_cmn_0/hnf_cache_miss/|1001287040|100.00||
    57.077123117|156829962||arm_cmn_1/hnf_cache_miss/|1001287480|100.00||
    58.078534413|147550022||arm_cmn_0/hnf_cache_miss/|1001396680|100.00||
    58.078534413|193635938||arm_cmn_1/hnf_cache_miss/|1001396000|100.00||
    59.079799709|82335146||arm_cmn_0/hnf_cache_miss/|1001274160|100.00||
    59.079799709|95291432||arm_cmn_1/hnf_cache_miss/|1001274160|100.00||
    60.081222325|110344607||arm_cmn_0/hnf_cache_miss/|1001420440|100.00||
    60.081222325|81311173||arm_cmn_1/hnf_cache_miss/|1001422280|100.00||
    61.082525421|218393698||arm_cmn_0/hnf_cache_miss/|1001298960|100.00||
    61.082525421|173207788||arm_cmn_1/hnf_cache_miss/|1001297800|100.00||
    62.083797597|168165594||arm_cmn_0/hnf_cache_miss/|1001263680|100.00||
    62.083797597|167507488||arm_cmn_1/hnf_cache_miss/|1001263920|100.00||
    63.085054093|265994418||arm_cmn_0/hnf_cache_miss/|1001267800|100.00||
    63.085054093|196427165||arm_cmn_1/hnf_cache_miss/|1001269240|100.00||
    64.086327309|163719945||arm_cmn_0/hnf_cache_miss/|1001446240|100.00||
    64.086327309|255496225||arm_cmn_1/hnf_cache_miss/|1001444680|100.00||
    65.087914006|219146653||arm_cmn_0/hnf_cache_miss/|1001416480|100.00||
    65.087914006|153378318||arm_cmn_1/hnf_cache_miss/|1001416800|100.00||
    66.089190782|231408450||arm_cmn_0/hnf_cache_miss/|1001274240|100.00||
    66.089190782|253130237||arm_cmn_1/hnf_cache_miss/|1001274560|100.00||
    67.090581358|169546232||arm_cmn_0/hnf_cache_miss/|1001385280|100.00||
    67.090581358|174982255||arm_cmn_1/hnf_cache_miss/|1001384160|100.00||
    68.091859654|265123925||arm_cmn_0/hnf_cache_miss/|1001285960|100.00||
    68.091859654|189251744||arm_cmn_1/hnf_cache_miss/|1001286400|100.00||
    69.093133710|166512543||arm_cmn_0/hnf_cache_miss/|1001272920|100.00||
    69.093133710|258800863||arm_cmn_1/hnf_cache_miss/|1001273080|100.00||
    70.094506086|221266483||arm_cmn_0/hnf_cache_miss/|1001369160|100.00||
    70.094506086|151863317||arm_cmn_1/hnf_cache_miss/|1001369520|100.00||
    71.095805342|229576277||arm_cmn_0/hnf_cache_miss/|1001295960|100.00||
    71.095805342|246101710||arm_cmn_1/hnf_cache_miss/|1001295600|100.00||
    72.097083798|171399194||arm_cmn_0/hnf_cache_miss/|1001279960|100.00||
    72.097083798|184108351||arm_cmn_1/hnf_cache_miss/|1001280120|100.00||
    73.098472214|263279534||arm_cmn_0/hnf_cache_miss/|1001435840|100.00||
    73.098472214|185016268||arm_cmn_1/hnf_cache_miss/|1001435760|100.00||
    74.099814470|168071599||arm_cmn_0/hnf_cache_miss/|1001286280|100.00||
    74.099814470|260624392||arm_cmn_1/hnf_cache_miss/|1001285520|100.00||
    75.101234166|222118454||arm_cmn_0/hnf_cache_miss/|1001429880|100.00||
    75.101234166|154736147||arm_cmn_1/hnf_cache_miss/|1001429440|100.00||
    76.102598502|227523499||arm_cmn_0/hnf_cache_miss/|1001343600|100.00||
    76.102598502|239673341||arm_cmn_1/hnf_cache_miss/|1001345520|100.00||
    77.103862518|172513577||arm_cmn_0/hnf_cache_miss/|1001278240|100.00||
    77.103862518|193163481||arm_cmn_1/hnf_cache_miss/|1001277680|100.00||
    78.105151574|260997514||arm_cmn_0/hnf_cache_miss/|1001286200|100.00||
    78.105151574|182173127||arm_cmn_1/hnf_cache_miss/|1001285880|100.00||
    79.106543910|170225233||arm_cmn_0/hnf_cache_miss/|1001387800|100.00||
    79.106543910|259801075||arm_cmn_1/hnf_cache_miss/|1001389080|100.00||
    80.107967647|223115147||arm_cmn_0/hnf_cache_miss/|1001427440|100.00||
    80.107967647|156261936||arm_cmn_1/hnf_cache_miss/|1001425560|100.00||
    81.109243743|225512524||arm_cmn_0/hnf_cache_miss/|1001269440|100.00||
    81.109243743|235597202||arm_cmn_1/hnf_cache_miss/|1001272640|100.00||
    82.110498719|174239612||arm_cmn_0/hnf_cache_miss/|1001258400|100.00||
    82.110498719|198919128||arm_cmn_1/hnf_cache_miss/|1001255720|100.00||
    83.111790695|258836358||arm_cmn_0/hnf_cache_miss/|1001287800|100.00||
    83.111790695|179073433||arm_cmn_1/hnf_cache_miss/|1001287880|100.00||
    84.113076671|171995007||arm_cmn_0/hnf_cache_miss/|1001285440|100.00||
    84.113076671|260286883||arm_cmn_1/hnf_cache_miss/|1001285040|100.00||
    85.114505127|181120516||arm_cmn_0/hnf_cache_miss/|1001427200|100.00||
    85.114505127|157366525||arm_cmn_1/hnf_cache_miss/|1001428320|100.00||
    86.115793503|101418485||arm_cmn_0/hnf_cache_miss/|1001273000|100.00||
    86.115793503|177837568||arm_cmn_1/hnf_cache_miss/|1001272480|100.00||
    87.117063279|83607827||arm_cmn_0/hnf_cache_miss/|1001274560|100.00||
    87.117063279|91222050||arm_cmn_1/hnf_cache_miss/|1001274040|100.00||
    88.118354455|193378103||arm_cmn_0/hnf_cache_miss/|1001503640|100.00||
    88.118354455|80462302||arm_cmn_1/hnf_cache_miss/|1001503760|100.00||
    89.119836711|173861906||arm_cmn_0/hnf_cache_miss/|1001277640|100.00||
    89.119836711|208297702||arm_cmn_1/hnf_cache_miss/|1001278080|100.00||
    90.121286007|223847067||arm_cmn_0/hnf_cache_miss/|1001449520|100.00||
    90.121286007|159497119||arm_cmn_1/hnf_cache_miss/|1001449520|100.00||
    91.122583903|226643825||arm_cmn_0/hnf_cache_miss/|1001295040|100.00||
    91.122583903|226561038||arm_cmn_1/hnf_cache_miss/|1001294560|100.00||
    92.123855079|176532764||arm_cmn_0/hnf_cache_miss/|1001271240|100.00||
    92.123855079|217268663||arm_cmn_1/hnf_cache_miss/|1001272120|100.00||
    93.125153535|257132982||arm_cmn_0/hnf_cache_miss/|1001291000|100.00||
    93.125153535|171086967||arm_cmn_1/hnf_cache_miss/|1001291040|100.00||
    94.126509391|177651261||arm_cmn_0/hnf_cache_miss/|1001355000|100.00||
    94.126509391|262837896||arm_cmn_1/hnf_cache_miss/|1001354400|100.00||
    95.127942727|224226457||arm_cmn_0/hnf_cache_miss/|1001434720|100.00||
    95.127942727|162263744||arm_cmn_1/hnf_cache_miss/|1001434800|100.00||
    96.129230703|225062941||arm_cmn_0/hnf_cache_miss/|1001281920|100.00||
    96.129230703|222635286||arm_cmn_1/hnf_cache_miss/|1001282120|100.00||
    97.130514199|178065526||arm_cmn_0/hnf_cache_miss/|1001307640|100.00||
    97.130514199|221606420||arm_cmn_1/hnf_cache_miss/|1001307360|100.00||
    98.131812135|254622434||arm_cmn_0/hnf_cache_miss/|1001273080|100.00||
    98.131812135|169153605||arm_cmn_1/hnf_cache_miss/|1001273480|100.00||
    99.133082831|179685499||arm_cmn_0/hnf_cache_miss/|1001280360|100.00||
    99.133082831|262218865||arm_cmn_1/hnf_cache_miss/|1001279880|100.00||
   100.134634688|224450416||arm_cmn_0/hnf_cache_miss/|1001536520|100.00||
   100.134634688|163580183||arm_cmn_1/hnf_cache_miss/|1001536600|100.00||
   101.135909184|223510295||arm_cmn_0/hnf_cache_miss/|1001287960|100.00||
   101.135909184|218339650||arm_cmn_1/hnf_cache_miss/|1001288840|100.00||
   102.137199480|179631907||arm_cmn_0/hnf_cache_miss/|1001289240|100.00||
   102.137199480|225472931||arm_cmn_1/hnf_cache_miss/|1001288240|100.00||
   103.138573416|252516927||arm_cmn_0/hnf_cache_miss/|1001366080|100.00||
   103.138573416|164474058||arm_cmn_1/hnf_cache_miss/|1001366320|100.00||
   104.139858672|181462074||arm_cmn_0/hnf_cache_miss/|1001279960|100.00||
   104.139858672|259556406||arm_cmn_1/hnf_cache_miss/|1001279320|100.00||
   105.141292528|224576643||arm_cmn_0/hnf_cache_miss/|1001439520|100.00||
   105.141292528|164753598||arm_cmn_1/hnf_cache_miss/|1001439440|100.00||
   106.142508104|221908137||arm_cmn_0/hnf_cache_miss/|1001213120|100.00||
   106.142508104|212780220||arm_cmn_1/hnf_cache_miss/|1001214040|100.00||
   107.143807200|181610064||arm_cmn_0/hnf_cache_miss/|1001296720|100.00||
   107.143807200|230890540||arm_cmn_1/hnf_cache_miss/|1001296600|100.00||
   108.145104336|249786935||arm_cmn_0/hnf_cache_miss/|1001292600|100.00||
   108.145104336|165538594||arm_cmn_1/hnf_cache_miss/|1001292280|100.00||
   109.146482632|183255471||arm_cmn_0/hnf_cache_miss/|1001381640|100.00||
   109.146482632|258182054||arm_cmn_1/hnf_cache_miss/|1001382240|100.00||
   110.147935808|224607045||arm_cmn_0/hnf_cache_miss/|1001449120|100.00||
   110.147935808|171510907||arm_cmn_1/hnf_cache_miss/|1001449760|100.00||
   111.149218944|220292041||arm_cmn_0/hnf_cache_miss/|1001285560|100.00||
   111.149218944|209677224||arm_cmn_1/hnf_cache_miss/|1001284520|100.00||
   112.150559800|176971947||arm_cmn_0/hnf_cache_miss/|1001338400|100.00||
   112.150559800|232730578||arm_cmn_1/hnf_cache_miss/|1001338440|100.00||
   113.151832896|145176954||arm_cmn_0/hnf_cache_miss/|1001267880|100.00||
   113.151832896|167885862||arm_cmn_1/hnf_cache_miss/|1001267560|100.00||
   114.153095312|85998948||arm_cmn_0/hnf_cache_miss/|1001260200|100.00||
   114.153095312|158058986||arm_cmn_1/hnf_cache_miss/|1001260880|100.00||
   115.154511049|131849375||arm_cmn_0/hnf_cache_miss/|1001414560|100.00||
   115.154511049|86239437||arm_cmn_1/hnf_cache_miss/|1001414360|100.00||
   116.155791905|195728367||arm_cmn_0/hnf_cache_miss/|1001282480|100.00||
   116.155791905|95278051||arm_cmn_1/hnf_cache_miss/|1001283080|100.00||
   117.157060561|185205633||arm_cmn_0/hnf_cache_miss/|1001272040|100.00||
   117.157060561|212554319||arm_cmn_1/hnf_cache_miss/|1001271320|100.00||
   118.158339257|247364070||arm_cmn_0/hnf_cache_miss/|1001506240|100.00||
   118.158339257|168491128||arm_cmn_1/hnf_cache_miss/|1001507080|100.00||
   119.159861833|187669394||arm_cmn_0/hnf_cache_miss/|1001285680|100.00||
   119.159861833|251895246||arm_cmn_1/hnf_cache_miss/|1001284520|100.00||
   120.161303849|224091274||arm_cmn_0/hnf_cache_miss/|1001447240|100.00||
   120.161303849|182648949||arm_cmn_1/hnf_cache_miss/|1001448240|100.00||
   121.162510945|220202723||arm_cmn_0/hnf_cache_miss/|1001202720|100.00||
   121.162510945|196966291||arm_cmn_1/hnf_cache_miss/|1001201760|100.00||
   122.163784721|187562411||arm_cmn_0/hnf_cache_miss/|1001277960|100.00||
   122.163784721|246013881||arm_cmn_1/hnf_cache_miss/|1001277240|100.00||
   123.165051377|244627532||arm_cmn_0/hnf_cache_miss/|1001267600|100.00||
   123.165051377|169758318||arm_cmn_1/hnf_cache_miss/|1001269360|100.00||
   124.166327753|189349133||arm_cmn_0/hnf_cache_miss/|1001404080|100.00||
   124.166327753|247140890||arm_cmn_1/hnf_cache_miss/|1001404160|100.00||
   125.167876529|224928198||arm_cmn_0/hnf_cache_miss/|1001412600|100.00||
   125.167876529|188965752||arm_cmn_1/hnf_cache_miss/|1001412360|100.00||
   126.169152905|219019373||arm_cmn_0/hnf_cache_miss/|1001281800|100.00||
   126.169152905|190971755||arm_cmn_1/hnf_cache_miss/|1001282840|100.00||
   127.170582001|190118333||arm_cmn_0/hnf_cache_miss/|1001423400|100.00||
   127.170582001|247492106||arm_cmn_1/hnf_cache_miss/|1001421360|100.00||
   128.171874217|242154802||arm_cmn_0/hnf_cache_miss/|1001286880|100.00||
   128.171874217|173395990||arm_cmn_1/hnf_cache_miss/|1001287080|100.00||
   129.173146393|191725494||arm_cmn_0/hnf_cache_miss/|1001285360|100.00||
   129.173146393|242316486||arm_cmn_1/hnf_cache_miss/|1001286080|100.00||
   130.174549130|225465402||arm_cmn_0/hnf_cache_miss/|1001384440|100.00||
   130.174549130|192886961||arm_cmn_1/hnf_cache_miss/|1001384680|100.00||
   131.175824026|217641121||arm_cmn_0/hnf_cache_miss/|1001286720|100.00||
   131.175824026|188132386||arm_cmn_1/hnf_cache_miss/|1001286040|100.00||
   132.177103042|192371457||arm_cmn_0/hnf_cache_miss/|1001273840|100.00||
   132.177103042|248298757||arm_cmn_1/hnf_cache_miss/|1001274360|100.00||
   133.178540138|239791951||arm_cmn_0/hnf_cache_miss/|1001431200|100.00||
   133.178540138|174661634||arm_cmn_1/hnf_cache_miss/|1001429640|100.00||
   134.179829074|193278769||arm_cmn_0/hnf_cache_miss/|1001291040|100.00||
   134.179829074|237466392||arm_cmn_1/hnf_cache_miss/|1001292840|100.00||
   135.181243130|225230955||arm_cmn_0/hnf_cache_miss/|1001412760|100.00||
   135.181243130|196479217||arm_cmn_1/hnf_cache_miss/|1001411080|100.00||
   136.182604546|216425501||arm_cmn_0/hnf_cache_miss/|1001358480|100.00||
   136.182604546|181990619||arm_cmn_1/hnf_cache_miss/|1001359000|100.00||
   137.183876762|194277612||arm_cmn_0/hnf_cache_miss/|1001275720|100.00||
   137.183876762|250896808||arm_cmn_1/hnf_cache_miss/|1001277360|100.00||
   138.185153258|236988037||arm_cmn_0/hnf_cache_miss/|1001277000|100.00||
   138.185153258|175717423||arm_cmn_1/hnf_cache_miss/|1001275760|100.00||
   139.186536754|195227493||arm_cmn_0/hnf_cache_miss/|1001376800|100.00||
   139.186536754|234459538||arm_cmn_1/hnf_cache_miss/|1001376760|100.00||
   140.187976570|167086684||arm_cmn_0/hnf_cache_miss/|1001440240|100.00||
   140.187976570|203066426||arm_cmn_1/hnf_cache_miss/|1001439440|100.00||
   141.189245706|112534951||arm_cmn_0/hnf_cache_miss/|1001262360|100.00||
   141.189245706|178664915||arm_cmn_1/hnf_cache_miss/|1001264240|100.00||
   142.190572242|97414660||arm_cmn_0/hnf_cache_miss/|1001333360|100.00||
   142.190572242|136426359||arm_cmn_1/hnf_cache_miss/|1001332160|100.00||
   143.191848578|176249519||arm_cmn_0/hnf_cache_miss/|1001274280|100.00||
   143.191848578|84396534||arm_cmn_1/hnf_cache_miss/|1001273440|100.00||
   144.193121994|189145895||arm_cmn_0/hnf_cache_miss/|1001271840|100.00||
   144.193121994|136193802||arm_cmn_1/hnf_cache_miss/|1001273840|100.00||
   145.194564610|225012360||arm_cmn_0/hnf_cache_miss/|1001444080|100.00||
   145.194564610|188605395||arm_cmn_1/hnf_cache_miss/|1001442040|100.00||
   146.195858786|216676608||arm_cmn_0/hnf_cache_miss/|1001287440|100.00||
   146.195858786|179836486||arm_cmn_1/hnf_cache_miss/|1001288200|100.00||
   147.197131082|198700934||arm_cmn_0/hnf_cache_miss/|1001282120|100.00||
   147.197131082|252383392||arm_cmn_1/hnf_cache_miss/|1001282080|100.00||
   148.198507219|234823601||arm_cmn_0/hnf_cache_miss/|1001363440|100.00||
   148.198507219|180939782||arm_cmn_1/hnf_cache_miss/|1001363040|100.00||
   149.199781795|199328972||arm_cmn_0/hnf_cache_miss/|1001280880|100.00||
   149.199781795|225296755||arm_cmn_1/hnf_cache_miss/|1001281880|100.00||
   150.201205171|224615301||arm_cmn_0/hnf_cache_miss/|1001424760|100.00||
   150.201205171|211910997||arm_cmn_1/hnf_cache_miss/|1001424360|100.00||
   151.202488547|215234714||arm_cmn_0/hnf_cache_miss/|1001275480|100.00||
   151.202488547|181202160||arm_cmn_1/hnf_cache_miss/|1001276400|100.00||
   152.203761683|200506431||arm_cmn_0/hnf_cache_miss/|1001271600|100.00||
   152.203761683|251197866||arm_cmn_1/hnf_cache_miss/|1001270760|100.00||
   153.205044619|232783440||arm_cmn_0/hnf_cache_miss/|1001287800|100.00||
   153.205044619|181430355||arm_cmn_1/hnf_cache_miss/|1001287960|100.00||
   154.206329835|200996203||arm_cmn_0/hnf_cache_miss/|1001476840|100.00||
   154.206329835|220185545||arm_cmn_1/hnf_cache_miss/|1001475760|100.00||
   155.207957611|224246702||arm_cmn_0/hnf_cache_miss/|1001434520|100.00||
   155.207957611|214058092||arm_cmn_1/hnf_cache_miss/|1001435200|100.00||
   156.209241827|214385934||arm_cmn_0/hnf_cache_miss/|1001279640|100.00||
   156.209241827|180541667||arm_cmn_1/hnf_cache_miss/|1001279560|100.00||
   157.210513243|202240166||arm_cmn_0/hnf_cache_miss/|1001264280|100.00||
   157.210513243|250356644||arm_cmn_1/hnf_cache_miss/|1001264600|100.00||
   158.211776699|230412262||arm_cmn_0/hnf_cache_miss/|1001266480|100.00||
   158.211776699|182720740||arm_cmn_1/hnf_cache_miss/|1001266800|100.00||
   159.213051195|202686801||arm_cmn_0/hnf_cache_miss/|1001274120|100.00||
   159.213051195|216067864||arm_cmn_1/hnf_cache_miss/|1001273000|100.00||
   160.214561651|223963731||arm_cmn_0/hnf_cache_miss/|1001498520|100.00||
   160.214561651|217662099||arm_cmn_1/hnf_cache_miss/|1001498200|100.00||
   161.215827627|213283488||arm_cmn_0/hnf_cache_miss/|1001270440|100.00||
   161.215827627|184685203||arm_cmn_1/hnf_cache_miss/|1001272720|100.00||
   162.217094323|204468569||arm_cmn_0/hnf_cache_miss/|1001274760|100.00||
   162.217094323|249614246||arm_cmn_1/hnf_cache_miss/|1001273800|100.00||
   163.218539740|228197381||arm_cmn_0/hnf_cache_miss/|1001431720|100.00||
   163.218539740|183913871||arm_cmn_1/hnf_cache_miss/|1001430840|100.00||
   164.219805876|203910890||arm_cmn_0/hnf_cache_miss/|1001278600|100.00||
   164.219805876|212686701||arm_cmn_1/hnf_cache_miss/|1001279240|100.00||
   165.221239852|223600358||arm_cmn_0/hnf_cache_miss/|1001432480|100.00||
   165.221239852|219066833||arm_cmn_1/hnf_cache_miss/|1001432960|100.00||
   166.222564508|212565217||arm_cmn_0/hnf_cache_miss/|1001314120|100.00||
   166.222564508|186036476||arm_cmn_1/hnf_cache_miss/|1001313920|100.00||
   167.223839004|184345498||arm_cmn_0/hnf_cache_miss/|1001281000|100.00||
   167.223839004|247636276||arm_cmn_1/hnf_cache_miss/|1001281200|100.00||
   168.225131620|139402892||arm_cmn_0/hnf_cache_miss/|1001288640|100.00||
   168.225131620|182372792||arm_cmn_1/hnf_cache_miss/|1001288000|100.00||
   169.226579356|97870500||arm_cmn_0/hnf_cache_miss/|1001442480|100.00||
   169.226579356|182044481||arm_cmn_1/hnf_cache_miss/|1001442880|100.00||
   170.228009132|144357250||arm_cmn_0/hnf_cache_miss/|1001436440|100.00||
   170.228009132|117068376||arm_cmn_1/hnf_cache_miss/|1001436000|100.00||
   171.229290988|178992147||arm_cmn_0/hnf_cache_miss/|1001280360|100.00||
   171.229290988|82433942||arm_cmn_1/hnf_cache_miss/|1001280400|100.00||
   172.230550124|205738504||arm_cmn_0/hnf_cache_miss/|1001252840|100.00||
   172.230550124|177590597||arm_cmn_1/hnf_cache_miss/|1001254400|100.00||
   173.231839820|227214755||arm_cmn_0/hnf_cache_miss/|1001294840|100.00||
   173.231839820|167815738||arm_cmn_1/hnf_cache_miss/|1001292480|100.00||
   174.233127116|206903663||arm_cmn_0/hnf_cache_miss/|1001285440|100.00||
   174.233127116|203496184||arm_cmn_1/hnf_cache_miss/|1001286080|100.00||
   175.234489012|223190698||arm_cmn_0/hnf_cache_miss/|1001356280|100.00||
   175.234489012|230313100||arm_cmn_1/hnf_cache_miss/|1001355920|100.00||
   176.235754548|212601096||arm_cmn_0/hnf_cache_miss/|1001270080|100.00||
   176.235754548|189013302||arm_cmn_1/hnf_cache_miss/|1001270560|100.00||
   177.237032364|209311018||arm_cmn_0/hnf_cache_miss/|1001278040|100.00||
   177.237032364|244936586||arm_cmn_1/hnf_cache_miss/|1001278320|100.00||
   178.238311100|224809211||arm_cmn_0/hnf_cache_miss/|1001461720|100.00||
   178.238311100|188395956||arm_cmn_1/hnf_cache_miss/|1001461480|100.00||
   179.239792636|207644859||arm_cmn_0/hnf_cache_miss/|1001298080|100.00||
   179.239792636|200580249||arm_cmn_1/hnf_cache_miss/|1001298400|100.00||
   180.241233933|223156823||arm_cmn_0/hnf_cache_miss/|1001436720|100.00||
   180.241233933|231612441||arm_cmn_1/hnf_cache_miss/|1001437760|100.00||
   181.242550869|210879267||arm_cmn_0/hnf_cache_miss/|1001304160|100.00||
   181.242550869|192334630||arm_cmn_1/hnf_cache_miss/|1001303480|100.00||
   182.243819285|211762724||arm_cmn_0/hnf_cache_miss/|1001283000|100.00||
   182.243819285|241217828||arm_cmn_1/hnf_cache_miss/|1001283120|100.00||
   183.245114741|223211740||arm_cmn_0/hnf_cache_miss/|1001284480|100.00||
   183.245114741|188441763||arm_cmn_1/hnf_cache_miss/|1001283320|100.00||
   184.246520757|208955021||arm_cmn_0/hnf_cache_miss/|1001407360|100.00||
   184.246520757|200555255||arm_cmn_1/hnf_cache_miss/|1001408600|100.00||
   185.247974013|222756349||arm_cmn_0/hnf_cache_miss/|1001454880|100.00||
   185.247974013|233419577||arm_cmn_1/hnf_cache_miss/|1001454120|100.00||
   186.249268189|210164966||arm_cmn_0/hnf_cache_miss/|1001287440|100.00||
   186.249268189|192572742||arm_cmn_1/hnf_cache_miss/|1001287240|100.00||
   187.250561685|213770482||arm_cmn_0/hnf_cache_miss/|1001296920|100.00||
   187.250561685|239349990||arm_cmn_1/hnf_cache_miss/|1001297960|100.00||
   188.251837461|221705162||arm_cmn_0/hnf_cache_miss/|1001274520|100.00||
   188.251837461|188876689||arm_cmn_1/hnf_cache_miss/|1001274280|100.00||
   189.253109757|210799006||arm_cmn_0/hnf_cache_miss/|1001273880|100.00||
   189.253109757|200017376||arm_cmn_1/hnf_cache_miss/|1001274320|100.00||
   190.254563493|222609998||arm_cmn_0/hnf_cache_miss/|1001453880|100.00||
   190.254563493|235831277||arm_cmn_1/hnf_cache_miss/|1001453680|100.00||
   191.255852269|209200741||arm_cmn_0/hnf_cache_miss/|1001277720|100.00||
   191.255852269|193050543||arm_cmn_1/hnf_cache_miss/|1001276960|100.00||
   192.257114365|215862794||arm_cmn_0/hnf_cache_miss/|1001265800|100.00||
   192.257114365|234848128||arm_cmn_1/hnf_cache_miss/|1001265960|100.00||
   193.258551421|220166001||arm_cmn_0/hnf_cache_miss/|1001432480|100.00||
   193.258551421|191965720||arm_cmn_1/hnf_cache_miss/|1001432480|100.00||
   194.259836997|205551744||arm_cmn_0/hnf_cache_miss/|1001285120|100.00||
   194.259836997|199760220||arm_cmn_1/hnf_cache_miss/|1001284960|100.00||
   195.261281134|159385191||arm_cmn_0/hnf_cache_miss/|1001451520|100.00||
   195.261281134|238300141||arm_cmn_1/hnf_cache_miss/|1001452000|100.00||
   196.262522870|122696215||arm_cmn_0/hnf_cache_miss/|1001235720|100.00||
   196.262522870|194162123||arm_cmn_1/hnf_cache_miss/|1001235360|100.00||
   197.263841446|116563527||arm_cmn_0/hnf_cache_miss/|1001321160|100.00||
   197.263841446|162439953||arm_cmn_1/hnf_cache_miss/|1001321160|100.00||
   198.265125782|166006410||arm_cmn_0/hnf_cache_miss/|1001284440|100.00||
   198.265125782|111488933||arm_cmn_1/hnf_cache_miss/|1001283040|100.00||
   199.266545678|195566613||arm_cmn_0/hnf_cache_miss/|1001410600|100.00||
   199.266545678|84861573||arm_cmn_1/hnf_cache_miss/|1001411360|100.00||
   200.268015534|219316237||arm_cmn_0/hnf_cache_miss/|1001469480|100.00||
   200.268015534|190878188||arm_cmn_1/hnf_cache_miss/|1001470120|100.00||
   201.269313910|210463064||arm_cmn_0/hnf_cache_miss/|1001300000|100.00||
   201.269313910|177179759||arm_cmn_1/hnf_cache_miss/|1001298920|100.00||
   202.270491966|218169175||arm_cmn_0/hnf_cache_miss/|1001178840|100.00||
   202.270491966|227515058||arm_cmn_1/hnf_cache_miss/|1001180840|100.00||
   203.271783182|218465968||arm_cmn_0/hnf_cache_miss/|1001290960|100.00||
   203.271783182|197446945||arm_cmn_1/hnf_cache_miss/|1001290600|100.00||
   204.273078198|215400620||arm_cmn_0/hnf_cache_miss/|1001281360|100.00||
   204.273078198|200937138||arm_cmn_1/hnf_cache_miss/|1001280320|100.00||
   205.274522894|221294099||arm_cmn_0/hnf_cache_miss/|1001451520|100.00||
   205.274522894|242443631||arm_cmn_1/hnf_cache_miss/|1001452880|100.00||
   206.275816270|210195863||arm_cmn_0/hnf_cache_miss/|1001294720|100.00||
   206.275816270|188797465||arm_cmn_1/hnf_cache_miss/|1001292880|100.00||
   207.277113206|219792388||arm_cmn_0/hnf_cache_miss/|1001295480|100.00||
   207.277113206|224088054||arm_cmn_1/hnf_cache_miss/|1001296080|100.00||
   208.278559822|216960910||arm_cmn_0/hnf_cache_miss/|1001444520|100.00||
   208.278559822|200737269||arm_cmn_1/hnf_cache_miss/|1001445320|100.00||
   209.279853798|216513469||arm_cmn_0/hnf_cache_miss/|1001292240|100.00||
   209.279853798|201516805||arm_cmn_1/hnf_cache_miss/|1001291920|100.00||
   210.281277495|221477600||arm_cmn_0/hnf_cache_miss/|1001429680|100.00||
   210.281277495|243703167||arm_cmn_1/hnf_cache_miss/|1001429840|100.00||
   211.282512831|209160099||arm_cmn_0/hnf_cache_miss/|1001229160|100.00||
   211.282512831|188996778||arm_cmn_1/hnf_cache_miss/|1001229040|100.00||
   212.283791367|220918958||arm_cmn_0/hnf_cache_miss/|1001276400|100.00||
   212.283791367|222077302||arm_cmn_1/hnf_cache_miss/|1001276000|100.00||
   213.285071943|215359861||arm_cmn_0/hnf_cache_miss/|1001281360|100.00||
   213.285071943|203667433||arm_cmn_1/hnf_cache_miss/|1001283120|100.00||
   214.286479879|217611743||arm_cmn_0/hnf_cache_miss/|1001394240|100.00||
   214.286479879|203969485||arm_cmn_1/hnf_cache_miss/|1001392320|100.00||
   215.287900775|221322452||arm_cmn_0/hnf_cache_miss/|1001431960|100.00||
   215.287900775|242529143||arm_cmn_1/hnf_cache_miss/|1001431840|100.00||
   216.289187671|208157624||arm_cmn_0/hnf_cache_miss/|1001288600|100.00||
   216.289187671|187193302||arm_cmn_1/hnf_cache_miss/|1001290800|100.00||
   217.290561567|222202784||arm_cmn_0/hnf_cache_miss/|1001374160|100.00||
   217.290561567|221328674||arm_cmn_1/hnf_cache_miss/|1001371800|100.00||
   218.291831783|214111308||arm_cmn_0/hnf_cache_miss/|1001263000|100.00||
   218.291831783|204666388||arm_cmn_1/hnf_cache_miss/|1001263440|100.00||
   219.293100039|218578508||arm_cmn_0/hnf_cache_miss/|1001268640|100.00||
   219.293100039|205907612||arm_cmn_1/hnf_cache_miss/|1001268680|100.00||
   220.294576335|221181426||arm_cmn_0/hnf_cache_miss/|1001474880|100.00||
   220.294576335|242707908||arm_cmn_1/hnf_cache_miss/|1001474360|100.00||
   221.295854231|206304119||arm_cmn_0/hnf_cache_miss/|1001274560|100.00||
   221.295854231|183793724||arm_cmn_1/hnf_cache_miss/|1001276880|100.00||
   222.297120127|189014260||arm_cmn_0/hnf_cache_miss/|1001266120|100.00||
   222.297120127|221521567||arm_cmn_1/hnf_cache_miss/|1001264080|100.00||
   223.298554223|135575298||arm_cmn_0/hnf_cache_miss/|1001428320|100.00||
   223.298554223|207530163||arm_cmn_1/hnf_cache_miss/|1001428920|100.00||
   224.299827159|116614491||arm_cmn_0/hnf_cache_miss/|1001275760|100.00||
   224.299827159|204767049||arm_cmn_1/hnf_cache_miss/|1001275160|100.00||
   225.301246455|150755895||arm_cmn_0/hnf_cache_miss/|1001423040|100.00||
   225.301246455|142991651||arm_cmn_1/hnf_cache_miss/|1001423120|100.00||
   226.302504751|167966124||arm_cmn_0/hnf_cache_miss/|1001256040|100.00||
   226.302504751|109663997||arm_cmn_1/hnf_cache_miss/|1001258400|100.00||
   227.303801287|216175265||arm_cmn_0/hnf_cache_miss/|1001291640|100.00||
   227.303801287|108671275||arm_cmn_1/hnf_cache_miss/|1001289280|100.00||
   228.305070743|211695487||arm_cmn_0/hnf_cache_miss/|1001268400|100.00||
   228.305070743|177198360||arm_cmn_1/hnf_cache_miss/|1001268760|100.00||
   229.306343839|221042917||arm_cmn_0/hnf_cache_miss/|1001413960|100.00||
   229.306343839|193553871||arm_cmn_1/hnf_cache_miss/|1001416440|100.00||
   230.307924456|221490727||arm_cmn_0/hnf_cache_miss/|1001444000|100.00||
   230.307924456|240519297||arm_cmn_1/hnf_cache_miss/|1001441360|100.00||
   231.309225712|207738509||arm_cmn_0/hnf_cache_miss/|1001293760|100.00||
   231.309225712|180663703||arm_cmn_1/hnf_cache_miss/|1001293400|100.00||
   232.310568688|224789178||arm_cmn_0/hnf_cache_miss/|1001346560|100.00||
   232.310568688|220374684||arm_cmn_1/hnf_cache_miss/|1001346160|100.00||
   233.311851224|212018182||arm_cmn_0/hnf_cache_miss/|1001285680|100.00||
   233.311851224|217011970||arm_cmn_1/hnf_cache_miss/|1001287440|100.00||
   234.313134560|221761426||arm_cmn_0/hnf_cache_miss/|1001278680|100.00||
   234.313134560|204979750||arm_cmn_1/hnf_cache_miss/|1001277360|100.00||
   235.314547496|220513992||arm_cmn_0/hnf_cache_miss/|1001413840|100.00||
   235.314547496|240142432||arm_cmn_1/hnf_cache_miss/|1001414320|100.00||
   236.315850632|207361764||arm_cmn_0/hnf_cache_miss/|1001295000|100.00||
   236.315850632|179755068||arm_cmn_1/hnf_cache_miss/|1001295280|100.00||
   237.317122408|226041622||arm_cmn_0/hnf_cache_miss/|1001281320|100.00||
   237.317122408|222476745||arm_cmn_1/hnf_cache_miss/|1001280520|100.00||
   238.318565104|210391751||arm_cmn_0/hnf_cache_miss/|1001440520|100.00||
   238.318565104|219116840||arm_cmn_1/hnf_cache_miss/|1001441040|100.00||
   239.319867400|222260526||arm_cmn_0/hnf_cache_miss/|1001298480|100.00||
   239.319867400|202638350||arm_cmn_1/hnf_cache_miss/|1001299880|100.00||
   240.321293776|220918837||arm_cmn_0/hnf_cache_miss/|1001423800|100.00||
   240.321293776|240226931||arm_cmn_1/hnf_cache_miss/|1001421320|100.00||
   241.322530472|206759873||arm_cmn_0/hnf_cache_miss/|1001230680|100.00||
   241.322530472|178980461||arm_cmn_1/hnf_cache_miss/|1001230800|100.00||
   242.323797328|227227466||arm_cmn_0/hnf_cache_miss/|1001264680|100.00||
   242.323797328|221244599||arm_cmn_1/hnf_cache_miss/|1001265720|100.00||
   243.325065944|209201180||arm_cmn_0/hnf_cache_miss/|1001270360|100.00||
   243.325065944|223980315||arm_cmn_1/hnf_cache_miss/|1001269520|100.00||
   244.326335640|222710310||arm_cmn_0/hnf_cache_miss/|1001440640|100.00||
   244.326335640|200064317||arm_cmn_1/hnf_cache_miss/|1001440880|100.00||
   245.327941457|220823129||arm_cmn_0/hnf_cache_miss/|1001435960|100.00||
   245.327941457|238282521||arm_cmn_1/hnf_cache_miss/|1001437200|100.00||
   246.329218513|206874902||arm_cmn_0/hnf_cache_miss/|1001278000|100.00||
   246.329218513|181354529||arm_cmn_1/hnf_cache_miss/|1001277400|100.00||
   247.330556649|227826775||arm_cmn_0/hnf_cache_miss/|1001327080|100.00||
   247.330556649|220648488||arm_cmn_1/hnf_cache_miss/|1001326880|100.00||
   248.331824785|208669989||arm_cmn_0/hnf_cache_miss/|1001271400|100.00||
   248.331824785|225095793||arm_cmn_1/hnf_cache_miss/|1001271680|100.00||
   249.333091441|206654107||arm_cmn_0/hnf_cache_miss/|1001273520|100.00||
   249.333091441|198947090||arm_cmn_1/hnf_cache_miss/|1001272760|100.00||
   250.334555257|155008225||arm_cmn_0/hnf_cache_miss/|1001465840|100.00||
   250.334555257|236656715||arm_cmn_1/hnf_cache_miss/|1001465400|100.00||
   251.335865033|128223359||arm_cmn_0/hnf_cache_miss/|1001298680|100.00||
   251.335865033|180458833||arm_cmn_1/hnf_cache_miss/|1001299160|100.00||
   252.337140409|132601360||arm_cmn_0/hnf_cache_miss/|1001272760|100.00||
   252.337140409|214656357||arm_cmn_1/hnf_cache_miss/|1001273680|100.00||
   253.338551065|160026860||arm_cmn_0/hnf_cache_miss/|1001411200|100.00||
   253.338551065|119988500||arm_cmn_1/hnf_cache_miss/|1001411280|100.00||
   254.339843521|198254737||arm_cmn_0/hnf_cache_miss/|1001285520|100.00||
   254.339843521|106124588||arm_cmn_1/hnf_cache_miss/|1001284760|100.00||
   255.341283097|218088961||arm_cmn_0/hnf_cache_miss/|1001445680|100.00||
   255.341283097|150311844||arm_cmn_1/hnf_cache_miss/|1001445560|100.00||
   256.342535473|205617066||arm_cmn_0/hnf_cache_miss/|1001241360|100.00||
   256.342535473|147793457||arm_cmn_1/hnf_cache_miss/|1001241000|100.00||
   257.343807409|230091698||arm_cmn_0/hnf_cache_miss/|1001283880|100.00||
   257.343807409|213154818||arm_cmn_1/hnf_cache_miss/|1001283840|100.00||
   258.345093465|208826186||arm_cmn_0/hnf_cache_miss/|1001281440|100.00||
   258.345093465|233332699||arm_cmn_1/hnf_cache_miss/|1001281960|100.00||
   259.346495081|224447107||arm_cmn_0/hnf_cache_miss/|1001398520|100.00||
   259.346495081|188737116||arm_cmn_1/hnf_cache_miss/|1001399000|100.00||
   260.347973698|222735079||arm_cmn_0/hnf_cache_miss/|1001485520|100.00||
   260.347973698|237908133||arm_cmn_1/hnf_cache_miss/|1001485680|100.00||
   261.349253474|206321330||arm_cmn_0/hnf_cache_miss/|1001277960|100.00||
   261.349253474|185324164||arm_cmn_1/hnf_cache_miss/|1001277400|100.00||
   262.350493650|230802933||arm_cmn_0/hnf_cache_miss/|1001234960|100.00||
   262.350493650|218861486||arm_cmn_1/hnf_cache_miss/|1001234440|100.00||
   263.351786426|207694059||arm_cmn_0/hnf_cache_miss/|1001287400|100.00||
   263.351786426|233965562||arm_cmn_1/hnf_cache_miss/|1001287280|100.00||
   264.353050762|224624217||arm_cmn_0/hnf_cache_miss/|1001262000|100.00||
   264.353050762|186733712||arm_cmn_1/hnf_cache_miss/|1001262720|100.00||
   265.354507058|222652616||arm_cmn_0/hnf_cache_miss/|1001480040|100.00||
   265.354507058|238294293||arm_cmn_1/hnf_cache_miss/|1001480760|100.00||
   266.355823994|206286744||arm_cmn_0/hnf_cache_miss/|1001297560|100.00||
   266.355823994|188724516||arm_cmn_1/hnf_cache_miss/|1001296400|100.00||
   267.357095890|230706392||arm_cmn_0/hnf_cache_miss/|1001278200|100.00||
   267.357095890|219588922||arm_cmn_1/hnf_cache_miss/|1001278280|100.00||
   268.358510506|207055335||arm_cmn_0/hnf_cache_miss/|1001399600|100.00||
   268.358510506|236665941||arm_cmn_1/hnf_cache_miss/|1001399120|100.00||
   269.359785002|225077991||arm_cmn_0/hnf_cache_miss/|1001283520|100.00||
   269.359785002|182681848||arm_cmn_1/hnf_cache_miss/|1001284080|100.00||
   270.361220458|223150812||arm_cmn_0/hnf_cache_miss/|1001434920|100.00||
   270.361220458|240092698||arm_cmn_1/hnf_cache_miss/|1001435720|100.00||
   271.362554874|206060200||arm_cmn_0/hnf_cache_miss/|1001323600|100.00||
   271.362554874|190948993||arm_cmn_1/hnf_cache_miss/|1001322680|100.00||
   272.363842570|230830240||arm_cmn_0/hnf_cache_miss/|1001287400|100.00||
   272.363842570|217572494||arm_cmn_1/hnf_cache_miss/|1001287240|100.00||
   273.365115666|206830797||arm_cmn_0/hnf_cache_miss/|1001280960|100.00||
   273.365115666|239078586||arm_cmn_1/hnf_cache_miss/|1001280800|100.00||
   274.366535162|225163768||arm_cmn_0/hnf_cache_miss/|1001410280|100.00||
   274.366535162|178595762||arm_cmn_1/hnf_cache_miss/|1001411120|100.00||
   275.367988179|223325685||arm_cmn_0/hnf_cache_miss/|1001448680|100.00||
   275.367988179|241169850||arm_cmn_1/hnf_cache_miss/|1001448520|100.00||
   276.369259915|199658563||arm_cmn_0/hnf_cache_miss/|1001278480|100.00||
   276.369259915|194446587||arm_cmn_1/hnf_cache_miss/|1001279520|100.00||
   277.370542011|188429321||arm_cmn_0/hnf_cache_miss/|1001272800|100.00||
   277.370542011|214662723||arm_cmn_1/hnf_cache_miss/|1001271920|100.00||
   278.371841547|133811645||arm_cmn_0/hnf_cache_miss/|1001309440|100.00||
   278.371841547|240967144||arm_cmn_1/hnf_cache_miss/|1001308920|100.00||
   279.373113683|133058801||arm_cmn_0/hnf_cache_miss/|1001262800|100.00||
   279.373113683|176187090||arm_cmn_1/hnf_cache_miss/|1001262440|100.00||
   280.374522939|156480652||arm_cmn_0/hnf_cache_miss/|1001419880|100.00||
   280.374522939|201513130||arm_cmn_1/hnf_cache_miss/|1001420800|100.00||
   281.375811715|166258079||arm_cmn_0/hnf_cache_miss/|1001277160|100.00||
   281.375811715|112926305||arm_cmn_1/hnf_cache_miss/|1001277640|100.00||
   282.377084291|216442681||arm_cmn_0/hnf_cache_miss/|1001271960|100.00||
   282.377084291|103609017||arm_cmn_1/hnf_cache_miss/|1001270960|100.00||
   283.378463507|204245877||arm_cmn_0/hnf_cache_miss/|1001385200|100.00||
   283.378463507|180933371||arm_cmn_1/hnf_cache_miss/|1001385320|100.00||
   284.379737523|225102652||arm_cmn_0/hnf_cache_miss/|1001268400|100.00||
   284.379737523|140301968||arm_cmn_1/hnf_cache_miss/|1001268960|100.00||
   285.381177859|224508759||arm_cmn_0/hnf_cache_miss/|1001445360|100.00||
   285.381177859|235437633||arm_cmn_1/hnf_cache_miss/|1001445000|100.00||
   286.382569795|207127948||arm_cmn_0/hnf_cache_miss/|1001383240|100.00||
   286.382569795|204609194||arm_cmn_1/hnf_cache_miss/|1001382560|100.00||
   287.383843691|231512057||arm_cmn_0/hnf_cache_miss/|1001271680|100.00||
   287.383843691|208804892||arm_cmn_1/hnf_cache_miss/|1001271400|100.00||
   288.385113107|206712037||arm_cmn_0/hnf_cache_miss/|1001275040|100.00||
   288.385113107|244475635||arm_cmn_1/hnf_cache_miss/|1001276000|100.00||
   289.386488723|225171835||arm_cmn_0/hnf_cache_miss/|1001377080|100.00||
   289.386488723|172066220||arm_cmn_1/hnf_cache_miss/|1001376200|100.00||
   290.387908579|224650246||arm_cmn_0/hnf_cache_miss/|1001416440|100.00||
   290.387908579|241073863||arm_cmn_1/hnf_cache_miss/|1001418000|100.00||
   291.389187155|207297161||arm_cmn_0/hnf_cache_miss/|1001272960|100.00||
   291.389187155|207759319||arm_cmn_1/hnf_cache_miss/|1001273000|100.00||
   292.390556612|231916754||arm_cmn_0/hnf_cache_miss/|1001365760|100.00||
   292.390556612|204435659||arm_cmn_1/hnf_cache_miss/|1001364080|100.00||
   293.391864748|206100341||arm_cmn_0/hnf_cache_miss/|1001314280|100.00||
   293.391864748|245839442||arm_cmn_1/hnf_cache_miss/|1001315000|100.00||
   294.393160364|225003954||arm_cmn_0/hnf_cache_miss/|1001286400|100.00||
   294.393160364|170251046||arm_cmn_1/hnf_cache_miss/|1001285360|100.00||
   295.394517900|224016602||arm_cmn_0/hnf_cache_miss/|1001357120|100.00||
   295.394517900|237676081||arm_cmn_1/hnf_cache_miss/|1001359280|100.00||
   296.395794396|207807324||arm_cmn_0/hnf_cache_miss/|1001279320|100.00||
   296.395794396|212756272||arm_cmn_1/hnf_cache_miss/|1001277920|100.00||
   297.397086572|231180866||arm_cmn_0/hnf_cache_miss/|1001290160|100.00||
   297.397086572|199772074||arm_cmn_1/hnf_cache_miss/|1001290920|100.00||
   298.398522988|206146224||arm_cmn_0/hnf_cache_miss/|1001438640|100.00||
   298.398522988|248607994||arm_cmn_1/hnf_cache_miss/|1001438680|100.00||
   299.399824084|225164230||arm_cmn_0/hnf_cache_miss/|1001289720|100.00||
   299.399824084|171958873||arm_cmn_1/hnf_cache_miss/|1001289720|100.00||
   300.401229540|224421801||arm_cmn_0/hnf_cache_miss/|1001415400|100.00||
   300.401229540|236966298||arm_cmn_1/hnf_cache_miss/|1001415560|100.00||
   301.402526916|208041548||arm_cmn_0/hnf_cache_miss/|1001289520|100.00||
   301.402526916|215661909||arm_cmn_1/hnf_cache_miss/|1001288680|100.00||
   302.403792652|231493780||arm_cmn_0/hnf_cache_miss/|1001266320|100.00||
   302.403792652|196839362||arm_cmn_1/hnf_cache_miss/|1001266560|100.00||
   303.405061228|203954633||arm_cmn_0/hnf_cache_miss/|1001266360|100.00||
   303.405061228|249800641||arm_cmn_1/hnf_cache_miss/|1001266760|100.00||
   304.406332124|198619996||arm_cmn_0/hnf_cache_miss/|1001364560|100.00||
   304.406332124|170060337||arm_cmn_1/hnf_cache_miss/|1001363400|100.00||
   305.407845660|156569209||arm_cmn_0/hnf_cache_miss/|1001416200|100.00||
   305.407845660|237233520||arm_cmn_1/hnf_cache_miss/|1001418360|100.00||
   306.409142396|135383469||arm_cmn_0/hnf_cache_miss/|1001298360|100.00||
   306.409142396|218073275||arm_cmn_1/hnf_cache_miss/|1001297200|100.00||
   307.410485692|146143177||arm_cmn_0/hnf_cache_miss/|1001340880|100.00||
   307.410485692|190442968||arm_cmn_1/hnf_cache_miss/|1001341640|100.00||
   308.411754588|160271344||arm_cmn_0/hnf_cache_miss/|1001263640|100.00||
   308.411754588|175452850||arm_cmn_1/hnf_cache_miss/|1001262480|100.00||
   309.413019164|194498046||arm_cmn_0/hnf_cache_miss/|1001266640|100.00||
   309.413019164|112057067||arm_cmn_1/hnf_cache_miss/|1001267160|100.00||
   310.414545181|218507138||arm_cmn_0/hnf_cache_miss/|1001526440|100.00||
   310.414545181|110270054||arm_cmn_1/hnf_cache_miss/|1001525320|100.00||
   311.415828597|207341282||arm_cmn_0/hnf_cache_miss/|1001287880|100.00||
   311.415828597|187519823||arm_cmn_1/hnf_cache_miss/|1001288720|100.00||
   312.417111053|231965287||arm_cmn_0/hnf_cache_miss/|1001275720|100.00||
   312.417111053|154022849||arm_cmn_1/hnf_cache_miss/|1001276040|100.00||
   313.418514069|207020163||arm_cmn_0/hnf_cache_miss/|1001411200|100.00||
   313.418514069|252036419||arm_cmn_1/hnf_cache_miss/|1001410240|100.00||
   314.419800645|224604284||arm_cmn_0/hnf_cache_miss/|1001281200|100.00||
   314.419800645|175453182||arm_cmn_1/hnf_cache_miss/|1001281160|100.00||
   315.421239541|226971264||arm_cmn_0/hnf_cache_miss/|1001439320|100.00||
   315.421239541|229830332||arm_cmn_1/hnf_cache_miss/|1001439920|100.00||
   316.422540757|208892062||arm_cmn_0/hnf_cache_miss/|1001295520|100.00||
   316.422540757|230363948||arm_cmn_1/hnf_cache_miss/|1001294440|100.00||
   317.423817533|232139720||arm_cmn_0/hnf_cache_miss/|1001270400|100.00||
   317.423817533|183134601||arm_cmn_1/hnf_cache_miss/|1001271120|100.00||
   318.425100869|206494249||arm_cmn_0/hnf_cache_miss/|1001285760|100.00||
   318.425100869|255821372||arm_cmn_1/hnf_cache_miss/|1001286280|100.00||
   319.426563365|224548132||arm_cmn_0/hnf_cache_miss/|1001465400|100.00||
   319.426563365|177634934||arm_cmn_1/hnf_cache_miss/|1001465640|100.00||
   320.427984941|227122279||arm_cmn_0/hnf_cache_miss/|1001427160|100.00||
   320.427984941|227238424||arm_cmn_1/hnf_cache_miss/|1001428320|100.00||
   321.429288917|208896302||arm_cmn_0/hnf_cache_miss/|1001290520|100.00||
   321.429288917|233492821||arm_cmn_1/hnf_cache_miss/|1001288520|100.00||
   322.430524133|232118590||arm_cmn_0/hnf_cache_miss/|1001239600|100.00||
   322.430524133|179129517||arm_cmn_1/hnf_cache_miss/|1001239760|100.00||
   323.431807349|206593762||arm_cmn_0/hnf_cache_miss/|1001284320|100.00||
   323.431807349|257332835||arm_cmn_1/hnf_cache_miss/|1001285200|100.00||
   324.433100045|224386108||arm_cmn_0/hnf_cache_miss/|1001285000|100.00||
   324.433100045|180026778||arm_cmn_1/hnf_cache_miss/|1001283680|100.00||
   325.434507742|226858000||arm_cmn_0/hnf_cache_miss/|1001417320|100.00||
   325.434507742|222555898||arm_cmn_1/hnf_cache_miss/|1001419960|100.00||
   326.435791398|209332789||arm_cmn_0/hnf_cache_miss/|1001278960|100.00||
   326.435791398|237193136||arm_cmn_1/hnf_cache_miss/|1001277240|100.00||
   327.437069854|232403101||arm_cmn_0/hnf_cache_miss/|1001278080|100.00||
   327.437069854|173516009||arm_cmn_1/hnf_cache_miss/|1001278880|100.00||
   328.438356790|206162943||arm_cmn_0/hnf_cache_miss/|1001499200|100.00||
   328.438356790|256848574||arm_cmn_1/hnf_cache_miss/|1001497720|100.00||
   329.439871126|224103482||arm_cmn_0/hnf_cache_miss/|1001296600|100.00||
   329.439871126|184040570||arm_cmn_1/hnf_cache_miss/|1001298120|100.00||
   330.441319062|226925592||arm_cmn_0/hnf_cache_miss/|1001446080|100.00||
   330.441319062|218070668||arm_cmn_1/hnf_cache_miss/|1001445080|100.00||
   331.442552318|195311614||arm_cmn_0/hnf_cache_miss/|1001227640|100.00||
   331.442552318|243927125||arm_cmn_1/hnf_cache_miss/|1001227000|100.00||
   332.443820814|182440484||arm_cmn_0/hnf_cache_miss/|1001267560|100.00||
   332.443820814|171868297||arm_cmn_1/hnf_cache_miss/|1001269080|100.00||
   333.445085950|138764502||arm_cmn_0/hnf_cache_miss/|1001270560|100.00||
   333.445085950|255925695||arm_cmn_1/hnf_cache_miss/|1001269720|100.00||
   334.446495926|142460476||arm_cmn_0/hnf_cache_miss/|1001405080|100.00||
   334.446495926|188872668||arm_cmn_1/hnf_cache_miss/|1001404520|100.00||
   335.447973022|164158949||arm_cmn_0/hnf_cache_miss/|1001486760|100.00||
   335.447973022|210178202||arm_cmn_1/hnf_cache_miss/|1001487760|100.00||
   336.449255558|170834486||arm_cmn_0/hnf_cache_miss/|1001269080|100.00||
   336.449255558|145111056||arm_cmn_1/hnf_cache_miss/|1001268400|100.00||
   337.450454494|211637223||arm_cmn_0/hnf_cache_miss/|1001197240|100.00||
   337.450454494|116291250||arm_cmn_1/hnf_cache_miss/|1001196720|100.00||
   338.451721990|201660173||arm_cmn_0/hnf_cache_miss/|1001271680|100.00||
   338.451721990|135899442||arm_cmn_1/hnf_cache_miss/|1001273440|100.00||
   339.452997926|224214898||arm_cmn_0/hnf_cache_miss/|1001279000|100.00||
   339.452997926|167540898||arm_cmn_1/hnf_cache_miss/|1001277400|100.00||
   340.454519662|227633012||arm_cmn_0/hnf_cache_miss/|1001511800|100.00||
   340.454519662|179054641||arm_cmn_1/hnf_cache_miss/|1001512080|100.00||
   341.455808038|198088418||arm_cmn_0/hnf_cache_miss/|1001286120|100.00||
   341.455808038|250093102||arm_cmn_1/hnf_cache_miss/|1001287400|100.00||
   342.457071814|188711806||arm_cmn_0/hnf_cache_miss/|1001265240|100.00||
   342.457071814|166171367||arm_cmn_1/hnf_cache_miss/|1001264920|100.00||
   343.458345190|144428381||arm_cmn_0/hnf_cache_miss/|1001349640|100.00||
   343.458345190|254673856||arm_cmn_1/hnf_cache_miss/|1001348480|100.00||
   344.459697647|173931277||arm_cmn_0/hnf_cache_miss/|1001261640|100.00||
   344.459697647|199445510||arm_cmn_1/hnf_cache_miss/|1001261680|100.00||
   345.461279583|263612129||arm_cmn_0/hnf_cache_miss/|1001596840|100.00||
   345.461279583|201411551||arm_cmn_1/hnf_cache_miss/|1001596960|100.00||
   346.462540759|324001173||arm_cmn_0/hnf_cache_miss/|1001254720|100.00||
   346.462540759|174194818||arm_cmn_1/hnf_cache_miss/|1001254960|100.00||
   347.463819455|357597290||arm_cmn_0/hnf_cache_miss/|1001282440|100.00||
   347.463819455|108989680||arm_cmn_1/hnf_cache_miss/|1001282600|100.00||
   348.465097471|311767395||arm_cmn_0/hnf_cache_miss/|1001272640|100.00||
   348.465097471|142833936||arm_cmn_1/hnf_cache_miss/|1001272360|100.00||
   349.466518887|246380688||arm_cmn_0/hnf_cache_miss/|1001422720|100.00||
   349.466518887|316980312||arm_cmn_1/hnf_cache_miss/|1001423400|100.00||
   350.468113823|234883969||arm_cmn_0/hnf_cache_miss/|1001592280|100.00||
   350.468113823|352135496||arm_cmn_1/hnf_cache_miss/|1001591400|100.00||
   351.469392679|293553143||arm_cmn_0/hnf_cache_miss/|1001281400|100.00||
   351.469392679|429438030||arm_cmn_1/hnf_cache_miss/|1001281640|100.00||
   352.470497335|328287189||arm_cmn_0/hnf_cache_miss/|1001102000|100.00||
   352.470497335|258087018||arm_cmn_1/hnf_cache_miss/|1001101720|100.00||
   353.471769191|340579759||arm_cmn_0/hnf_cache_miss/|1001269240|100.00||
   353.471769191|189532012||arm_cmn_1/hnf_cache_miss/|1001269600|100.00||
   354.473043047|264456276||arm_cmn_0/hnf_cache_miss/|1001276680|100.00||
   354.473043047|175430380||arm_cmn_1/hnf_cache_miss/|1001275760|100.00||
   355.474504743|236486900||arm_cmn_0/hnf_cache_miss/|1001461360|100.00||
   355.474504743|329453984||arm_cmn_1/hnf_cache_miss/|1001461920|100.00||
   356.475785639|262155391||arm_cmn_0/hnf_cache_miss/|1001271840|100.00||
   356.475785639|364159859||arm_cmn_1/hnf_cache_miss/|1001272880|100.00||
   357.477070535|313030621||arm_cmn_0/hnf_cache_miss/|1001287480|100.00||
   357.477070535|385587606||arm_cmn_1/hnf_cache_miss/|1001286720|100.00||
   358.478349471|338135139||arm_cmn_0/hnf_cache_miss/|1001465760|100.00||
   358.478349471|201828986||arm_cmn_1/hnf_cache_miss/|1001466600|100.00||
   359.479813128|310577198||arm_cmn_0/hnf_cache_miss/|1001276120|100.00||
   359.479813128|168378311||arm_cmn_1/hnf_cache_miss/|1001275480|100.00||
   360.481239664|247164647||arm_cmn_0/hnf_cache_miss/|1001431800|100.00||
   360.481239664|247868083||arm_cmn_1/hnf_cache_miss/|1001432480|100.00||
   361.482476160|239815487||arm_cmn_0/hnf_cache_miss/|1001233840|100.00||
   361.482476160|339402537||arm_cmn_1/hnf_cache_miss/|1001232320|100.00||
   362.483777136|290860390||arm_cmn_0/hnf_cache_miss/|1001298680|100.00||
   362.483777136|403157040||arm_cmn_1/hnf_cache_miss/|1001299680|100.00||
   363.485068112|328153619||arm_cmn_0/hnf_cache_miss/|1001288800|100.00||
   363.485068112|300508053||arm_cmn_1/hnf_cache_miss/|1001288160|100.00||
   364.486355328|339815970||arm_cmn_0/hnf_cache_miss/|1001411360|100.00||
   364.486355328|192961938||arm_cmn_1/hnf_cache_miss/|1001412440|100.00||
   365.487925784|265575251||arm_cmn_0/hnf_cache_miss/|1001441400|100.00||
   365.487925784|163607265||arm_cmn_1/hnf_cache_miss/|1001440680|100.00||
   366.489220200|240019356||arm_cmn_0/hnf_cache_miss/|1001295520|100.00||
   366.489220200|318749962||arm_cmn_1/hnf_cache_miss/|1001295480|100.00||
   367.490557016|261142753||arm_cmn_0/hnf_cache_miss/|1001329720|100.00||
   367.490557016|353686211||arm_cmn_1/hnf_cache_miss/|1001329600|100.00||
   368.491828752|312334147||arm_cmn_0/hnf_cache_miss/|1001270480|100.00||
   368.491828752|408673780||arm_cmn_1/hnf_cache_miss/|1001271560|100.00||
   369.493128568|338265576||arm_cmn_0/hnf_cache_miss/|1001301400|100.00||
   369.493128568|221523881||arm_cmn_1/hnf_cache_miss/|1001300120|100.00||
   370.494553024|312659162||arm_cmn_0/hnf_cache_miss/|1001420840|100.00||
   370.494553024|180747025||arm_cmn_1/hnf_cache_miss/|1001421240|100.00||
   371.495820160|251834257||arm_cmn_0/hnf_cache_miss/|1001275200|100.00||
   371.495820160|215295619||arm_cmn_1/hnf_cache_miss/|1001275520|100.00||
   372.497112456|239254063||arm_cmn_0/hnf_cache_miss/|1001283120|100.00||
   372.497112456|336754422||arm_cmn_1/hnf_cache_miss/|1001283280|100.00||
   373.498549993|290169714||arm_cmn_0/hnf_cache_miss/|1001435280|100.00||
   373.498549993|391948877||arm_cmn_1/hnf_cache_miss/|1001434560|100.00||
   374.499840489|326413118||arm_cmn_0/hnf_cache_miss/|1001295480|100.00||
   374.499840489|343448604||arm_cmn_1/hnf_cache_miss/|1001295280|100.00||
   375.501282585|337236963||arm_cmn_0/hnf_cache_miss/|1001440240|100.00||
   375.501282585|198912827||arm_cmn_1/hnf_cache_miss/|1001440960|100.00||
   376.502546721|272803177||arm_cmn_0/hnf_cache_miss/|1001259320|100.00||
   376.502546721|162802135||arm_cmn_1/hnf_cache_miss/|1001259120|100.00||
   377.503833097|245540301||arm_cmn_0/hnf_cache_miss/|1001290120|100.00||
   377.503833097|292698739||arm_cmn_1/hnf_cache_miss/|1001289800|100.00||
   378.505117193|263478239||arm_cmn_0/hnf_cache_miss/|1001281640|100.00||
   378.505117193|343955605||arm_cmn_1/hnf_cache_miss/|1001281880|100.00||
   379.506529409|314004498||arm_cmn_0/hnf_cache_miss/|1001404480|100.00||
   379.506529409|419101160||arm_cmn_1/hnf_cache_miss/|1001405800|100.00||
   380.507978585|333916403||arm_cmn_0/hnf_cache_miss/|1001453800|100.00||
   380.507978585|251859154||arm_cmn_1/hnf_cache_miss/|1001451960|100.00||
   381.509272081|315901027||arm_cmn_0/hnf_cache_miss/|1001288440|100.00||
   381.509272081|193673487||arm_cmn_1/hnf_cache_miss/|1001289160|100.00||
   382.510552897|252444859||arm_cmn_0/hnf_cache_miss/|1001285000|100.00||
   382.510552897|188394304||arm_cmn_1/hnf_cache_miss/|1001284760|100.00||
   383.511869353|246686657||arm_cmn_0/hnf_cache_miss/|1001316560|100.00||
   383.511869353|331394284||arm_cmn_1/hnf_cache_miss/|1001317160|100.00||
   384.513163129|290873950||arm_cmn_0/hnf_cache_miss/|1001288760|100.00||
   384.513163129|374460489||arm_cmn_1/hnf_cache_miss/|1001287880|100.00||
   385.514546345|324825451||arm_cmn_0/hnf_cache_miss/|1001387480|100.00||
   385.514546345|374464634||arm_cmn_1/hnf_cache_miss/|1001388440|100.00||
   386.515828841|337600220||arm_cmn_0/hnf_cache_miss/|1001280880|100.00||
   386.515828841|206096493||arm_cmn_1/hnf_cache_miss/|1001280680|100.00||
   387.517111217|273654982||arm_cmn_0/hnf_cache_miss/|1001282560|100.00||
   387.517111217|169585676||arm_cmn_1/hnf_cache_miss/|1001282080|100.00||
   388.518499233|249039039||arm_cmn_0/hnf_cache_miss/|1001381720|100.00||
   388.518499233|264399774||arm_cmn_1/hnf_cache_miss/|1001383080|100.00||
   389.519814969|260434740||arm_cmn_0/hnf_cache_miss/|1001314400|100.00||
   389.519814969|341793425||arm_cmn_1/hnf_cache_miss/|1001313120|100.00||
   390.521239426|315404567||arm_cmn_0/hnf_cache_miss/|1001431400|100.00||
   390.521239426|410229602||arm_cmn_1/hnf_cache_miss/|1001430760|100.00||
   391.522564762|328927617||arm_cmn_0/hnf_cache_miss/|1001317000|100.00||
   391.522564762|287471682||arm_cmn_1/hnf_cache_miss/|1001317560|100.00||
   392.523837938|320960238||arm_cmn_0/hnf_cache_miss/|1001273360|100.00||
   392.523837938|195675031||arm_cmn_1/hnf_cache_miss/|1001273320|100.00||
   393.525136714|252881233||arm_cmn_0/hnf_cache_miss/|1001293360|100.00||
   393.525136714|170416989||arm_cmn_1/hnf_cache_miss/|1001293000|100.00||
   394.526539690|247991605||arm_cmn_0/hnf_cache_miss/|1001400040|100.00||
   394.526539690|322383629||arm_cmn_1/hnf_cache_miss/|1001400040|100.00||
   395.528004306|288249456||arm_cmn_0/hnf_cache_miss/|1001468480|100.00||
   395.528004306|362588178||arm_cmn_1/hnf_cache_miss/|1001468600|100.00||
   396.529279882|324574753||arm_cmn_0/hnf_cache_miss/|1001274880|100.00||
   396.529279882|402130703||arm_cmn_1/hnf_cache_miss/|1001274360|100.00||
   397.530519138|337101316||arm_cmn_0/hnf_cache_miss/|1001249600|100.00||
   397.530519138|219555196||arm_cmn_1/hnf_cache_miss/|1001250160|100.00||
   398.531813354|277162210||arm_cmn_0/hnf_cache_miss/|1001281400|100.00||
   398.531813354|177680440||arm_cmn_1/hnf_cache_miss/|1001282000|100.00||
   399.533093170|250700502||arm_cmn_0/hnf_cache_miss/|1001285320|100.00||
   399.533093170|226216108||arm_cmn_1/hnf_cache_miss/|1001285600|100.00||
   400.534510986|258198000||arm_cmn_0/hnf_cache_miss/|1001406640|100.00||
   400.534510986|339325123||arm_cmn_1/hnf_cache_miss/|1001406520|100.00||
   401.535777602|314794411||arm_cmn_0/hnf_cache_miss/|1001274240|100.00||
   401.535777602|398305386||arm_cmn_1/hnf_cache_miss/|1001274400|100.00||
   402.537062898|327434558||arm_cmn_0/hnf_cache_miss/|1001281440|100.00||
   402.537062898|333872387||arm_cmn_1/hnf_cache_miss/|1001280200|100.00||
   403.538341274|325237909||arm_cmn_0/hnf_cache_miss/|1001403920|100.00||
   403.538341274|196293421||arm_cmn_1/hnf_cache_miss/|1001405760|100.00||
   404.539744570|252685600||arm_cmn_0/hnf_cache_miss/|1001277000|100.00||
   404.539744570|160519250||arm_cmn_1/hnf_cache_miss/|1001276160|100.00||
   405.541186187|250557102||arm_cmn_0/hnf_cache_miss/|1001444080|100.00||
   405.541186187|296828620||arm_cmn_1/hnf_cache_miss/|1001443720|100.00||
   406.542522443|286743502||arm_cmn_0/hnf_cache_miss/|1001324080|100.00||
   406.542522443|350108113||arm_cmn_1/hnf_cache_miss/|1001323960|100.00||
   407.543792379|323067980||arm_cmn_0/hnf_cache_miss/|1001274000|100.00||
   407.543792379|419054111||arm_cmn_1/hnf_cache_miss/|1001274360|100.00||
   408.545082155|334088178||arm_cmn_0/hnf_cache_miss/|1001287600|100.00||
   408.545082155|251548076||arm_cmn_1/hnf_cache_miss/|1001287440|100.00||
   409.546508811|282233927||arm_cmn_0/hnf_cache_miss/|1001428520|100.00||
   409.546508811|187694540||arm_cmn_1/hnf_cache_miss/|1001428440|100.00||
   410.547976987|250870501||arm_cmn_0/hnf_cache_miss/|1001460800|100.00||
   410.547976987|189086220||arm_cmn_1/hnf_cache_miss/|1001462200|100.00||
   411.549276723|219571294||arm_cmn_0/hnf_cache_miss/|1001322960|100.00||
   411.549276723|330837165||arm_cmn_1/hnf_cache_miss/|1001323160|100.00||
   412.451550875|172470807||arm_cmn_0/hnf_cache_miss/|902237440|100.00||
   412.451550875|341478954||arm_cmn_1/hnf_cache_miss/|902236760|100.00||
