     1.001033018|798664||arm_cmn_0/hnf_cache_miss/|1001184720|100.00||
     1.001033018|460598||arm_cmn_1/hnf_cache_miss/|1001162320|100.00||
     2.002263157|709235||arm_cmn_0/hnf_cache_miss/|1001220720|100.00||
     2.002263157|377117||arm_cmn_1/hnf_cache_miss/|1001220920|100.00||
     3.002896495|717690||arm_cmn_0/hnf_cache_miss/|1000636960|100.00||
     3.002896495|378193||arm_cmn_1/hnf_cache_miss/|1000636880|100.00||
     4.004011074|813385||arm_cmn_0/hnf_cache_miss/|1001109760|100.00||
     4.004011074|384737||arm_cmn_1/hnf_cache_miss/|1001109120|100.00||
     5.005130132|696140||arm_cmn_0/hnf_cache_miss/|1001119000|100.00||
     5.005130132|362816||arm_cmn_1/hnf_cache_miss/|1001118920|100.00||
     6.006240991|689089||arm_cmn_0/hnf_cache_miss/|1001106800|100.00||
     6.006240991|367529||arm_cmn_1/hnf_cache_miss/|1001107600|100.00||
     7.006851089|677457||arm_cmn_0/hnf_cache_miss/|1000628920|100.00||
     7.006851089|359128||arm_cmn_1/hnf_cache_miss/|1000628400|100.00||
     8.007968387|743872||arm_cmn_0/hnf_cache_miss/|1001098840|100.00||
     8.007968387|369180||arm_cmn_1/hnf_cache_miss/|1001098560|100.00||
     9.009073446|802067||arm_cmn_0/hnf_cache_miss/|1001118400|100.00||
     9.009073446|445043||arm_cmn_1/hnf_cache_miss/|1001119040|100.00||
    10.010213344|711895||arm_cmn_0/hnf_cache_miss/|1001127720|100.00||
    10.010213344|373089||arm_cmn_1/hnf_cache_miss/|1001128080|100.00||
    11.010894563|689303||arm_cmn_0/hnf_cache_miss/|1000678680|100.00||
    11.010894563|366312||arm_cmn_1/hnf_cache_miss/|1000678440|100.00||
    12.012006101|686612||arm_cmn_0/hnf_cache_miss/|1001110800|100.00||
    12.012006101|361129||arm_cmn_1/hnf_cache_miss/|1001110120|100.00||
    13.013111600|691569||arm_cmn_0/hnf_cache_miss/|1001103160|100.00||
    13.013111600|362584||arm_cmn_1/hnf_cache_miss/|1001103800|100.00||
    14.014227138|707010||arm_cmn_0/hnf_cache_miss/|1001114560|100.00||
    14.014227138|366964||arm_cmn_1/hnf_cache_miss/|1001113680|100.00||
    15.014757956|691643||arm_cmn_0/hnf_cache_miss/|1000532160|100.00||
    15.014757956|365427||arm_cmn_1/hnf_cache_miss/|1000532120|100.00||
    16.015874694|683785||arm_cmn_0/hnf_cache_miss/|1001111840|100.00||
    16.015874694|361944||arm_cmn_1/hnf_cache_miss/|1001112840|100.00||
    17.016988793|675867||arm_cmn_0/hnf_cache_miss/|1001113960|100.00||
    17.016988793|360999||arm_cmn_1/hnf_cache_miss/|1001113080|100.00||
    18.018088491|670073||arm_cmn_0/hnf_cache_miss/|1001101440|100.00||
    18.018088491|359944||arm_cmn_1/hnf_cache_miss/|1001101280|100.00||
    19.018871070|671501||arm_cmn_0/hnf_cache_miss/|1000778360|100.00||
    19.018871070|356993||arm_cmn_1/hnf_cache_miss/|1000778520|100.00||
    20.019971288|670384||arm_cmn_0/hnf_cache_miss/|1001096560|100.00||
    20.019971288|357294||arm_cmn_1/hnf_cache_miss/|1001095920|100.00||
    21.021069587|703620||arm_cmn_0/hnf_cache_miss/|1001100200|100.00||
    21.021069587|366483||arm_cmn_1/hnf_cache_miss/|1001101280|100.00||
    22.022183725|674789||arm_cmn_0/hnf_cache_miss/|1001112720|100.00||
    22.022183725|360881||arm_cmn_1/hnf_cache_miss/|1001112400|100.00||
    23.022874063|687424||arm_cmn_0/hnf_cache_miss/|1000689520|100.00||
    23.022874063|363354||arm_cmn_1/hnf_cache_miss/|1000689120|100.00||
    24.023981162|681415||arm_cmn_0/hnf_cache_miss/|1001103360|100.00||
    24.023981162|354529||arm_cmn_1/hnf_cache_miss/|1001102960|100.00||
    25.025081700|683204||arm_cmn_0/hnf_cache_miss/|1001096040|100.00||
    25.025081700|360043||arm_cmn_1/hnf_cache_miss/|1001096120|100.00||
    26.026180238|682725||arm_cmn_0/hnf_cache_miss/|1001101000|100.00||
    26.026180238|361269||arm_cmn_1/hnf_cache_miss/|1001101880|100.00||
    27.026808296|680653||arm_cmn_0/hnf_cache_miss/|1000671000|100.00||
    27.026808296|361700||arm_cmn_1/hnf_cache_miss/|1000670640|100.00||
    28.027964275|676658||arm_cmn_0/hnf_cache_miss/|1001120240|100.00||
    28.027964275|355274||arm_cmn_1/hnf_cache_miss/|1001121920|100.00||
    29.029113573|687237||arm_cmn_0/hnf_cache_miss/|1001143240|100.00||
    29.029113573|358919||arm_cmn_1/hnf_cache_miss/|1001143000|100.00||
    30.030236352|693186||arm_cmn_0/hnf_cache_miss/|1001119480|100.00||
    30.030236352|369228||arm_cmn_1/hnf_cache_miss/|1001117760|100.00||
    31.030893730|697061||arm_cmn_0/hnf_cache_miss/|1000660880|100.00||
    31.030893730|375923||arm_cmn_1/hnf_cache_miss/|1000662080|100.00||
    32.032025188|686439||arm_cmn_0/hnf_cache_miss/|1001124080|100.00||
    32.032025188|359714||arm_cmn_1/hnf_cache_miss/|1001124160|100.00||
    33.033137727|711325||arm_cmn_0/hnf_cache_miss/|1001113480|100.00||
    33.033137727|366059||arm_cmn_1/hnf_cache_miss/|1001112640|100.00||
    34.034255705|701136||arm_cmn_0/hnf_cache_miss/|1001117240|100.00||
    34.034255705|365640||arm_cmn_1/hnf_cache_miss/|1001117720|100.00||
    35.034893643|687310||arm_cmn_0/hnf_cache_miss/|1000636760|100.00||
    35.034893643|365469||arm_cmn_1/hnf_cache_miss/|1000636800|100.00||
    36.036013981|683987||arm_cmn_0/hnf_cache_miss/|1001115520|100.00||
    36.036013981|363237||arm_cmn_1/hnf_cache_miss/|1001114760|100.00||
    37.037115160|680456||arm_cmn_0/hnf_cache_miss/|1001101360|100.00||
    37.037115160|362472||arm_cmn_1/hnf_cache_miss/|1001102000|100.00||
    38.038218618|668067||arm_cmn_0/hnf_cache_miss/|1001101680|100.00||
    38.038218618|351596||arm_cmn_1/hnf_cache_miss/|1001101760|100.00||
    39.038903596|676162||arm_cmn_0/hnf_cache_miss/|1000690560|100.00||
    39.038903596|360636||arm_cmn_1/hnf_cache_miss/|1000692880|100.00||
    40.040039814|677090||arm_cmn_0/hnf_cache_miss/|1001129440|100.00||
    40.040039814|359823||arm_cmn_1/hnf_cache_miss/|1001126240|100.00||
    41.041147233|677247||arm_cmn_0/hnf_cache_miss/|1001104640|100.00||
    41.041147233|361469||arm_cmn_1/hnf_cache_miss/|1001104360|100.00||
    42.042244971|674293||arm_cmn_0/hnf_cache_miss/|1001097200|100.00||
    42.042244971|353877||arm_cmn_1/hnf_cache_miss/|1001098000|100.00||
    43.042891909|692056||arm_cmn_0/hnf_cache_miss/|1000648800|100.00||
    43.042891909|365124||arm_cmn_1/hnf_cache_miss/|1000648880|100.00||
    44.044094448|693615||arm_cmn_0/hnf_cache_miss/|1001210760|100.00||
    44.044094448|363071||arm_cmn_1/hnf_cache_miss/|1001212160|100.00||
    45.045231786|683731||arm_cmn_0/hnf_cache_miss/|1001129200|100.00||
    45.045231786|363180||arm_cmn_1/hnf_cache_miss/|1001129760|100.00||
    46.046352164|682256||arm_cmn_0/hnf_cache_miss/|1001115680|100.00||
    46.046352164|361169||arm_cmn_1/hnf_cache_miss/|1001114200|100.00||
    47.046898022|675275||arm_cmn_0/hnf_cache_miss/|1000544280|100.00||
    47.046898022|354547||arm_cmn_1/hnf_cache_miss/|1000542920|100.00||
    48.048004240|677497||arm_cmn_0/hnf_cache_miss/|1001103160|100.00||
    48.048004240|357762||arm_cmn_1/hnf_cache_miss/|1001104320|100.00||
    49.049203659|688115||arm_cmn_0/hnf_cache_miss/|1001207240|100.00||
    49.049203659|362616||arm_cmn_1/hnf_cache_miss/|1001207680|100.00||
    50.050335677|681874||arm_cmn_0/hnf_cache_miss/|1001123200|100.00||
    50.050335677|357890||arm_cmn_1/hnf_cache_miss/|1001122760|100.00||
    51.050878615|680149||arm_cmn_0/hnf_cache_miss/|1000543400|100.00||
    51.050878615|362145||arm_cmn_1/hnf_cache_miss/|1000543480|100.00||
    52.051984953|671457||arm_cmn_0/hnf_cache_miss/|1001105080|100.00||
    52.051984953|351477||arm_cmn_1/hnf_cache_miss/|1001104520|100.00||
    53.053095252|689013||arm_cmn_0/hnf_cache_miss/|1001110080|100.00||
    53.053095252|360846||arm_cmn_1/hnf_cache_miss/|1001110480|100.00||
    54.054295590|689335||arm_cmn_0/hnf_cache_miss/|1001206800|100.00||
    54.054295590|361137||arm_cmn_1/hnf_cache_miss/|1001207640|100.00||
    55.054851208|680476||arm_cmn_0/hnf_cache_miss/|1000549080|100.00||
    55.054851208|359252||arm_cmn_1/hnf_cache_miss/|1000548240|100.00||
    56.055958386|665158||arm_cmn_0/hnf_cache_miss/|1001104040|100.00||
    56.055958386|352044||arm_cmn_1/hnf_cache_miss/|1001103880|100.00||
    57.057063324|669802||arm_cmn_0/hnf_cache_miss/|1001101120|100.00||
    57.057063324|357649||arm_cmn_1/hnf_cache_miss/|1001100880|100.00||
    58.058163623|674198||arm_cmn_0/hnf_cache_miss/|1001099360|100.00||
    58.058163623|355926||arm_cmn_1/hnf_cache_miss/|1001099280|100.00||
    59.058894600|677540||arm_cmn_0/hnf_cache_miss/|1000733680|100.00||
    59.058894600|361427||arm_cmn_1/hnf_cache_miss/|1000735160|100.00||
    60.060022779|677328||arm_cmn_0/hnf_cache_miss/|1001125000|100.00||
    60.060022779|358292||arm_cmn_1/hnf_cache_miss/|1001123800|100.00||
    61.061121797|671052||arm_cmn_0/hnf_cache_miss/|1001097640|100.00||
    61.061121797|354162||arm_cmn_1/hnf_cache_miss/|1001097440|100.00||
    62.062224855|679799||arm_cmn_0/hnf_cache_miss/|1001102520|100.00||
    62.062224855|359075||arm_cmn_1/hnf_cache_miss/|1001102160|100.00||
    63.062874753|677925||arm_cmn_0/hnf_cache_miss/|1000647640|100.00||
    63.062874753|359589||arm_cmn_1/hnf_cache_miss/|1000647280|100.00||
    64.064085051|703460||arm_cmn_0/hnf_cache_miss/|1001221480|100.00||
    64.064085051|368567||arm_cmn_1/hnf_cache_miss/|1001223880|100.00||
    65.065235390|668298||arm_cmn_0/hnf_cache_miss/|1001140960|100.00||
    65.065235390|355898||arm_cmn_1/hnf_cache_miss/|1001138760|100.00||
    66.066355448|674998||arm_cmn_0/hnf_cache_miss/|1001118040|100.00||
    66.066355448|358515||arm_cmn_1/hnf_cache_miss/|1001118680|100.00||
    67.066881426|676880||arm_cmn_0/hnf_cache_miss/|1000526360|100.00||
    67.066881426|362345||arm_cmn_1/hnf_cache_miss/|1000527320|100.00||
    68.067997524|709844||arm_cmn_0/hnf_cache_miss/|1001111120|100.00||
    68.067997524|360730||arm_cmn_1/hnf_cache_miss/|1001110240|100.00||
    69.069270782|871568||arm_cmn_0/hnf_cache_miss/|1001292240|100.00||
    69.069270782|473453||arm_cmn_1/hnf_cache_miss/|1001295560|100.00||
    70.070436881|726835||arm_cmn_0/hnf_cache_miss/|1001149440|100.00||
    70.070436881|387022||arm_cmn_1/hnf_cache_miss/|1001146360|100.00||
    71.070886498|683200||arm_cmn_0/hnf_cache_miss/|1000442240|100.00||
    71.070886498|364906||arm_cmn_1/hnf_cache_miss/|1000442280|100.00||
    72.071999916|685445||arm_cmn_0/hnf_cache_miss/|1001108320|100.00||
    72.071999916|365285||arm_cmn_1/hnf_cache_miss/|1001109400|100.00||
    73.073099895|705604||arm_cmn_0/hnf_cache_miss/|1001115440|100.00||
    73.073099895|363622||arm_cmn_1/hnf_cache_miss/|1001115520|100.00||
    74.074536033|708109||arm_cmn_0/hnf_cache_miss/|1001432960|100.00||
    74.074536033|369422||arm_cmn_1/hnf_cache_miss/|1001433280|100.00||
    75.074805530|676916||arm_cmn_0/hnf_cache_miss/|1000256320|100.00||
    75.074805530|358064||arm_cmn_1/hnf_cache_miss/|1000255360|100.00||
    76.075915229|682733||arm_cmn_0/hnf_cache_miss/|1001108840|100.00||
    76.075915229|360601||arm_cmn_1/hnf_cache_miss/|1001108160|100.00||
    77.077020407|675212||arm_cmn_0/hnf_cache_miss/|1001103000|100.00||
    77.077020407|361725||arm_cmn_1/hnf_cache_miss/|1001102960|100.00||
    78.078124105|671655||arm_cmn_0/hnf_cache_miss/|1001101920|100.00||
    78.078124105|356761||arm_cmn_1/hnf_cache_miss/|1001101640|100.00||
    79.078876523|674600||arm_cmn_0/hnf_cache_miss/|1000757840|100.00||
    79.078876523|354732||arm_cmn_1/hnf_cache_miss/|1000759600|100.00||
    80.080007501|679514||arm_cmn_0/hnf_cache_miss/|1001126680|100.00||
    80.080007501|359156||arm_cmn_1/hnf_cache_miss/|1001125240|100.00||
    81.081106079|697508||arm_cmn_0/hnf_cache_miss/|1001096880|100.00||
    81.081106079|364009||arm_cmn_1/hnf_cache_miss/|1001097040|100.00||
    82.082212937|690882||arm_cmn_0/hnf_cache_miss/|1001103920|100.00||
    82.082212937|361705||arm_cmn_1/hnf_cache_miss/|1001103720|100.00||
    83.082875235|696261||arm_cmn_0/hnf_cache_miss/|1000660000|100.00||
    83.082875235|361900||arm_cmn_1/hnf_cache_miss/|1000659200|100.00||
    84.084070213|679147||arm_cmn_0/hnf_cache_miss/|1001200120|100.00||
    84.084070213|356572||arm_cmn_1/hnf_cache_miss/|1001201040|100.00||
    85.085189872|692297||arm_cmn_0/hnf_cache_miss/|1001118680|100.00||
    85.085189872|364663||arm_cmn_1/hnf_cache_miss/|1001118800|100.00||
    86.086295530|680885||arm_cmn_0/hnf_cache_miss/|1001100280|100.00||
    86.086295530|362685||arm_cmn_1/hnf_cache_miss/|1001099480|100.00||
    87.086870427|685795||arm_cmn_0/hnf_cache_miss/|1000574640|100.00||
    87.086870427|363954||arm_cmn_1/hnf_cache_miss/|1000575240|100.00||
    88.087978685|667033||arm_cmn_0/hnf_cache_miss/|1001105440|100.00||
    88.087978685|354892||arm_cmn_1/hnf_cache_miss/|1001105080|100.00||
    89.089183184|685530||arm_cmn_0/hnf_cache_miss/|1001209280|100.00||
    89.089183184|356778||arm_cmn_1/hnf_cache_miss/|1001209240|100.00||
    90.090309402|677015||arm_cmn_0/hnf_cache_miss/|1001124240|100.00||
    90.090309402|359160||arm_cmn_1/hnf_cache_miss/|1001124960|100.00||
    91.090884739|678274||arm_cmn_0/hnf_cache_miss/|1000568560|100.00||
    91.090884739|361338||arm_cmn_1/hnf_cache_miss/|1000567760|100.00||
    92.091976318|691751||arm_cmn_0/hnf_cache_miss/|1001091120|100.00||
    92.091976318|362721||arm_cmn_1/hnf_cache_miss/|1001091360|100.00||
    93.093086856|665480||arm_cmn_0/hnf_cache_miss/|1001108560|100.00||
    93.093086856|354637||arm_cmn_1/hnf_cache_miss/|1001109280|100.00||
    94.094289594|672420||arm_cmn_0/hnf_cache_miss/|1001207280|100.00||
    94.094289594|358071||arm_cmn_1/hnf_cache_miss/|1001207280|100.00||
    95.094878691|684989||arm_cmn_0/hnf_cache_miss/|1000590160|100.00||
    95.094878691|359576||arm_cmn_1/hnf_cache_miss/|1000590640|100.00||
    96.095991830|717609||arm_cmn_0/hnf_cache_miss/|1001104720|100.00||
    96.095991830|369364||arm_cmn_1/hnf_cache_miss/|1001103760|100.00||
    97.097084328|711087||arm_cmn_0/hnf_cache_miss/|1001099360|100.00||
    97.097084328|375395||arm_cmn_1/hnf_cache_miss/|1001100600|100.00||
    98.098192066|700040||arm_cmn_0/hnf_cache_miss/|1001104160|100.00||
    98.098192066|377786||arm_cmn_1/hnf_cache_miss/|1001103280|100.00||
    99.098892963|691380||arm_cmn_0/hnf_cache_miss/|1000705600|100.00||
    99.098892963|364993||arm_cmn_1/hnf_cache_miss/|1000706040|100.00||
   100.100034102|681423||arm_cmn_0/hnf_cache_miss/|1001132320|100.00||
   100.100034102|359145||arm_cmn_1/hnf_cache_miss/|1001131120|100.00||
   101.101137520|687706||arm_cmn_0/hnf_cache_miss/|1001103920|100.00||
   101.101137520|363122||arm_cmn_1/hnf_cache_miss/|1001103960|100.00||
   102.102242058|677116||arm_cmn_0/hnf_cache_miss/|1001100080|100.00||
   102.102242058|353488||arm_cmn_1/hnf_cache_miss/|1001100840|100.00||
   103.102874275|690541||arm_cmn_0/hnf_cache_miss/|1000630920|100.00||
   103.102874275|361511||arm_cmn_1/hnf_cache_miss/|1000630040|100.00||
   104.104099014|684451||arm_cmn_0/hnf_cache_miss/|1001233080|100.00||
   104.104099014|364183||arm_cmn_1/hnf_cache_miss/|1001234800|100.00||
   105.105227952|682701||arm_cmn_0/hnf_cache_miss/|1001120160|100.00||
   105.105227952|360844||arm_cmn_1/hnf_cache_miss/|1001118680|100.00||
   106.106334130|680052||arm_cmn_0/hnf_cache_miss/|1001102840|100.00||
   106.106334130|357724||arm_cmn_1/hnf_cache_miss/|1001103200|100.00||
   107.106886627|663596||arm_cmn_0/hnf_cache_miss/|1000552200|100.00||
   107.106886627|354681||arm_cmn_1/hnf_cache_miss/|1000551480|100.00||
   108.107971405|678224||arm_cmn_0/hnf_cache_miss/|1001083640|100.00||
   108.107971405|362353||arm_cmn_1/hnf_cache_miss/|1001083240|100.00||
   109.109202943|683126||arm_cmn_0/hnf_cache_miss/|1001238360|100.00||
   109.109202943|362737||arm_cmn_1/hnf_cache_miss/|1001239840|100.00||
   110.110338401|677926||arm_cmn_0/hnf_cache_miss/|1001129360|100.00||
   110.110338401|360583||arm_cmn_1/hnf_cache_miss/|1001128720|100.00||
   111.110880219|671827||arm_cmn_0/hnf_cache_miss/|1000535760|100.00||
   111.110880219|359334||arm_cmn_1/hnf_cache_miss/|1000534880|100.00||
   112.111974157|665724||arm_cmn_0/hnf_cache_miss/|1001094360|100.00||
   112.111974157|353475||arm_cmn_1/hnf_cache_miss/|1001094720|100.00||
   113.113065375|690163||arm_cmn_0/hnf_cache_miss/|1001089040|100.00||
   113.113065375|365752||arm_cmn_1/hnf_cache_miss/|1001089920|100.00||
   114.114275353|685623||arm_cmn_0/hnf_cache_miss/|1001217040|100.00||
   114.114275353|365432||arm_cmn_1/hnf_cache_miss/|1001217480|100.00||
   115.114883931|689254||arm_cmn_0/hnf_cache_miss/|1000607000|100.00||
   115.114883931|368066||arm_cmn_1/hnf_cache_miss/|1000607000|100.00||
   116.116010909|668971||arm_cmn_0/hnf_cache_miss/|1001119720|100.00||
   116.116010909|353653||arm_cmn_1/hnf_cache_miss/|1001118520|100.00||
   117.117116087|673781||arm_cmn_0/hnf_cache_miss/|1001106200|100.00||
   117.117116087|360306||arm_cmn_1/hnf_cache_miss/|1001105920|100.00||
   118.118212825|692246||arm_cmn_0/hnf_cache_miss/|1001094920|100.00||
   118.118212825|367912||arm_cmn_1/hnf_cache_miss/|1001095520|100.00||
   119.118815562|695907||arm_cmn_0/hnf_cache_miss/|1000665600|100.00||
   119.118815562|368408||arm_cmn_1/hnf_cache_miss/|1000666600|100.00||
   120.120004780|685478||arm_cmn_0/hnf_cache_miss/|1001129520|100.00||
   120.120004780|364248||arm_cmn_1/hnf_cache_miss/|1001130320|100.00||
   121.121125918|674950||arm_cmn_0/hnf_cache_miss/|1001113160|100.00||
   121.121125918|355708||arm_cmn_1/hnf_cache_miss/|1001110320|100.00||
   122.122233456|675912||arm_cmn_0/hnf_cache_miss/|1001107160|100.00||
   122.122233456|364425||arm_cmn_1/hnf_cache_miss/|1001107400|100.00||
   123.122881554|679183||arm_cmn_0/hnf_cache_miss/|1000648400|100.00||
   123.122881554|366398||arm_cmn_1/hnf_cache_miss/|1000648440|100.00||
   124.124098812|690535||arm_cmn_0/hnf_cache_miss/|1001220400|100.00||
   124.124098812|364715||arm_cmn_1/hnf_cache_miss/|1001221480|100.00||
   125.125230590|692752||arm_cmn_0/hnf_cache_miss/|1001125920|100.00||
   125.125230590|359513||arm_cmn_1/hnf_cache_miss/|1001126000|100.00||
   126.126342088|684056||arm_cmn_0/hnf_cache_miss/|1001112160|100.00||
   126.126342088|361741||arm_cmn_1/hnf_cache_miss/|1001111560|100.00||
   127.126891185|679415||arm_cmn_0/hnf_cache_miss/|1000544760|100.00||
   127.126891185|363614||arm_cmn_1/hnf_cache_miss/|1000544200|100.00||
   128.127989003|674993||arm_cmn_0/hnf_cache_miss/|1001098720|100.00||
   128.127989003|365753||arm_cmn_1/hnf_cache_miss/|1001099240|100.00||
   129.129192981|777370||arm_cmn_0/hnf_cache_miss/|1001211200|100.00||
   129.129192981|433505||arm_cmn_1/hnf_cache_miss/|1001212440|100.00||
   130.130328559|672811||arm_cmn_0/hnf_cache_miss/|1001126320|100.00||
   130.130328559|358542||arm_cmn_1/hnf_cache_miss/|1001125000|100.00||
   131.130895257|682764||arm_cmn_0/hnf_cache_miss/|1000567400|100.00||
   131.130895257|366728||arm_cmn_1/hnf_cache_miss/|1000568080|100.00||
   132.132003675|680376||arm_cmn_0/hnf_cache_miss/|1001104680|100.00||
   132.132003675|362840||arm_cmn_1/hnf_cache_miss/|1001104520|100.00||
   133.133114293|836101||arm_cmn_0/hnf_cache_miss/|1001132160|100.00||
   133.133114293|373851||arm_cmn_1/hnf_cache_miss/|1001134360|100.00||
   134.134371311|687452||arm_cmn_0/hnf_cache_miss/|1001242280|100.00||
   134.134371311|368493||arm_cmn_1/hnf_cache_miss/|1001241040|100.00||
   135.134883848|683471||arm_cmn_0/hnf_cache_miss/|1000505360|100.00||
   135.134883848|361249||arm_cmn_1/hnf_cache_miss/|1000504480|100.00||
   136.136002106|687809||arm_cmn_0/hnf_cache_miss/|1001120040|100.00||
   136.136002106|367120||arm_cmn_1/hnf_cache_miss/|1001121400|100.00||
   137.137120084|721729||arm_cmn_0/hnf_cache_miss/|1001110600|100.00||
   137.137120084|375644||arm_cmn_1/hnf_cache_miss/|1001108960|100.00||
   138.138225262|712424||arm_cmn_0/hnf_cache_miss/|1001111400|100.00||
   138.138225262|374745||arm_cmn_1/hnf_cache_miss/|1001112640|100.00||
   139.138880839|719981||arm_cmn_0/hnf_cache_miss/|1000661040|100.00||
   139.138880839|381289||arm_cmn_1/hnf_cache_miss/|1000661920|100.00||
   140.140034697|688294||arm_cmn_0/hnf_cache_miss/|1001140200|100.00||
   140.140034697|362216||arm_cmn_1/hnf_cache_miss/|1001137640|100.00||
   141.141133115|692987||arm_cmn_0/hnf_cache_miss/|1001099200|100.00||
   141.141133115|367303||arm_cmn_1/hnf_cache_miss/|1001100480|100.00||
   142.142239453|681988||arm_cmn_0/hnf_cache_miss/|1001102280|100.00||
   142.142239453|363570||arm_cmn_1/hnf_cache_miss/|1001100720|100.00||
   143.142874391|692266||arm_cmn_0/hnf_cache_miss/|1000634760|100.00||
   143.142874391|367381||arm_cmn_1/hnf_cache_miss/|1000636120|100.00||
   144.144262729|677680||arm_cmn_0/hnf_cache_miss/|1001396080|100.00||
   144.144262729|358361||arm_cmn_1/hnf_cache_miss/|1001395960|100.00||
   145.145413427|675163||arm_cmn_0/hnf_cache_miss/|1001144200|100.00||
   145.145413427|364864||arm_cmn_1/hnf_cache_miss/|1001143040|100.00||
   146.146543005|675016||arm_cmn_0/hnf_cache_miss/|1001125520|100.00||
   146.146543005|362952||arm_cmn_1/hnf_cache_miss/|1001126480|100.00||
   147.146877822|665867||arm_cmn_0/hnf_cache_miss/|1000332520|100.00||
   147.146877822|364855||arm_cmn_1/hnf_cache_miss/|1000332600|100.00||
   148.147967920|656330||arm_cmn_0/hnf_cache_miss/|1001089280|100.00||
   148.147967920|358224||arm_cmn_1/hnf_cache_miss/|1001088920|100.00||
   149.149211618|668216||arm_cmn_0/hnf_cache_miss/|1001251240|100.00||
   149.149211618|361355||arm_cmn_1/hnf_cache_miss/|1001252280|100.00||
   150.150351636|673345||arm_cmn_0/hnf_cache_miss/|1001131240|100.00||
   150.150351636|364463||arm_cmn_1/hnf_cache_miss/|1001130200|100.00||
   151.150871573|672890||arm_cmn_0/hnf_cache_miss/|1000520360|100.00||
   151.150871573|365590||arm_cmn_1/hnf_cache_miss/|1000520360|100.00||
   152.151978471|655671||arm_cmn_0/hnf_cache_miss/|1001103720|100.00||
   152.151978471|361713||arm_cmn_1/hnf_cache_miss/|1001102920|100.00||
   153.153070809|646836||arm_cmn_0/hnf_cache_miss/|1001088240|100.00||
   153.153070809|354387||arm_cmn_1/hnf_cache_miss/|1001088800|100.00||
   154.154269906|678603||arm_cmn_0/hnf_cache_miss/|1001209200|100.00||
   154.154269906|368362||arm_cmn_1/hnf_cache_miss/|1001210720|100.00||
   155.154884244|668907||arm_cmn_0/hnf_cache_miss/|1000604640|100.00||
   155.154884244|362331||arm_cmn_1/hnf_cache_miss/|1000603240|100.00||
   156.155980382|674030||arm_cmn_0/hnf_cache_miss/|1001099040|100.00||
   156.155980382|365965||arm_cmn_1/hnf_cache_miss/|1001099520|100.00||
   157.157089240|665155||arm_cmn_0/hnf_cache_miss/|1001105040|100.00||
   157.157089240|362360||arm_cmn_1/hnf_cache_miss/|1001104680|100.00||
   158.158204737|648234||arm_cmn_0/hnf_cache_miss/|1001110560|100.00||
   158.158204737|354716||arm_cmn_1/hnf_cache_miss/|1001110640|100.00||
   159.158903075|673147||arm_cmn_0/hnf_cache_miss/|1000703200|100.00||
   159.158903075|363249||arm_cmn_1/hnf_cache_miss/|1000704120|100.00||
   160.160023053|677986||arm_cmn_0/hnf_cache_miss/|1001115840|100.00||
   160.160023053|363493||arm_cmn_1/hnf_cache_miss/|1001114000|100.00||
   161.161139591|665088||arm_cmn_0/hnf_cache_miss/|1001122720|100.00||
   161.161139591|360554||arm_cmn_1/hnf_cache_miss/|1001123160|100.00||
   162.162242008|668202||arm_cmn_0/hnf_cache_miss/|1001092680|100.00||
   162.162242008|358566||arm_cmn_1/hnf_cache_miss/|1001091960|100.00||
   163.162889586|662914||arm_cmn_0/hnf_cache_miss/|1000646880|100.00||
   163.162889586|357626||arm_cmn_1/hnf_cache_miss/|1000648280|100.00||
   164.164092884|691664||arm_cmn_0/hnf_cache_miss/|1001210840|100.00||
   164.164092884|371947||arm_cmn_1/hnf_cache_miss/|1001210400|100.00||
   165.165222061|675572||arm_cmn_0/hnf_cache_miss/|1001121600|100.00||
   165.165222061|360693||arm_cmn_1/hnf_cache_miss/|1001121400|100.00||
   166.166318559|686314||arm_cmn_0/hnf_cache_miss/|1001094840|100.00||
   166.166318559|363390||arm_cmn_1/hnf_cache_miss/|1001095320|100.00||
   167.166798216|668777||arm_cmn_0/hnf_cache_miss/|1000479240|100.00||
   167.166798216|356922||arm_cmn_1/hnf_cache_miss/|1000478640|100.00||
   168.167906914|686851||arm_cmn_0/hnf_cache_miss/|1001106760|100.00||
   168.167906914|365312||arm_cmn_1/hnf_cache_miss/|1001107360|100.00||
   169.169108812|685674||arm_cmn_0/hnf_cache_miss/|1001206240|100.00||
   169.169108812|365715||arm_cmn_1/hnf_cache_miss/|1001207600|100.00||
   170.170248470|694017||arm_cmn_0/hnf_cache_miss/|1001135840|100.00||
   170.170248470|367961||arm_cmn_1/hnf_cache_miss/|1001134800|100.00||
   171.170901327|667998||arm_cmn_0/hnf_cache_miss/|1000647840|100.00||
   171.170901327|362495||arm_cmn_1/hnf_cache_miss/|1000646920|100.00||
   172.171995105|671797||arm_cmn_0/hnf_cache_miss/|1001097280|100.00||
   172.171995105|357789||arm_cmn_1/hnf_cache_miss/|1001098000|100.00||
   173.173097723|674571||arm_cmn_0/hnf_cache_miss/|1001098560|100.00||
   173.173097723|364016||arm_cmn_1/hnf_cache_miss/|1001098200|100.00||
   174.174344781|695417||arm_cmn_0/hnf_cache_miss/|1001249840|100.00||
   174.174344781|370022||arm_cmn_1/hnf_cache_miss/|1001250920|100.00||
   175.174892558|683972||arm_cmn_0/hnf_cache_miss/|1000557760|100.00||
   175.174892558|366735||arm_cmn_1/hnf_cache_miss/|1000558160|100.00||
   176.176077496|666813||arm_cmn_0/hnf_cache_miss/|1001168240|100.00||
   176.176077496|358781||arm_cmn_1/hnf_cache_miss/|1001166840|100.00||
   177.177175194|666112||arm_cmn_0/hnf_cache_miss/|1001097080|100.00||
   177.177175194|360171||arm_cmn_1/hnf_cache_miss/|1001096720|100.00||
   178.178277931|673895||arm_cmn_0/hnf_cache_miss/|1001102000|100.00||
   178.178277931|368246||arm_cmn_1/hnf_cache_miss/|1001101560|100.00||
   179.178884909|678125||arm_cmn_0/hnf_cache_miss/|1000611160|100.00||
   179.178884909|363320||arm_cmn_1/hnf_cache_miss/|1000611880|100.00||
   180.180012086|671740||arm_cmn_0/hnf_cache_miss/|1001124280|100.00||
   180.180012086|367763||arm_cmn_1/hnf_cache_miss/|1001124560|100.00||
   181.181124944|667232||arm_cmn_0/hnf_cache_miss/|1001109160|100.00||
   181.181124944|354421||arm_cmn_1/hnf_cache_miss/|1001108400|100.00||
   182.182244042|675713||arm_cmn_0/hnf_cache_miss/|1001120080|100.00||
   182.182244042|368061||arm_cmn_1/hnf_cache_miss/|1001120080|100.00||
   183.182877539|676834||arm_cmn_0/hnf_cache_miss/|1000628320|100.00||
   183.182877539|366025||arm_cmn_1/hnf_cache_miss/|1000628400|100.00||
   184.184072717|691997||arm_cmn_0/hnf_cache_miss/|1001201880|100.00||
   184.184072717|372784||arm_cmn_1/hnf_cache_miss/|1001203400|100.00||
   185.185202815|667567||arm_cmn_0/hnf_cache_miss/|1001124120|100.00||
   185.185202815|356280||arm_cmn_1/hnf_cache_miss/|1001124040|100.00||
   186.186308153|697126||arm_cmn_0/hnf_cache_miss/|1001102160|100.00||
   186.186308153|365712||arm_cmn_1/hnf_cache_miss/|1001100480|100.00||
   187.186869770|676802||arm_cmn_0/hnf_cache_miss/|1000563280|100.00||
   187.186869770|364109||arm_cmn_1/hnf_cache_miss/|1000565360|100.00||
   188.187979828|683183||arm_cmn_0/hnf_cache_miss/|1001106120|100.00||
   188.187979828|368097||arm_cmn_1/hnf_cache_miss/|1001104240|100.00||
   189.189194085|802909||arm_cmn_0/hnf_cache_miss/|1001221240|100.00||
   189.189194085|420463||arm_cmn_1/hnf_cache_miss/|1001222120|100.00||
   190.190328503|678193||arm_cmn_0/hnf_cache_miss/|1001128320|100.00||
   190.190328503|361528||arm_cmn_1/hnf_cache_miss/|1001128040|100.00||
   191.190892880|675663||arm_cmn_0/hnf_cache_miss/|1000559400|100.00||
   191.190892880|362977||arm_cmn_1/hnf_cache_miss/|1000559600|100.00||
   192.191993578|680268||arm_cmn_0/hnf_cache_miss/|1001102880|100.00||
   192.191993578|368380||arm_cmn_1/hnf_cache_miss/|1001102840|100.00||
   193.193087036|680686||arm_cmn_0/hnf_cache_miss/|1001089320|100.00||
   193.193087036|366566||arm_cmn_1/hnf_cache_miss/|1001088320|100.00||
   194.194284773|692192||arm_cmn_0/hnf_cache_miss/|1001206120|100.00||
   194.194284773|372047||arm_cmn_1/hnf_cache_miss/|1001207400|100.00||
   195.194884271|667360||arm_cmn_0/hnf_cache_miss/|1000592080|100.00||
   195.194884271|357442||arm_cmn_1/hnf_cache_miss/|1000591360|100.00||
   196.195994648|683482||arm_cmn_0/hnf_cache_miss/|1001109040|100.00||
   196.195994648|367959||arm_cmn_1/hnf_cache_miss/|1001108760|100.00||
   197.197092546|668774||arm_cmn_0/hnf_cache_miss/|1001093680|100.00||
   197.197092546|363338||arm_cmn_1/hnf_cache_miss/|1001093360|100.00||
   198.198186084|675956||arm_cmn_0/hnf_cache_miss/|1001095480|100.00||
   198.198186084|365629||arm_cmn_1/hnf_cache_miss/|1001096000|100.00||
   199.198893301|658003||arm_cmn_0/hnf_cache_miss/|1000707840|100.00||
   199.198893301|356075||arm_cmn_1/hnf_cache_miss/|1000708640|100.00||
   200.200025719|675730||arm_cmn_0/hnf_cache_miss/|1001127480|100.00||
   200.200025719|367428||arm_cmn_1/hnf_cache_miss/|1001126160|100.00||
   201.201119496|670687||arm_cmn_0/hnf_cache_miss/|1001090560|100.00||
   201.201119496|362018||arm_cmn_1/hnf_cache_miss/|1001090600|100.00||
   202.202206074|675223||arm_cmn_0/hnf_cache_miss/|1001089240|100.00||
   202.202206074|368996||arm_cmn_1/hnf_cache_miss/|1001089440|100.00||
   203.202876611|678231||arm_cmn_0/hnf_cache_miss/|1000667560|100.00||
   203.202876611|361412||arm_cmn_1/hnf_cache_miss/|1000667360|100.00||
   204.204067349|670899||arm_cmn_0/hnf_cache_miss/|1001195600|100.00||
   204.204067349|359462||arm_cmn_1/hnf_cache_miss/|1001196280|100.00||
   205.205199967|680395||arm_cmn_0/hnf_cache_miss/|1001142160|100.00||
   205.205199967|369616||arm_cmn_1/hnf_cache_miss/|1001144320|100.00||
   206.206381905|679922||arm_cmn_0/hnf_cache_miss/|1001168200|100.00||
   206.206381905|365780||arm_cmn_1/hnf_cache_miss/|1001165880|100.00||
   207.206873202|672682||arm_cmn_0/hnf_cache_miss/|1000487440|100.00||
   207.206873202|365969||arm_cmn_1/hnf_cache_miss/|1000487000|100.00||
   208.207974339|668551||arm_cmn_0/hnf_cache_miss/|1001099400|100.00||
   208.207974339|361430||arm_cmn_1/hnf_cache_miss/|1001099360|100.00||
   209.209186277|672330||arm_cmn_0/hnf_cache_miss/|1001215800|100.00||
   209.209186277|356409||arm_cmn_1/hnf_cache_miss/|1001217120|100.00||
   210.210319895|683651||arm_cmn_0/hnf_cache_miss/|1001129320|100.00||
   210.210319895|368830||arm_cmn_1/hnf_cache_miss/|1001128640|100.00||
   211.210884712|674766||arm_cmn_0/hnf_cache_miss/|1000571040|100.00||
   211.210884712|360845||arm_cmn_1/hnf_cache_miss/|1000570400|100.00||
   212.212025929|680947||arm_cmn_0/hnf_cache_miss/|1001133720|100.00||
   212.212025929|369057||arm_cmn_1/hnf_cache_miss/|1001133880|100.00||
   213.213133027|664434||arm_cmn_0/hnf_cache_miss/|1001105640|100.00||
   213.213133027|357042||arm_cmn_1/hnf_cache_miss/|1001106160|100.00||
   214.214345165|688979||arm_cmn_0/hnf_cache_miss/|1001214720|100.00||
   214.214345165|366449||arm_cmn_1/hnf_cache_miss/|1001215320|100.00||
   215.214883302|677157||arm_cmn_0/hnf_cache_miss/|1000532520|100.00||
   215.214883302|366371||arm_cmn_1/hnf_cache_miss/|1000531600|100.00||
   216.215994759|673965||arm_cmn_0/hnf_cache_miss/|1001106320|100.00||
   216.215994759|369470||arm_cmn_1/hnf_cache_miss/|1001105880|100.00||
   217.217086737|666901||arm_cmn_0/hnf_cache_miss/|1001100200|100.00||
   217.217086737|364797||arm_cmn_1/hnf_cache_miss/|1001100600|100.00||
   218.218228755|664274||arm_cmn_0/hnf_cache_miss/|1001139480|100.00||
   218.218228755|357340||arm_cmn_1/hnf_cache_miss/|1001138920|100.00||
   219.218783292|654704||arm_cmn_0/hnf_cache_miss/|1000552720|100.00||
   219.218783292|364120||arm_cmn_1/hnf_cache_miss/|1000553720|100.00||
   220.219905469|679934||arm_cmn_0/hnf_cache_miss/|1001117680|100.00||
   220.219905469|368220||arm_cmn_1/hnf_cache_miss/|1001117240|100.00||
   221.221012167|674185||arm_cmn_0/hnf_cache_miss/|1001102400|100.00||
   221.221012167|363112||arm_cmn_1/hnf_cache_miss/|1001102920|100.00||
   222.222102665|667203||arm_cmn_0/hnf_cache_miss/|1001091400|100.00||
   222.222102665|358378||arm_cmn_1/hnf_cache_miss/|1001090440|100.00||
   223.222871562|679937||arm_cmn_0/hnf_cache_miss/|1000770000|100.00||
   223.222871562|363264||arm_cmn_1/hnf_cache_miss/|1000770360|100.00||
   224.224073620|680059||arm_cmn_0/hnf_cache_miss/|1001204280|100.00||
   224.224073620|370673||arm_cmn_1/hnf_cache_miss/|1001204160|100.00||
   225.225195437|678734||arm_cmn_0/hnf_cache_miss/|1001120080|100.00||
   225.225195437|367090||arm_cmn_1/hnf_cache_miss/|1001121640|100.00||
   226.226307175|684906||arm_cmn_0/hnf_cache_miss/|1001105600|100.00||
   226.226307175|368863||arm_cmn_1/hnf_cache_miss/|1001103880|100.00||
   227.226812592|667835||arm_cmn_0/hnf_cache_miss/|1000506320|100.00||
   227.226812592|356643||arm_cmn_1/hnf_cache_miss/|1000506680|100.00||
   228.227911609|687118||arm_cmn_0/hnf_cache_miss/|1001102280|100.00||
   228.227911609|367404||arm_cmn_1/hnf_cache_miss/|1001102280|100.00||
   229.229110427|678153||arm_cmn_0/hnf_cache_miss/|1001196600|100.00||
   229.229110427|364531||arm_cmn_1/hnf_cache_miss/|1001198040|100.00||
   230.230245925|682273||arm_cmn_0/hnf_cache_miss/|1001133760|100.00||
   230.230245925|369443||arm_cmn_1/hnf_cache_miss/|1001132440|100.00||
   231.230897342|657547||arm_cmn_0/hnf_cache_miss/|1000644720|100.00||
   231.230897342|361621||arm_cmn_1/hnf_cache_miss/|1000644600|100.00||
   232.232003839|670859||arm_cmn_0/hnf_cache_miss/|1001108320|100.00||
   232.232003839|358155||arm_cmn_1/hnf_cache_miss/|1001108080|100.00||
   233.233098057|678280||arm_cmn_0/hnf_cache_miss/|1001098360|100.00||
   233.233098057|366197||arm_cmn_1/hnf_cache_miss/|1001099200|100.00||
   234.234321675|694151||arm_cmn_0/hnf_cache_miss/|1001225600|100.00||
   234.234321675|371916||arm_cmn_1/hnf_cache_miss/|1001226200|100.00||
   235.234860412|679657||arm_cmn_0/hnf_cache_miss/|1000532120|100.00||
   235.234860412|366600||arm_cmn_1/hnf_cache_miss/|1000531160|100.00||
   236.235985869|689611||arm_cmn_0/hnf_cache_miss/|1001124640|100.00||
   236.235985869|364762||arm_cmn_1/hnf_cache_miss/|1001125280|100.00||
   237.237085647|680494||arm_cmn_0/hnf_cache_miss/|1001095160|100.00||
   237.237085647|365443||arm_cmn_1/hnf_cache_miss/|1001094600|100.00||
   238.238177464|695253||arm_cmn_0/hnf_cache_miss/|1001096160|100.00||
   238.238177464|373782||arm_cmn_1/hnf_cache_miss/|1001097520|100.00||
   239.238826081|681985||arm_cmn_0/hnf_cache_miss/|1000648680|100.00||
   239.238826081|370917||arm_cmn_1/hnf_cache_miss/|1000648160|100.00||
   240.239959739|707422||arm_cmn_0/hnf_cache_miss/|1001133280|100.00||
   240.239959739|393106||arm_cmn_1/hnf_cache_miss/|1001133600|100.00||
   241.241080916|665691||arm_cmn_0/hnf_cache_miss/|1001114080|100.00||
   241.241080916|357101||arm_cmn_1/hnf_cache_miss/|1001113560|100.00||
   242.242176454|684627||arm_cmn_0/hnf_cache_miss/|1001095440|100.00||
   242.242176454|370368||arm_cmn_1/hnf_cache_miss/|1001094720|100.00||
   243.242755071|676804||arm_cmn_0/hnf_cache_miss/|1000587240|100.00||
   243.242755071|367549||arm_cmn_1/hnf_cache_miss/|1000587800|100.00||
   244.244133929|693332||arm_cmn_0/hnf_cache_miss/|1001372840|100.00||
   244.244133929|373373||arm_cmn_1/hnf_cache_miss/|1001374160|100.00||
   245.245264746|668168||arm_cmn_0/hnf_cache_miss/|1001125120|100.00||
   245.245264746|361680||arm_cmn_1/hnf_cache_miss/|1001123400|100.00||
   246.246382164|686710||arm_cmn_0/hnf_cache_miss/|1001115840|100.00||
   246.246382164|368410||arm_cmn_1/hnf_cache_miss/|1001115680|100.00||
   247.246853821|682869||arm_cmn_0/hnf_cache_miss/|1000470160|100.00||
   247.246853821|364774||arm_cmn_1/hnf_cache_miss/|1000469440|100.00||
   248.247944518|697325||arm_cmn_0/hnf_cache_miss/|1001092160|100.00||
   248.247944518|370184||arm_cmn_1/hnf_cache_miss/|1001093800|100.00||
   249.249164376|883398||arm_cmn_0/hnf_cache_miss/|1001226600|100.00||
   249.249164376|476586||arm_cmn_1/hnf_cache_miss/|1001227480|100.00||
   250.250305993|666510||arm_cmn_0/hnf_cache_miss/|1001130800|100.00||
   250.250305993|363567||arm_cmn_1/hnf_cache_miss/|1001128680|100.00||
   251.250896650|682935||arm_cmn_0/hnf_cache_miss/|1000588040|100.00||
   251.250896650|367758||arm_cmn_1/hnf_cache_miss/|1000589000|100.00||
   252.252016948|677282||arm_cmn_0/hnf_cache_miss/|1001116160|100.00||
   252.252016948|368344||arm_cmn_1/hnf_cache_miss/|1001114680|100.00||
   253.253110285|673684||arm_cmn_0/hnf_cache_miss/|1001096880|100.00||
   253.253110285|367809||arm_cmn_1/hnf_cache_miss/|1001097920|100.00||
   254.254355983|692051||arm_cmn_0/hnf_cache_miss/|1001250200|100.00||
   254.254355983|371430||arm_cmn_1/hnf_cache_miss/|1001251520|100.00||
   255.254866000|672897||arm_cmn_0/hnf_cache_miss/|1000503560|100.00||
   255.254866000|355552||arm_cmn_1/hnf_cache_miss/|1000502680|100.00||
   256.255983817|683975||arm_cmn_0/hnf_cache_miss/|1001115720|100.00||
   256.255983817|372493||arm_cmn_1/hnf_cache_miss/|1001115520|100.00||
   257.257090955|664843||arm_cmn_0/hnf_cache_miss/|1001103720|100.00||
   257.257090955|365507||arm_cmn_1/hnf_cache_miss/|1001102720|100.00||
   258.258192652|682164||arm_cmn_0/hnf_cache_miss/|1001104080|100.00||
   258.258192652|370338||arm_cmn_1/hnf_cache_miss/|1001105160|100.00||
   259.258889030|663778||arm_cmn_0/hnf_cache_miss/|1000698880|100.00||
   259.258889030|358090||arm_cmn_1/hnf_cache_miss/|1000700080|100.00||
   260.260025047|683374||arm_cmn_0/hnf_cache_miss/|1001125840|100.00||
   260.260025047|368302||arm_cmn_1/hnf_cache_miss/|1001124120|100.00||
   261.261132345|680379||arm_cmn_0/hnf_cache_miss/|1001111000|100.00||
   261.261132345|367592||arm_cmn_1/hnf_cache_miss/|1001111200|100.00||
   262.262236842|679553||arm_cmn_0/hnf_cache_miss/|1001102680|100.00||
   262.262236842|368990||arm_cmn_1/hnf_cache_miss/|1001103000|100.00||
   263.262873779|668981||arm_cmn_0/hnf_cache_miss/|1000633760|100.00||
   263.262873779|363642||arm_cmn_1/hnf_cache_miss/|1000632920|100.00||
   264.264069557|671644||arm_cmn_0/hnf_cache_miss/|1001203680|100.00||
   264.264069557|361749||arm_cmn_1/hnf_cache_miss/|1001204680|100.00||
   265.265194454|678605||arm_cmn_0/hnf_cache_miss/|1001116840|100.00||
   265.265194454|364152||arm_cmn_1/hnf_cache_miss/|1001116720|100.00||
   266.266302151|692728||arm_cmn_0/hnf_cache_miss/|1001106640|100.00||
   266.266302151|369328||arm_cmn_1/hnf_cache_miss/|1001106080|100.00||
   267.266861208|677518||arm_cmn_0/hnf_cache_miss/|1000557720|100.00||
   267.266861208|365266||arm_cmn_1/hnf_cache_miss/|1000557800|100.00||
   268.267957586|675335||arm_cmn_0/hnf_cache_miss/|1001092480|100.00||
   268.267957586|363725||arm_cmn_1/hnf_cache_miss/|1001092040|100.00||
   269.269134003|686816||arm_cmn_0/hnf_cache_miss/|1001186360|100.00||
   269.269134003|356939||arm_cmn_1/hnf_cache_miss/|1001188200|100.00||
   270.270272381|680235||arm_cmn_0/hnf_cache_miss/|1001130880|100.00||
   270.270272381|369999||arm_cmn_1/hnf_cache_miss/|1001129160|100.00||
   271.270891118|681902||arm_cmn_0/hnf_cache_miss/|1000617000|100.00||
   271.270891118|367247||arm_cmn_1/hnf_cache_miss/|1000617600|100.00||
   272.271994775|685419||arm_cmn_0/hnf_cache_miss/|1001098440|100.00||
   272.271994775|365677||arm_cmn_1/hnf_cache_miss/|1001097720|100.00||
   273.273084993|659176||arm_cmn_0/hnf_cache_miss/|1001089840|100.00||
   273.273084993|355670||arm_cmn_1/hnf_cache_miss/|1001089640|100.00||
   274.274274610|694205||arm_cmn_0/hnf_cache_miss/|1001200720|100.00||
   274.274274610|370639||arm_cmn_1/hnf_cache_miss/|1001202400|100.00||
   275.274852947|678275||arm_cmn_0/hnf_cache_miss/|1000566360|100.00||
   275.274852947|365058||arm_cmn_1/hnf_cache_miss/|1000564880|100.00||
   276.275962044|683789||arm_cmn_0/hnf_cache_miss/|1001112280|100.00||
   276.275962044|372057||arm_cmn_1/hnf_cache_miss/|1001112920|100.00||
   277.277067222|671405||arm_cmn_0/hnf_cache_miss/|1001099440|100.00||
   277.277067222|362854||arm_cmn_1/hnf_cache_miss/|1001098920|100.00||
   278.278167759|666006||arm_cmn_0/hnf_cache_miss/|1001101160|100.00||
   278.278167759|357254||arm_cmn_1/hnf_cache_miss/|1001101360|100.00||
   279.278867456|678173||arm_cmn_0/hnf_cache_miss/|1000707960|100.00||
   279.278867456|364967||arm_cmn_1/hnf_cache_miss/|1000710440|100.00||
   280.280002994|681156||arm_cmn_0/hnf_cache_miss/|1001125760|100.00||
   280.280002994|371595||arm_cmn_1/hnf_cache_miss/|1001122920|100.00||
   281.281117691|673122||arm_cmn_0/hnf_cache_miss/|1001113960|100.00||
   281.281117691|364899||arm_cmn_1/hnf_cache_miss/|1001114760|100.00||
   282.282216989|667319||arm_cmn_0/hnf_cache_miss/|1001098480|100.00||
   282.282216989|361533||arm_cmn_1/hnf_cache_miss/|1001097520|100.00||
   283.282888006|765197||arm_cmn_0/hnf_cache_miss/|1000668440|100.00||
   283.282888006|362391||arm_cmn_1/hnf_cache_miss/|1000669280|100.00||
   284.284100903|705235||arm_cmn_0/hnf_cache_miss/|1001220600|100.00||
   284.284100903|372223||arm_cmn_1/hnf_cache_miss/|1001221000|100.00||
   285.285227720|690020||arm_cmn_0/hnf_cache_miss/|1001120880|100.00||
   285.285227720|365832||arm_cmn_1/hnf_cache_miss/|1001119840|100.00||
   286.286329258|685177||arm_cmn_0/hnf_cache_miss/|1001098520|100.00||
   286.286329258|369919||arm_cmn_1/hnf_cache_miss/|1001098440|100.00||
   287.286861995|672967||arm_cmn_0/hnf_cache_miss/|1000529960|100.00||
   287.286861995|356373||arm_cmn_1/hnf_cache_miss/|1000529960|100.00||
   288.287958372|690828||arm_cmn_0/hnf_cache_miss/|1001099160|100.00||
   288.287958372|366483||arm_cmn_1/hnf_cache_miss/|1001099640|100.00||
   289.289152230|682833||arm_cmn_0/hnf_cache_miss/|1001196120|100.00||
   289.289152230|365415||arm_cmn_1/hnf_cache_miss/|1001196960|100.00||
   290.290289727|683055||arm_cmn_0/hnf_cache_miss/|1001133480|100.00||
   290.290289727|369102||arm_cmn_1/hnf_cache_miss/|1001133040|100.00||
   291.290892224|666665||arm_cmn_0/hnf_cache_miss/|1000594600|100.00||
   291.290892224|360876||arm_cmn_1/hnf_cache_miss/|1000594040|100.00||
   292.291989961|677631||arm_cmn_0/hnf_cache_miss/|1001098280|100.00||
   292.291989961|359217||arm_cmn_1/hnf_cache_miss/|1001098480|100.00||
   293.293088219|687240||arm_cmn_0/hnf_cache_miss/|1001100840|100.00||
   293.293088219|365844||arm_cmn_1/hnf_cache_miss/|1001100240|100.00||
   294.294315356|688449||arm_cmn_0/hnf_cache_miss/|1001230200|100.00||
   294.294315356|369314||arm_cmn_1/hnf_cache_miss/|1001232000|100.00||
   295.294802133|669246||arm_cmn_0/hnf_cache_miss/|1000480840|100.00||
   295.294802133|363776||arm_cmn_1/hnf_cache_miss/|1000479480|100.00||
   296.295911230|662012||arm_cmn_0/hnf_cache_miss/|1001104400|100.00||
   296.295911230|358644||arm_cmn_1/hnf_cache_miss/|1001103680|100.00||
   297.296996448|674745||arm_cmn_0/hnf_cache_miss/|1001087240|100.00||
   297.296996448|363128||arm_cmn_1/hnf_cache_miss/|1001087440|100.00||
   298.298095305|680769||arm_cmn_0/hnf_cache_miss/|1001094480|100.00||
   298.298095305|368269||arm_cmn_1/hnf_cache_miss/|1001094880|100.00||
   299.298878682|679775||arm_cmn_0/hnf_cache_miss/|1000791520|100.00||
   299.298878682|369398||arm_cmn_1/hnf_cache_miss/|1000792680|100.00||
   300.300001939|670461||arm_cmn_0/hnf_cache_miss/|1001116520|100.00||
   300.300001939|363104||arm_cmn_1/hnf_cache_miss/|1001115640|100.00||
   301.301102997|665109||arm_cmn_0/hnf_cache_miss/|1001098280|100.00||
   301.301102997|355167||arm_cmn_1/hnf_cache_miss/|1001097680|100.00||
   302.302195894|676412||arm_cmn_0/hnf_cache_miss/|1001091720|100.00||
   302.302195894|365416||arm_cmn_1/hnf_cache_miss/|1001091960|100.00||
   303.302864191|678469||arm_cmn_0/hnf_cache_miss/|1000667680|100.00||
   303.302864191|366100||arm_cmn_1/hnf_cache_miss/|1000668120|100.00||
   304.304077048|681898||arm_cmn_0/hnf_cache_miss/|1001224560|100.00||
   304.304077048|367248||arm_cmn_1/hnf_cache_miss/|1001225280|100.00||
   305.305230546|671101||arm_cmn_0/hnf_cache_miss/|1001141760|100.00||
   305.305230546|360212||arm_cmn_1/hnf_cache_miss/|1001141400|100.00||
   306.306332683|679007||arm_cmn_0/hnf_cache_miss/|1001102000|100.00||
   306.306332683|358271||arm_cmn_1/hnf_cache_miss/|1001101600|100.00||
   307.306883100|691998||arm_cmn_0/hnf_cache_miss/|1000547120|100.00||
   307.306883100|367400||arm_cmn_1/hnf_cache_miss/|1000546160|100.00||
   308.307978797|682732||arm_cmn_0/hnf_cache_miss/|1001092680|100.00||
   308.307978797|361840||arm_cmn_1/hnf_cache_miss/|1001092880|100.00||
   309.309166295|801650||arm_cmn_0/hnf_cache_miss/|1001197600|100.00||
   309.309166295|439857||arm_cmn_1/hnf_cache_miss/|1001199800|100.00||
   310.310300592|683873||arm_cmn_0/hnf_cache_miss/|1001123080|100.00||
   310.310300592|363926||arm_cmn_1/hnf_cache_miss/|1001120960|100.00||
   311.310885689|683022||arm_cmn_0/hnf_cache_miss/|1000587440|100.00||
   311.310885689|366403||arm_cmn_1/hnf_cache_miss/|1000587400|100.00||
   312.311981666|675634||arm_cmn_0/hnf_cache_miss/|1001093520|100.00||
   312.311981666|365507||arm_cmn_1/hnf_cache_miss/|1001093800|100.00||
   313.313082763|684282||arm_cmn_0/hnf_cache_miss/|1001100680|100.00||
   313.313082763|369309||arm_cmn_1/hnf_cache_miss/|1001100480|100.00||
   314.314269141|675281||arm_cmn_0/hnf_cache_miss/|1001189200|100.00||
   314.314269141|369541||arm_cmn_1/hnf_cache_miss/|1001189400|100.00||
   315.314883877|677093||arm_cmn_0/hnf_cache_miss/|1000613200|100.00||
   315.314883877|359675||arm_cmn_1/hnf_cache_miss/|1000613160|100.00||
   316.316006135|685375||arm_cmn_0/hnf_cache_miss/|1001116760|100.00||
   316.316006135|366113||arm_cmn_1/hnf_cache_miss/|1001117160|100.00||
   317.317113912|686393||arm_cmn_0/hnf_cache_miss/|1001109440|100.00||
   317.317113912|369677||arm_cmn_1/hnf_cache_miss/|1001108960|100.00||
   318.318221289|684757||arm_cmn_0/hnf_cache_miss/|1001104120|100.00||
   318.318221289|364927||arm_cmn_1/hnf_cache_miss/|1001104000|100.00||
   319.318898386|673728||arm_cmn_0/hnf_cache_miss/|1000680560|100.00||
   319.318898386|360534||arm_cmn_1/hnf_cache_miss/|1000681280|100.00||
   320.320027924|677790||arm_cmn_0/hnf_cache_miss/|1001123880|100.00||
   320.320027924|365075||arm_cmn_1/hnf_cache_miss/|1001123920|100.00||
   321.321132021|690150||arm_cmn_0/hnf_cache_miss/|1001098920|100.00||
   321.321132021|372002||arm_cmn_1/hnf_cache_miss/|1001098760|100.00||
   322.322227758|686213||arm_cmn_0/hnf_cache_miss/|1001110200|100.00||
   322.322227758|367730||arm_cmn_1/hnf_cache_miss/|1001111440|100.00||
   323.322896655|686042||arm_cmn_0/hnf_cache_miss/|1000656680|100.00||
   323.322896655|368773||arm_cmn_1/hnf_cache_miss/|1000655160|100.00||
   324.324106512|671091||arm_cmn_0/hnf_cache_miss/|1001213520|100.00||
   324.324106512|358161||arm_cmn_1/hnf_cache_miss/|1001213120|100.00||
   325.325229450|704257||arm_cmn_0/hnf_cache_miss/|1001122640|100.00||
   325.325229450|370162||arm_cmn_1/hnf_cache_miss/|1001122960|100.00||
   326.326348547|672060||arm_cmn_0/hnf_cache_miss/|1001112440|100.00||
   326.326348547|365622||arm_cmn_1/hnf_cache_miss/|1001112320|100.00||
   327.326874044|676986||arm_cmn_0/hnf_cache_miss/|1000524600|100.00||
   327.326874044|372496||arm_cmn_1/hnf_cache_miss/|1000524760|100.00||
   328.327975661|670527||arm_cmn_0/hnf_cache_miss/|1001101920|100.00||
   328.327975661|363868||arm_cmn_1/hnf_cache_miss/|1001102560|100.00||
   329.329178598|687341||arm_cmn_0/hnf_cache_miss/|1001204600|100.00||
   329.329178598|359694||arm_cmn_1/hnf_cache_miss/|1001204960|100.00||
   330.330306216|682506||arm_cmn_0/hnf_cache_miss/|1001127880|100.00||
   330.330306216|364952||arm_cmn_1/hnf_cache_miss/|1001127120|100.00||
   331.330880992|691582||arm_cmn_0/hnf_cache_miss/|1000567400|100.00||
   331.330880992|369401||arm_cmn_1/hnf_cache_miss/|1000566680|100.00||
   332.331981530|680968||arm_cmn_0/hnf_cache_miss/|1001098360|100.00||
   332.331981530|364652||arm_cmn_1/hnf_cache_miss/|1001099040|100.00||
   333.333079227|662446||arm_cmn_0/hnf_cache_miss/|1001099720|100.00||
   333.333079227|360768||arm_cmn_1/hnf_cache_miss/|1001099840|100.00||
   334.334276324|699654||arm_cmn_0/hnf_cache_miss/|1001200720|100.00||
   334.334276324|368039||arm_cmn_1/hnf_cache_miss/|1001201080|100.00||
   335.334884061|688937||arm_cmn_0/hnf_cache_miss/|1000602800|100.00||
   335.334884061|371524||arm_cmn_1/hnf_cache_miss/|1000602800|100.00||
   336.335993198|674622||arm_cmn_0/hnf_cache_miss/|1001107200|100.00||
   336.335993198|363991||arm_cmn_1/hnf_cache_miss/|1001106800|100.00||
   337.337088375|673876||arm_cmn_0/hnf_cache_miss/|1001090080|100.00||
   337.337088375|369907||arm_cmn_1/hnf_cache_miss/|1001089720|100.00||
   338.338184433|662021||arm_cmn_0/hnf_cache_miss/|1001097360|100.00||
   338.338184433|355401||arm_cmn_1/hnf_cache_miss/|1001097160|100.00||
   339.338877889|685699||arm_cmn_0/hnf_cache_miss/|1000696640|100.00||
   339.338877889|366138||arm_cmn_1/hnf_cache_miss/|1000697240|100.00||
   340.340002987|681525||arm_cmn_0/hnf_cache_miss/|1001123800|100.00||
   340.340002987|367104||arm_cmn_1/hnf_cache_miss/|1001124440|100.00||
   341.341125124|675240||arm_cmn_0/hnf_cache_miss/|1001114880|100.00||
   341.341125124|364304||arm_cmn_1/hnf_cache_miss/|1001113960|100.00||
   342.342226021|656693||arm_cmn_0/hnf_cache_miss/|1001100800|100.00||
   342.342226021|355630||arm_cmn_1/hnf_cache_miss/|1001100080|100.00||
   343.342832878|683031||arm_cmn_0/hnf_cache_miss/|1000642400|100.00||
   343.342832878|366136||arm_cmn_1/hnf_cache_miss/|1000642960|100.00||
   344.344068135|679596||arm_cmn_0/hnf_cache_miss/|1001203080|100.00||
   344.344068135|364197||arm_cmn_1/hnf_cache_miss/|1001204400|100.00||
   345.345186593|692298||arm_cmn_0/hnf_cache_miss/|1001113040|100.00||
   345.345186593|368152||arm_cmn_1/hnf_cache_miss/|1001112040|100.00||
   346.346287810|671426||arm_cmn_0/hnf_cache_miss/|1001099520|100.00||
   346.346287810|362587||arm_cmn_1/hnf_cache_miss/|1001099480|100.00||
   347.346820226|669131||arm_cmn_0/hnf_cache_miss/|1000532480|100.00||
   347.346820226|355857||arm_cmn_1/hnf_cache_miss/|1000532240|100.00||
   348.347928284|678203||arm_cmn_0/hnf_cache_miss/|1001106400|100.00||
   348.347928284|361820||arm_cmn_1/hnf_cache_miss/|1001106240|100.00||
   349.349123261|686073||arm_cmn_0/hnf_cache_miss/|1001196880|100.00||
   349.349123261|368695||arm_cmn_1/hnf_cache_miss/|1001197840|100.00||
   350.350250838|690447||arm_cmn_0/hnf_cache_miss/|1001124520|100.00||
   350.350250838|364739||arm_cmn_1/hnf_cache_miss/|1001124240|100.00||
   351.350901015|680157||arm_cmn_0/hnf_cache_miss/|1000645400|100.00||
   351.350901015|364679||arm_cmn_1/hnf_cache_miss/|1000644560|100.00||
   352.351991912|685884||arm_cmn_0/hnf_cache_miss/|1001091640|100.00||
   352.351991912|354529||arm_cmn_1/hnf_cache_miss/|1001093000|100.00||
   353.353099849|687909||arm_cmn_0/hnf_cache_miss/|1001107400|100.00||
   353.353099849|368817||arm_cmn_1/hnf_cache_miss/|1001106960|100.00||
   354.354320827|688506||arm_cmn_0/hnf_cache_miss/|1001223640|100.00||
   354.354320827|364817||arm_cmn_1/hnf_cache_miss/|1001223440|100.00||
   355.354887603|689775||arm_cmn_0/hnf_cache_miss/|1000560800|100.00||
   355.354887603|368074||arm_cmn_1/hnf_cache_miss/|1000560760|100.00||
   356.355987220|664039||arm_cmn_0/hnf_cache_miss/|1001098960|100.00||
   356.355987220|354792||arm_cmn_1/hnf_cache_miss/|1001098720|100.00||
   357.357080558|674773||arm_cmn_0/hnf_cache_miss/|1001088600|100.00||
   357.357080558|362305||arm_cmn_1/hnf_cache_miss/|1001088160|100.00||
   358.358166535|685205||arm_cmn_0/hnf_cache_miss/|1001090440|100.00||
   358.358166535|366207||arm_cmn_1/hnf_cache_miss/|1001091120|100.00||
   359.358871472|681533||arm_cmn_0/hnf_cache_miss/|1000705920|100.00||
   359.358871472|365011||arm_cmn_1/hnf_cache_miss/|1000706360|100.00||
   360.359994129|668927||arm_cmn_0/hnf_cache_miss/|1001117600|100.00||
   360.359994129|364426||arm_cmn_1/hnf_cache_miss/|1001116760|100.00||
   361.361093346|676332||arm_cmn_0/hnf_cache_miss/|1001101320|100.00||
   361.361093346|356347||arm_cmn_1/hnf_cache_miss/|1001101280|100.00||
   362.362192243|670562||arm_cmn_0/hnf_cache_miss/|1001093040|100.00||
   362.362192243|359555||arm_cmn_1/hnf_cache_miss/|1001092840|100.00||
   363.362815340|684427||arm_cmn_0/hnf_cache_miss/|1000626920|100.00||
   363.362815340|369455||arm_cmn_1/hnf_cache_miss/|1000627120|100.00||
   364.364015837|685369||arm_cmn_0/hnf_cache_miss/|1001203400|100.00||
   364.364015837|370509||arm_cmn_1/hnf_cache_miss/|1001204080|100.00||
   365.365154934|674798||arm_cmn_0/hnf_cache_miss/|1001132320|100.00||
   365.365154934|360452||arm_cmn_1/hnf_cache_miss/|1001132720|100.00||
   366.366262191|679849||arm_cmn_0/hnf_cache_miss/|1001109560|100.00||
   366.366262191|358052||arm_cmn_1/hnf_cache_miss/|1001108800|100.00||
   367.366821808|686426||arm_cmn_0/hnf_cache_miss/|1000561400|100.00||
   367.366821808|369863||arm_cmn_1/hnf_cache_miss/|1000561080|100.00||
   368.367927985|686179||arm_cmn_0/hnf_cache_miss/|1001098640|100.00||
   368.367927985|363959||arm_cmn_1/hnf_cache_miss/|1001099480|100.00||
   369.369127882|830226||arm_cmn_0/hnf_cache_miss/|1001206560|100.00||
   369.369127882|451764||arm_cmn_1/hnf_cache_miss/|1001207160|100.00||
   370.370262140|813433||arm_cmn_0/hnf_cache_miss/|1001138200|100.00||
   370.370262140|458478||arm_cmn_1/hnf_cache_miss/|1001137720|100.00||
   371.370887556|808726||arm_cmn_0/hnf_cache_miss/|1000626440|100.00||
   371.370887556|458019||arm_cmn_1/hnf_cache_miss/|1000626600|100.00||
   372.372018694|789865||arm_cmn_0/hnf_cache_miss/|1001126520|100.00||
   372.372018694|450016||arm_cmn_1/hnf_cache_miss/|1001125600|100.00||
   373.373127671|857483||arm_cmn_0/hnf_cache_miss/|1001108080|100.00||
   373.373127671|481538||arm_cmn_1/hnf_cache_miss/|1001108760|100.00||
   374.374515648|1085428||arm_cmn_0/hnf_cache_miss/|1001412280|100.00||
   374.374515648|639368||arm_cmn_1/hnf_cache_miss/|1001414600|100.00||
   375.374755424|912138||arm_cmn_0/hnf_cache_miss/|1000221080|100.00||
   375.374755424|538582||arm_cmn_1/hnf_cache_miss/|1000219080|100.00||
   376.375920842|815609||arm_cmn_0/hnf_cache_miss/|1001156880|100.00||
   376.375920842|494685||arm_cmn_1/hnf_cache_miss/|1001156840|100.00||
   377.377044459|708014||arm_cmn_0/hnf_cache_miss/|1001120080|100.00||
   377.377044459|403430||arm_cmn_1/hnf_cache_miss/|1001119800|100.00||
   378.378156596|763246||arm_cmn_0/hnf_cache_miss/|1001115000|100.00||
   378.378156596|456925||arm_cmn_1/hnf_cache_miss/|1001114240|100.00||
   379.378723292|698676||arm_cmn_0/hnf_cache_miss/|1000570840|100.00||
   379.378723292|369233||arm_cmn_1/hnf_cache_miss/|1000573320|100.00||
   380.379896510|596730||arm_cmn_0/hnf_cache_miss/|1001210680|100.00||
   380.379896510|320393||arm_cmn_1/hnf_cache_miss/|1001210680|100.00||
   381.381149207|470339||arm_cmn_0/hnf_cache_miss/|1001257080|100.00||
   381.381149207|286695||arm_cmn_1/hnf_cache_miss/|1001257240|100.00||
   382.382346704|476524||arm_cmn_0/hnf_cache_miss/|1001189880|100.00||
   382.382346704|286591||arm_cmn_1/hnf_cache_miss/|1001189360|100.00||
   383.383545481|565515||arm_cmn_0/hnf_cache_miss/|1001240080|100.00||
   383.383545481|365913||arm_cmn_1/hnf_cache_miss/|1001243160|100.00||
   384.385210419|483261||arm_cmn_0/hnf_cache_miss/|1001635160|100.00||
   384.385210419|287383||arm_cmn_1/hnf_cache_miss/|1001632200|100.00||
   385.386439476|465801||arm_cmn_0/hnf_cache_miss/|1001205680|100.00||
   385.386439476|283665||arm_cmn_1/hnf_cache_miss/|1001205040|100.00||
   386.387617774|469097||arm_cmn_0/hnf_cache_miss/|1001175600|100.00||
   386.387617774|282373||arm_cmn_1/hnf_cache_miss/|1001176040|100.00||
   387.388802191|543910||arm_cmn_0/hnf_cache_miss/|1001189400|100.00||
   387.388802191|352704||arm_cmn_1/hnf_cache_miss/|1001188480|100.00||
   388.389977608|474490||arm_cmn_0/hnf_cache_miss/|1001181960|100.00||
   388.389977608|283017||arm_cmn_1/hnf_cache_miss/|1001182120|100.00||
   389.391309465|473063||arm_cmn_0/hnf_cache_miss/|1001332080|100.00||
   389.391309465|285112||arm_cmn_1/hnf_cache_miss/|1001334200|100.00||
   390.392521283|459918||arm_cmn_0/hnf_cache_miss/|1001191360|100.00||
   390.392521283|277686||arm_cmn_1/hnf_cache_miss/|1001189640|100.00||
   391.393704580|548991||arm_cmn_0/hnf_cache_miss/|1001242800|100.00||
   391.393704580|354252||arm_cmn_1/hnf_cache_miss/|1001245080|100.00||
   392.394978637|468662||arm_cmn_0/hnf_cache_miss/|1001246400|100.00||
   392.394978637|281530||arm_cmn_1/hnf_cache_miss/|1001247400|100.00||
   393.396225654|469221||arm_cmn_0/hnf_cache_miss/|1001244920|100.00||
   393.396225654|285436||arm_cmn_1/hnf_cache_miss/|1001243440|100.00||
   394.397631872|480150||arm_cmn_0/hnf_cache_miss/|1001390240|100.00||
   394.397631872|285945||arm_cmn_1/hnf_cache_miss/|1001389160|100.00||
   394.820207798|277459||arm_cmn_0/hnf_cache_miss/|422579160|100.00||
   394.820207798|193005||arm_cmn_1/hnf_cache_miss/|422578320|100.00||
